family,seed,n_hosts,nodes,edges,baseline_residual,baseline_min_cost,min_cut,chokepoints,linchpin_disc,linchpin_resid,linchpin_cost,linchpin_gain,linchpin_ms,linchpin_top1,greedy_disc,greedy_resid,greedy_cost,greedy_gain,greedy_ms,milp_interdiction_disc,milp_interdiction_resid,milp_interdiction_cost,milp_interdiction_gain,milp_interdiction_ms,greedy_interdiction_disc,greedy_interdiction_resid,greedy_interdiction_cost,greedy_interdiction_gain,greedy_interdiction_ms,cvss_disc,cvss_resid,cvss_cost,cvss_gain,cvss_ms,cvss_reach_disc,cvss_reach_resid,cvss_reach_cost,cvss_reach_gain,cvss_reach_ms,epss_disc,epss_resid,epss_cost,epss_gain,epss_ms,epss_reach_disc,epss_reach_resid,epss_reach_cost,epss_reach_gain,epss_reach_ms,kev_epss_disc,kev_epss_resid,kev_epss_cost,kev_epss_gain,kev_epss_ms,kev_epss_reach_disc,kev_epss_reach_resid,kev_epss_reach_cost,kev_epss_reach_gain,kev_epss_reach_ms,betweenness_disc,betweenness_resid,betweenness_cost,betweenness_gain,betweenness_ms,random_disc,random_resid,random_cost,random_gain,random_ms,greedy_fixes,top1_is_planted,top1_is_chokepoint,cve_pool,total_ms
single,0,12,66,154,100,0.478302,1,2,True,0,inf,inf,194.91299999936018,host:jump-01,True,0,inf,inf,167.12339999867254,True,0,inf,inf,9305.559100001119,True,0,inf,inf,7.305899998755194,False,100,0.806924,0.32862199999999997,0.13939999917056412,False,100,0.806924,0.32862199999999997,0.4666999993787613,False,100,0.806924,0.32862199999999997,0.10110000221175142,False,100,1.09922,0.6209180000000001,2.618599999550497,False,100,0.806924,0.32862199999999997,0.09219999992637895,False,100,1.09922,0.6209180000000001,0.4337999998824671,True,0,inf,inf,115.61209999854327,False,100,0.766472,0.28817000000000004,0.18289999934495427,1,True,True,sha256:f14a3fe5e3a1717d,19605.741300001682
single,1,13,76,208,100,0.961714,1,2,True,0,inf,inf,233.78070000035223,host:jump-01,True,0,inf,inf,195.17919999998412,True,0,inf,inf,9226.680199997645,True,0,inf,inf,4.342599997471552,False,100,0.961714,0.0,0.2507999997760635,False,100,1.044104,0.08238999999999996,0.5330999993020669,False,100,0.961714,0.0,0.07790000017848797,False,100,0.961714,0.0,0.4985000014130492,False,100,0.961714,0.0,0.12930000229971483,False,100,0.961714,0.0,0.5407999997260049,True,0,inf,inf,318.6547999976028,False,100,0.961714,0.0,0.23969999892869964,1,True,True,sha256:f14a3fe5e3a1717d,20455.292700000427
single,2,14,77,240,100,1.002476,1,3,True,0,inf,inf,222.0768000006501,host:jump-01,True,0,inf,inf,222.83819999938714,True,0,inf,inf,9960.687099999632,True,0,inf,inf,9.257400000933558,True,0,inf,inf,0.08739999975659885,True,0,inf,inf,0.3434999998717103,False,100,1.020526,0.01805000000000012,0.07610000102431513,False,100,1.195598,0.19312200000000002,0.4542999995464925,False,100,1.020526,0.01805000000000012,0.09100000170292333,False,100,1.195598,0.19312200000000002,0.43870000081369653,True,0,inf,inf,126.98739999905229,True,0,inf,inf,0.3178000006300863,1,True,True,sha256:f14a3fe5e3a1717d,16755.57430000117
single,3,15,82,237,100,0.615696,1,2,True,0,inf,inf,236.48659999889787,host:jump-01,True,0,inf,inf,227.2047999977076,True,0,inf,inf,11750.40269999954,True,0,inf,inf,13.024899999436457,False,100,0.615696,0.0,0.0870000003487803,False,100,0.615696,0.0,4.8413000004075,False,100,0.615696,0.0,0.07970000297063962,False,100,0.87269,0.25699399999999994,6.971599999815226,False,100,0.615696,0.0,0.10420000035082921,False,100,0.87269,0.25699399999999994,0.6008999989717267,True,0,inf,inf,202.21589999709977,False,100,0.615696,0.0,0.2372999988438096,1,True,True,sha256:f14a3fe5e3a1717d,23477.96720000042
single,4,16,82,267,100,0.424606,1,2,True,0,inf,inf,248.6124999995809,host:jump-01,True,0,inf,inf,245.6674999993993,True,0,inf,inf,13149.268800003483,True,0,inf,inf,32.14970000044559,False,100,0.424606,0.0,0.08350000280188397,False,100,0.424606,0.0,13.076600000204053,False,100,0.61183,0.187224,0.085299998318078,False,100,0.78509,0.36048399999999997,7.052699998894241,False,100,0.61183,0.187224,0.07479999840143137,False,100,0.78509,0.36048399999999997,0.5670999998983461,False,100,0.424606,0.0,217.46869999697083,False,100,0.43867,0.014064000000000021,0.26219999926979654,1,True,True,sha256:f14a3fe5e3a1717d,26210.403800003405
single,5,17,87,302,100,0.408516,1,2,True,0,inf,inf,190.90409999989788,host:jump-01,True,0,inf,inf,193.77770000210148,True,0,inf,inf,8997.879999998986,True,0,inf,inf,10.553299998719012,False,100,0.408516,0.0,0.08660000094096176,False,100,0.408516,0.0,0.529699998878641,False,100,0.408516,0.0,0.0900999984878581,False,100,0.408516,0.0,0.5965999989712145,False,100,0.408516,0.0,0.12820000119972974,False,100,0.529196,0.12068000000000001,0.5196999991312623,True,0,inf,inf,264.3643000010343,False,100,0.536568,0.12805200000000005,0.5581000004895031,1,True,True,sha256:f14a3fe5e3a1717d,20149.142800000845
single,6,18,90,345,100,1.079342,1,2,True,0,inf,inf,216.99639999860665,host:jump-01,True,0,inf,inf,194.93599999987055,True,0,inf,inf,11204.562900002202,True,0,inf,inf,9.787000002688728,False,100,1.100446,0.02110400000000001,0.08509999679517932,False,100,1.121406,0.04206399999999988,0.5588999993051402,False,100,1.079342,0.0,0.09340000178781338,False,100,1.079342,0.0,6.199200000992278,False,100,1.079342,0.0,0.10609999662847258,False,100,1.079342,0.0,0.563599998713471,True,0,inf,inf,269.333899999765,False,100,1.079342,0.0,0.19889999748556875,1,True,True,sha256:f14a3fe5e3a1717d,22685.96499999694
single,7,19,89,340,100,0.969314,1,2,True,0,inf,inf,189.0120999996725,host:jump-01,True,0,inf,inf,212.28960000007646,True,0,inf,inf,13739.168399999471,True,0,inf,inf,10.330600001907442,False,100,1.178954,0.20964000000000005,0.08510000043315813,False,100,1.178954,0.20964000000000005,5.09059999967576,False,100,0.969314,0.0,0.07499999992433004,False,100,1.143174,0.1738599999999999,8.136299999023322,False,100,1.143174,0.1738599999999999,0.10880000263568945,False,100,1.143174,0.1738599999999999,7.026499999483349,True,0,inf,inf,316.4577999996254,False,100,1.035888,0.06657399999999991,0.2777999980025925,1,True,True,sha256:f14a3fe5e3a1717d,26095.596700000897
single,8,20,107,446,100,0.763912,1,3,True,0,inf,inf,1844.0537999995286,host:jump-01,True,0,inf,inf,1862.9287000003387,True,0,inf,inf,208.33589999892865,True,0,inf,inf,20.617499998479616,False,100,0.763912,0.0,0.09169999975711107,False,100,0.788726,0.024814000000000003,0.6136000010883436,False,100,0.788726,0.024814000000000003,0.08680000246386044,False,100,0.95849,0.19457799999999992,0.6312999976216815,False,100,0.788726,0.024814000000000003,0.10489999840501696,False,100,1.176888,0.4129759999999999,8.10240000282647,True,0,inf,inf,424.1903000001912,False,100,0.788726,0.024814000000000003,0.16360000154236332,1,True,True,sha256:f14a3fe5e3a1717d,17910.788899996987
single,9,21,108,472,100,0.834474,1,2,True,0,inf,inf,1425.6782000011299,host:jump-01,True,0,inf,inf,1455.0222999969264,True,0,inf,inf,299.35499999919557,True,0,inf,inf,14.20930000313092,False,100,0.89525,0.06077599999999994,0.08199999865610152,False,100,0.89525,0.06077599999999994,0.5873000009160023,False,100,0.834474,0.0,0.0881000014487654,False,100,0.834474,0.0,0.5252999981166795,False,100,0.834474,0.0,0.09350000254926272,False,100,0.834474,0.0,0.5777000005764421,True,0,inf,inf,353.8711000001058,False,100,0.834474,0.0,0.15590000111842528,1,True,True,sha256:f14a3fe5e3a1717d,14381.547400000272
single,10,22,104,459,100,0.755002,1,2,True,0,inf,inf,1928.6019999999553,host:jump-01,True,0,inf,inf,1450.832900001842,True,0,inf,inf,265.11440000103903,True,0,inf,inf,45.216200000140816,False,100,0.76438,0.009377999999999997,0.07980000009411015,False,100,0.76438,0.009377999999999997,0.7746000010229181,False,100,0.76438,0.009377999999999997,0.07389999882434495,False,100,0.929148,0.17414600000000002,0.6305999995674938,False,100,0.76438,0.009377999999999997,0.10900000052060932,False,100,0.929148,0.17414600000000002,9.384299999510404,False,100,0.969476,0.21447400000000005,538.346500001353,True,0,inf,inf,0.20150000273133628,1,True,True,sha256:f14a3fe5e3a1717d,19204.70949999799
single,11,23,106,500,100,0.827,1,2,True,0,inf,inf,1354.3263999999908,host:jump-01,True,0,inf,inf,1321.3090999997803,True,0,inf,inf,248.35370000073453,True,0,inf,inf,16.763100000389386,False,100,0.827,0.0,0.07510000068577938,False,100,0.827,0.0,9.070899999642279,False,100,1.014102,0.1871020000000001,0.12009999772999436,False,100,1.014102,0.1871020000000001,0.567299997783266,False,100,1.014102,0.1871020000000001,0.09199999840348028,False,100,1.014102,0.1871020000000001,0.6519000016851351,True,0,inf,inf,271.42599999933736,True,0,inf,inf,0.16279999908874743,1,True,True,sha256:f14a3fe5e3a1717d,12829.67760000247
single,12,24,114,567,100,0.551462,1,3,True,0,inf,inf,1772.7876999997534,host:jump-01,True,0,inf,inf,1528.6820000001171,True,0,inf,inf,141.6419000015594,True,0,inf,inf,15.890499998931773,False,100,0.551462,0.0,6.979300000239164,False,100,0.551462,0.0,1.16879999768571,True,0,inf,inf,0.05409999721450731,True,0,inf,inf,0.5669000020134263,True,0,inf,inf,0.09620000128052197,True,0,inf,inf,0.6815000015194528,True,0,inf,inf,421.0352000009152,True,0,inf,inf,0.17529999968246557,1,True,True,sha256:f14a3fe5e3a1717d,11105.935999999929
single,13,25,127,633,100,0.687688,1,2,True,0,inf,inf,1822.4950000003446,host:jump-01,True,0,inf,inf,1701.66479999898,True,0,inf,inf,492.8293000011763,True,0,inf,inf,20.86760000020149,False,100,1.273088,0.5854,0.11520000043674372,False,100,1.273088,0.5854,0.8713999995961785,False,100,0.961678,0.27399000000000007,0.09639999916544184,False,100,0.961678,0.27399000000000007,7.106499997462379,False,100,0.961678,0.27399000000000007,4.599799998686649,False,100,0.961678,0.27399000000000007,4.910600000584964,True,0,inf,inf,370.27799999850686,False,100,0.687688,0.0,0.21550000019487925,1,True,True,sha256:f14a3fe5e3a1717d,19885.181100002228
single,14,26,116,569,100,0.416226,1,3,True,0,inf,inf,1953.2794000006106,host:jump-01,True,0,inf,inf,2222.3255000026256,True,0,inf,inf,207.4719999982335,True,0,inf,inf,22.277799998846604,False,100,0.430322,0.014095999999999997,0.121900000522146,False,100,0.430322,0.014095999999999997,11.028200002328958,True,0,inf,inf,0.09330000102636404,True,0,inf,inf,6.654699998762226,True,0,inf,inf,0.1083999995898921,True,0,inf,inf,0.7191999975475483,True,0,inf,inf,374.2124000018521,False,100,0.416226,0.0,0.20030000086990185,1,True,True,sha256:f14a3fe5e3a1717d,14489.735899998777
single,15,27,131,740,100,0.705376,1,2,True,0,inf,inf,2021.3487000000896,host:jump-01,True,0,inf,inf,2199.452499997278,True,0,inf,inf,398.4946000018681,True,0,inf,inf,44.50880000149482,False,100,0.878044,0.17266800000000004,0.1100999979826156,False,100,0.878044,0.17266800000000004,5.763500001194188,False,100,0.878044,0.17266800000000004,0.3120000001217704,False,100,0.878044,0.17266800000000004,0.7992000028025359,False,100,0.878044,0.17266800000000004,0.152900000102818,False,100,1.01335,0.30797399999999997,6.197200000315206,True,0,inf,inf,367.67470000268077,False,100,0.705376,0.0,0.17769999976735562,1,True,True,sha256:f14a3fe5e3a1717d,17981.067199998506
single,16,28,134,759,100,0.894628,1,2,True,0,inf,inf,3141.497199998412,host:jump-01,True,0,inf,inf,1620.0433000012708,True,0,inf,inf,228.30720000274596,True,0,inf,inf,17.387299998517847,False,100,0.894628,0.0,0.11820000145235099,False,100,0.894628,0.0,0.9280999984184746,False,100,1.068554,0.17392600000000003,0.10099999781232327,False,100,1.068554,0.17392600000000003,0.8314000006066635,False,100,1.068554,0.17392600000000003,0.10830000246642157,False,100,1.068554,0.17392600000000003,0.8288000026368536,True,0,inf,inf,682.4534999977914,False,100,1.068554,0.17392600000000003,0.18450000061420724,1,True,True,sha256:f14a3fe5e3a1717d,19603.53120000218
single,17,29,143,843,100,0.68037,1,2,True,0,inf,inf,2767.0543999993242,host:jump-01,True,0,inf,inf,1863.135899999179,True,0,inf,inf,461.6195000016887,True,0,inf,inf,39.59449999820208,False,100,0.68037,0.0,0.10540000221226364,False,100,0.692194,0.011823999999999946,1.1255999997956678,False,100,0.68037,0.0,0.08940000043367036,False,100,1.022352,0.3419819999999999,0.9000000027299393,False,100,0.68037,0.0,4.403700000693789,False,100,1.022352,0.3419819999999999,0.7936000001791399,False,100,0.68037,0.0,537.807900000189,False,100,1.02901,0.34863999999999995,0.14369999917107634,1,True,True,sha256:f14a3fe5e3a1717d,23102.087799998117
single,18,30,149,851,100,1.028768,1,3,True,0,inf,inf,2795.2815999997256,host:jump-01,True,0,inf,inf,1862.155699996947,True,0,inf,inf,184.6956000008504,True,0,inf,inf,13.004000000364613,False,100,1.028768,0.0,0.11760000052163377,False,100,1.028768,0.0,0.8533000000170432,False,100,1.037444,0.008676000000000128,4.271900001185713,False,100,1.037444,0.008676000000000128,0.8522999996785074,False,100,1.037444,0.008676000000000128,0.12409999908413738,False,100,1.037444,0.008676000000000128,15.789000000950182,True,0,inf,inf,722.9940000033821,False,100,1.037444,0.008676000000000128,0.1878000002761837,1,True,True,sha256:f14a3fe5e3a1717d,20367.11220000143
single,19,31,150,925,100,0.86616,1,3,True,0,inf,inf,2108.8142999979027,host:jump-01,True,0,inf,inf,1071.7124000002514,True,0,inf,inf,139.2943999999261,True,0,inf,inf,24.014800001168624,False,100,0.866632,0.00047199999999991693,0.12710000009974465,False,100,0.866632,0.00047199999999991693,0.7669000005989801,False,100,0.86616,0.0,0.07270000060088933,False,100,1.040072,0.17391200000000007,0.761799998144852,False,100,1.019962,0.153802,0.10649999967426993,False,100,1.040072,0.17391200000000007,9.289499997976236,True,0,inf,inf,385.59560000066995,True,0,inf,inf,0.15039999925647862,1,True,True,sha256:f14a3fe5e3a1717d,13808.828499997617
single,20,32,155,987,100,0.666898,1,2,True,0,inf,inf,1757.7592999987246,host:jump-01,True,0,inf,inf,1229.675300000963,True,0,inf,inf,256.1913999998069,True,0,inf,inf,25.921100001141895,False,100,0.666898,0.0,0.11110000195913017,False,100,0.666898,0.0,3.5814000002574176,False,100,0.837974,0.171076,0.11470000026747584,False,100,0.837974,0.171076,0.921599999855971,False,100,0.837974,0.171076,0.1384999995934777,False,100,0.837974,0.171076,0.8345999995071907,True,0,inf,inf,577.3043999979564,False,100,0.666898,0.0,0.17690000095171854,1,True,True,sha256:f14a3fe5e3a1717d,17565.18539999888
single,21,33,154,1049,100,0.533962,1,2,True,0,inf,inf,1764.7504999986268,host:jump-01,True,0,inf,inf,1963.5903999987931,True,0,inf,inf,387.0059000000765,True,0,inf,inf,20.02809999976307,False,100,0.536924,0.002961999999999909,0.10320000001229346,False,100,0.536924,0.002961999999999909,5.832499999087304,False,100,0.61732,0.08335799999999993,8.596199997555232,False,100,0.61732,0.08335799999999993,5.275899999105604,False,100,0.61732,0.08335799999999993,0.12549999883049168,False,100,0.61732,0.08335799999999993,1.0347999996156432,True,0,inf,inf,716.767300000356,False,100,0.533962,0.0,6.989699999394361,1,True,True,sha256:f14a3fe5e3a1717d,20145.597500002623
single,22,34,160,1207,100,0.82691,1,3,True,0,inf,inf,1409.5235999993747,host:jump-01,True,0,inf,inf,1380.2527999978338,True,0,inf,inf,169.87009999866132,True,0,inf,inf,35.337400000571506,False,100,0.82691,0.0,0.11369999992894009,True,0,inf,inf,1.7407999985152856,False,100,0.995998,0.16908800000000002,0.23629999850527383,False,100,0.995998,0.16908800000000002,0.9140999973169528,False,100,0.995998,0.16908800000000002,0.12889999925391749,False,100,0.995998,0.16908800000000002,0.8138000011967961,True,0,inf,inf,458.60269999684533,True,0,inf,inf,0.18570000247564167,1,True,True,sha256:f14a3fe5e3a1717d,11819.895199998427
single,23,35,167,1131,100,0.645306,1,3,True,0,inf,inf,2376.093900002161,host:jump-01,True,0,inf,inf,2640.6358999993245,True,0,inf,inf,130.96479999876465,True,0,inf,inf,17.60450000074343,False,100,0.656218,0.010911999999999922,0.12480000077630393,False,100,0.656218,0.010911999999999922,0.9313000009569805,False,100,0.670626,0.02532000000000001,0.1064000025507994,False,100,0.681212,0.035905999999999993,0.9757000007084571,False,100,0.670626,0.02532000000000001,0.14070000179344788,False,100,0.681212,0.035905999999999993,1.017800001136493,True,0,inf,inf,502.8697999987344,True,0,inf,inf,3.895000001648441,1,True,True,sha256:f14a3fe5e3a1717d,20480.620599999384
single,24,36,161,1189,100,0.880224,1,2,True,0,inf,inf,1653.5962000016298,host:jump-01,True,0,inf,inf,1367.2357000032207,True,0,inf,inf,526.4304999982414,True,0,inf,inf,74.3278999980248,False,100,1.053486,0.17326199999999992,11.065099999541417,False,100,1.053486,0.17326199999999992,0.9944999983417802,False,100,1.053486,0.17326199999999992,0.10540000221226364,False,100,1.053486,0.17326199999999992,0.9406000026501715,False,100,1.053486,0.17326199999999992,0.1424999973096419,False,100,1.053486,0.17326199999999992,1.1639000003924593,False,100,0.941236,0.061011999999999955,599.6682000004512,False,100,0.880224,0.0,0.12280000009923242,1,True,True,sha256:f14a3fe5e3a1717d,18664.505500000814
single,25,37,179,1348,100,0.61511,1,2,True,0,inf,inf,1791.604500001995,host:jump-01,True,0,inf,inf,1660.3942000001553,True,0,inf,inf,306.39090000113356,True,0,inf,inf,23.543399998743553,False,100,0.7336,0.11848999999999998,0.12459999925340526,False,100,0.7336,0.11848999999999998,8.478300002025208,False,100,0.626148,0.011037999999999992,0.12940000306116417,False,100,0.917626,0.302516,1.1040000026696362,False,100,0.626148,0.011037999999999992,0.23409999994328246,False,100,0.917626,0.302516,1.4689000017824583,True,0,inf,inf,1933.679600002506,False,100,0.61511,0.0,0.13970000145491213,1,True,True,sha256:f14a3fe5e3a1717d,21491.559300000517
single,26,38,190,1531,100,0.819578,1,2,True,0,inf,inf,2111.8241000003763,host:jump-01,True,0,inf,inf,2123.61520000195,True,0,inf,inf,853.6481000010099,True,0,inf,inf,20.076100001460873,False,100,0.819578,0.0,0.1283999990846496,False,100,0.819578,0.0,6.6584000014699996,False,100,0.819578,0.0,0.15139999959501438,False,100,0.819578,0.0,1.0615999999572523,False,100,0.819578,0.0,0.14209999790182337,False,100,0.873626,0.054047999999999985,11.671700001897989,True,0,inf,inf,1126.0179999990214,False,100,0.819578,0.0,0.16109999705804512,1,True,True,sha256:f14a3fe5e3a1717d,25841.46999999939
single,27,39,192,1583,100,0.506192,1,2,True,0,inf,inf,2137.017199998809,host:jump-01,True,0,inf,inf,2053.085999999894,True,0,inf,inf,291.3683000006131,True,0,inf,inf,28.4362999991572,False,100,0.506192,0.0,0.1460999992559664,False,100,0.506192,0.0,5.54310000006808,False,100,0.804418,0.298226,0.1384999995934777,False,100,0.965776,0.459584,6.887200001074234,False,100,0.804418,0.298226,0.167199999850709,False,100,0.965776,0.459584,8.34240000040154,False,100,0.79282,0.286628,1432.8611999990244,True,0,inf,inf,0.21389999892562628,1,True,True,sha256:f14a3fe5e3a1717d,23743.873199997324
single,28,40,201,1647,100,0.573974,1,2,True,0,inf,inf,2117.5844999997935,host:jump-01,True,0,inf,inf,1523.4700000000885,True,0,inf,inf,363.66430000271066,True,0,inf,inf,117.53300000054878,False,100,0.68062,0.10664600000000002,0.15110000094864517,False,100,0.68062,0.10664600000000002,6.449399999837624,False,100,0.738746,0.16477200000000003,0.1644000003580004,False,100,0.845392,0.27141800000000005,9.284699997806456,False,100,0.573974,0.0,0.13840000247000717,False,100,0.830844,0.25687000000000004,1.1807999981101602,True,0,inf,inf,1329.9786999996286,False,100,0.573974,0.0,0.1928000019688625,1,True,True,sha256:f14a3fe5e3a1717d,24723.340300002747
single,29,41,193,1620,100,0.762602,1,2,True,0,inf,inf,2333.7604999978794,host:jump-01,True,0,inf,inf,1685.4966999999306,True,0,inf,inf,359.1587000009895,True,0,inf,inf,49.240000000281725,False,100,0.768806,0.006203999999999987,0.12520000018412247,False,100,0.768806,0.006203999999999987,6.624099998589372,False,100,0.776896,0.014294000000000029,0.27409999893279746,False,100,0.832416,0.06981400000000004,0.5512999996426515,False,100,0.776896,0.014294000000000029,0.13699999908567406,False,100,0.832416,0.06981400000000004,7.505999998102197,True,0,inf,inf,1148.0063000017253,False,100,0.762602,0.0,0.2181999989261385,1,True,True,sha256:f14a3fe5e3a1717d,25174.923300000955
single,30,42,200,1619,100,0.584728,1,2,True,0,inf,inf,2793.3348000005935,host:jump-01,True,0,inf,inf,2700.7604999998875,True,0,inf,inf,1798.4514999989187,True,0,inf,inf,58.15380000058212,False,100,0.584728,0.0,0.5860999990545679,False,100,0.584728,0.0,1.2528000006568618,False,100,0.588226,0.003498000000000001,0.13350000153877772,False,100,0.615816,0.031088000000000005,8.031299999856856,False,100,0.588226,0.003498000000000001,0.15460000213352032,False,100,0.615816,0.031088000000000005,2.3526000004494563,True,0,inf,inf,2064.6952999995847,True,0,inf,inf,0.1883000004454516,1,True,True,sha256:f14a3fe5e3a1717d,33810.065500001656
single,31,43,190,1605,100,0.807764,1,2,True,0,inf,inf,4099.467299998651,host:jump-01,True,0,inf,inf,2657.740200000262,True,0,inf,inf,569.2442999970808,True,0,inf,inf,49.18099999849801,False,100,0.807764,0.0,0.11820000145235099,False,100,0.807764,0.0,10.226599999441532,False,100,0.832588,0.024823999999999957,0.12449999849195592,False,100,0.843626,0.03586199999999995,1.2449999994714744,False,100,0.832588,0.024823999999999957,0.1391000005241949,False,100,0.843626,0.03586199999999995,1.1114000008092262,True,0,inf,inf,1212.8005000013218,False,100,0.807764,0.0,0.19579999934649095,1,True,True,sha256:f14a3fe5e3a1717d,34740.21029999858
single,32,44,209,1988,100,0.778696,1,2,True,0,inf,inf,2406.5835000001243,host:jump-01,True,0,inf,inf,2298.3427999970445,True,0,inf,inf,442.9197999997996,True,0,inf,inf,55.434199999581324,False,100,0.778696,0.0,0.12910000077681616,False,100,0.778696,0.0,4.669099998864112,False,100,0.778696,0.0,0.1947999990079552,False,100,1.257728,0.4790319999999999,1.4599000023736153,False,100,0.778696,0.0,0.13929999840911478,False,100,1.257728,0.4790319999999999,1.453699998819502,False,100,0.778696,0.0,1954.404500000237,False,100,0.778696,0.0,0.30780000088270754,1,True,True,sha256:f14a3fe5e3a1717d,29480.27319999892
single,33,45,209,1854,100,0.41361,1,2,True,0,inf,inf,3865.5216000006476,host:jump-01,True,0,inf,inf,2658.420899999328,True,0,inf,inf,651.602299996739,True,0,inf,inf,114.33439999746042,False,100,0.66738,0.25377,0.17320000188192353,False,100,0.66738,0.25377,6.109699999797158,False,100,0.417246,0.003636000000000028,0.13899999976274557,False,100,0.438586,0.024975999999999998,11.852699997689342,False,100,0.417246,0.003636000000000028,0.24370000028284267,False,100,0.438586,0.024975999999999998,7.491299998946488,True,0,inf,inf,2073.48439999987,False,100,0.41361,0.0,0.13169999874662608,1,True,True,sha256:f14a3fe5e3a1717d,37668.05480000039
single,34,46,219,2111,100,0.668868,1,2,True,0,inf,inf,3360.936799999763,host:jump-01,True,0,inf,inf,3499.047099998279,True,0,inf,inf,628.4010000017588,True,0,inf,inf,54.26000000079512,False,100,0.668868,0.0,0.14000000010128133,False,100,0.668868,0.0,1.2915000006614719,False,100,0.829134,0.16026600000000002,0.14939999891794287,False,100,0.84463,0.17576199999999997,1.6789000001153909,False,100,0.829134,0.16026600000000002,0.18339999951422215,False,100,0.84463,0.17576199999999997,1.2720999984594528,True,0,inf,inf,2107.0789999976114,False,100,0.684364,0.015495999999999954,0.30840000181342475,1,True,True,sha256:f14a3fe5e3a1717d,36216.5931999989
single,35,47,219,2123,100,0.438976,1,2,True,0,inf,inf,3158.8990000018384,host:jump-01,True,0,inf,inf,2825.9428999990632,True,0,inf,inf,777.4596000017482,True,0,inf,inf,47.11269999825163,False,100,0.438976,0.0,0.13730000137002207,False,100,0.438976,0.0,4.744199999549892,False,100,0.438976,0.0,0.6373999967763666,False,100,0.580038,0.14106200000000008,7.741299999906914,False,100,0.438976,0.0,3.7028000006102957,False,100,0.580038,0.14106200000000008,6.656899997324217,True,0,inf,inf,2458.4911999991164,False,100,0.438976,0.0,11.050000000977889,1,True,True,sha256:f14a3fe5e3a1717d,31621.66029999935
single,36,48,225,2219,100,0.473072,1,2,True,0,inf,inf,3600.6522999996378,host:jump-01,True,0,inf,inf,2960.563699998602,True,0,inf,inf,774.7593999993114,True,0,inf,inf,47.12619999918388,False,100,0.48995,0.016878000000000004,0.1823999991756864,False,100,0.48995,0.016878000000000004,7.476300001144409,False,100,0.48995,0.016878000000000004,0.1526000014564488,False,100,0.48995,0.016878000000000004,1.5352000009443145,False,100,0.48995,0.016878000000000004,0.3125000002910383,False,100,0.48995,0.016878000000000004,14.950900000258116,True,0,inf,inf,2254.472699998587,True,0,inf,inf,0.13209999815444462,1,True,True,sha256:f14a3fe5e3a1717d,32467.928199999733
single,37,49,225,2311,100,0.686466,1,2,True,0,inf,inf,3688.016300002346,host:jump-01,True,0,inf,inf,3281.579900001816,True,0,inf,inf,397.14529999764636,True,0,inf,inf,48.802100001921644,False,100,0.812016,0.12554999999999994,3.8544999988516793,False,100,0.81486,0.128394,7.730699999228818,False,100,0.760352,0.07388600000000001,0.12970000170753337,False,100,0.760352,0.07388600000000001,10.784500002046116,False,100,0.760352,0.07388600000000001,0.16169999798876233,False,100,0.760352,0.07388600000000001,1.484699998400174,True,0,inf,inf,2159.0042999996513,False,100,0.686466,0.0,0.20260000019334257,1,True,True,sha256:f14a3fe5e3a1717d,35781.74389999913
single,38,50,227,2298,100,0.518608,1,2,True,0,inf,inf,3464.596799996798,host:jump-01,True,0,inf,inf,3382.6576999999816,True,0,inf,inf,393.7041999997746,True,0,inf,inf,106.24280000047293,False,100,0.518608,0.0,0.13949999993201345,False,100,0.518608,0.0,6.952299998374656,False,100,1.041002,0.522394,0.16080000204965472,False,100,1.041002,0.522394,1.877700000477489,False,100,1.041002,0.522394,0.2806000011332799,False,100,1.041002,0.522394,1.3251999989734031,True,0,inf,inf,2167.0161000001826,False,100,0.518608,0.0,0.21860000197193585,1,True,True,sha256:f14a3fe5e3a1717d,34660.89149999971
single,39,51,236,2439,100,0.670756,1,2,True,0,inf,inf,4250.908199999685,host:jump-01,True,0,inf,inf,3472.410000002128,True,0,inf,inf,874.5507999992697,True,0,inf,inf,104.24029999921913,False,100,0.670756,0.0,0.1706000002741348,False,100,0.670756,0.0,1.5430999992531724,False,100,0.695732,0.024975999999999998,0.19329999850015156,False,100,0.867408,0.19665199999999994,9.143700001004618,False,100,0.695732,0.024975999999999998,0.1756999990902841,False,100,1.004228,0.3334719999999999,3.9479000006394926,True,0,inf,inf,2100.482899997587,False,100,0.670756,0.0,0.15300000086426735,1,True,True,sha256:f14a3fe5e3a1717d,36487.76949999956
single,40,52,239,2498,100,0.406298,1,2,True,0,inf,inf,4524.209000002884,host:jump-01,True,0,inf,inf,3778.219900003023,True,0,inf,inf,724.5676999991701,True,0,inf,inf,64.91089999690303,False,100,0.406298,0.0,0.2789999998640269,False,100,0.406298,0.0,9.980099999665981,False,100,0.438704,0.03240599999999999,0.1649999976507388,False,100,0.438704,0.03240599999999999,8.022299996810034,False,100,0.438704,0.03240599999999999,0.21800000104121864,False,100,0.438704,0.03240599999999999,8.369899998797337,True,0,inf,inf,1786.4630000003672,False,100,0.406298,0.0,0.22080000053392723,1,True,True,sha256:f14a3fe5e3a1717d,40413.60910000003
single,41,53,245,2715,100,0.554178,1,2,True,0,inf,inf,3749.5119999985036,host:jump-01,True,0,inf,inf,3188.277500001277,True,0,inf,inf,923.8838999990548,True,0,inf,inf,64.89660000079311,False,100,0.554178,0.0,0.15320000238716602,False,100,0.554178,0.0,13.447000001178822,False,100,0.579172,0.02499400000000007,0.24589999884483404,False,100,0.579172,0.02499400000000007,4.702999998698942,False,100,0.579172,0.02499400000000007,0.18840000120690092,False,100,0.579172,0.02499400000000007,2.8268999994907063,False,100,0.65739,0.10321200000000008,1859.1661999998905,False,100,0.554178,0.0,0.28139999994891696,1,True,True,sha256:f14a3fe5e3a1717d,36730.1824999995
single,42,54,262,2891,100,0.42649,1,2,True,0,inf,inf,3891.321800001606,host:jump-01,True,0,inf,inf,3228.0221999972127,True,0,inf,inf,1016.0346000011486,True,0,inf,inf,64.6883000008529,False,100,0.42649,0.0,0.20139999833190814,False,100,0.42649,0.0,6.67559999783407,False,100,0.45043,0.023940000000000017,0.18819999968400225,False,100,0.623016,0.19652600000000003,5.128000000695465,False,100,0.45043,0.023940000000000017,0.19669999892357737,False,100,0.623016,0.19652600000000003,2.1300999978848267,True,0,inf,inf,1931.0866000014357,False,100,0.42649,0.0,0.33090000215452164,1,True,True,sha256:f14a3fe5e3a1717d,32884.29600000018
single,43,55,253,2816,100,0.602306,1,2,True,0,inf,inf,4212.398299998313,host:jump-01,True,0,inf,inf,3314.910200002487,True,0,inf,inf,708.8117000021157,True,0,inf,inf,109.87639999802923,False,100,0.622834,0.02052799999999999,0.2319999985047616,False,100,0.622834,0.02052799999999999,4.4969000009587035,False,100,0.622834,0.02052799999999999,0.11250000170548446,False,100,0.622834,0.02052799999999999,8.160100001987303,False,100,0.622834,0.02052799999999999,0.17129999832832254,False,100,0.622834,0.02052799999999999,5.474699999467703,True,0,inf,inf,1767.367300002661,False,100,0.602306,0.0,0.21120000019436702,1,True,True,sha256:f14a3fe5e3a1717d,36491.73209999935
single,44,56,253,2873,100,0.396914,1,2,True,0,inf,inf,3285.238299999037,host:jump-01,True,0,inf,inf,2839.26910000082,True,0,inf,inf,546.3917999986734,True,0,inf,inf,56.26960000154213,False,100,0.507318,0.11040400000000006,0.17049999951268546,False,100,0.507318,0.11040400000000006,9.055899998202221,False,100,0.557292,0.16037800000000002,0.1494999996793922,False,100,0.557292,0.16037800000000002,2.3208999991766177,False,100,0.557292,0.16037800000000002,0.16869999672053382,False,100,0.557292,0.16037800000000002,7.497099999454804,False,100,0.396914,0.0,2351.387099999556,False,100,0.396914,0.0,0.22909999825060368,1,True,True,sha256:f14a3fe5e3a1717d,34310.987799999566
single,45,57,261,3020,100,0.493502,1,2,True,0,inf,inf,3285.036299999774,host:jump-01,True,0,inf,inf,3083.945300000778,True,0,inf,inf,629.747300001327,True,0,inf,inf,44.54929999701562,False,100,0.493502,0.0,0.16310000137309544,False,100,0.493502,0.0,1.7250999990210403,False,100,0.493502,0.0,0.22319999698083848,False,100,0.493502,0.0,5.2381000023160595,False,100,0.493502,0.0,0.26449999859323725,False,100,0.493502,0.0,6.592600002477411,True,0,inf,inf,1923.8260999991326,False,100,0.493502,0.0,0.34049999885610305,1,True,True,sha256:f14a3fe5e3a1717d,33228.3537000003
single,46,58,272,3311,100,1.017498,1,3,True,0,inf,inf,2648.581800000102,host:jump-01,True,0,inf,inf,2655.342100002599,True,0,inf,inf,253.74569999985397,True,0,inf,inf,43.832300001668045,False,100,1.031514,0.014016000000000028,0.18360000103712082,False,100,1.031514,0.014016000000000028,1.5846999995119404,False,100,1.030706,0.013207999999999886,0.15859999984968454,False,100,1.038026,0.02052799999999988,5.269900000712369,False,100,1.030706,0.013207999999999886,0.33120000080089085,False,100,1.038026,0.02052799999999988,2.827899999829242,True,0,inf,inf,1725.8099999999104,False,100,1.029064,0.011565999999999965,0.2638000005390495,1,True,True,sha256:f14a3fe5e3a1717d,28269.00449999812
single,47,59,286,3400,100,0.766428,1,2,True,0,inf,inf,2960.718199999974,host:jump-01,True,0,inf,inf,2923.9868000004208,True,0,inf,inf,757.8032000019448,True,0,inf,inf,138.41909999973723,False,100,0.766428,0.0,0.34750000122585334,False,100,0.766428,0.0,7.205900001281407,False,100,0.766428,0.0,0.16989999858196825,False,100,0.766428,0.0,1.9803000031970441,False,100,0.766428,0.0,3.474500001175329,False,100,0.93422,0.16779200000000005,8.476399998471607,True,0,inf,inf,2055.192799998622,False,100,0.766428,0.0,0.26330000036978163,1,True,True,sha256:f14a3fe5e3a1717d,33348.158100001456
single,48,60,290,3494,100,0.493586,1,2,True,0,inf,inf,3026.9606999972893,host:jump-01,True,0,inf,inf,2315.3982000003452,True,0,inf,inf,491.27950000183773,True,0,inf,inf,39.74190000008093,False,100,0.493586,0.0,0.16390000018873252,False,100,0.493586,0.0,8.592300000600517,False,100,0.493586,0.0,0.21079999714856967,False,100,0.493586,0.0,5.959099999017781,False,100,0.493586,0.0,0.603899999987334,False,100,0.493586,0.0,1.8579000025056303,True,0,inf,inf,2515.522699999565,False,100,0.493586,0.0,0.2562000008765608,1,True,True,sha256:f14a3fe5e3a1717d,33492.85979999695
single,49,12,65,158,100,1.048358,1,2,True,0,inf,inf,835.1064999988012,host:jump-01,True,0,inf,inf,706.4734000014141,True,0,inf,inf,129.08249999964028,True,0,inf,inf,8.25059999988298,False,100,1.048358,0.0,0.06379999831551686,True,0,inf,inf,0.27689999842550606,False,100,1.048358,0.0,0.054299998737405986,True,0,inf,inf,0.4045999994559679,False,100,1.048358,0.0,4.1506000015942845,True,0,inf,inf,0.40499999886378646,True,0,inf,inf,37.55039999668952,True,0,inf,inf,0.10610000026645139,1,True,True,sha256:f14a3fe5e3a1717d,4826.80469999832
multi,0,12,71,169,100,0.748752,2,0,True,0,inf,inf,497.1589999986463,host:jump-01,True,0,inf,inf,592.5324999989243,True,0,inf,inf,434.8426000033214,True,0,inf,inf,28.205500002513872,True,0,inf,inf,0.07840000034775585,True,0,inf,inf,0.37819999852217734,False,100,0.831036,0.08228400000000002,0.05900000178371556,False,100,0.840718,0.09196599999999999,0.4641999985324219,False,100,0.831036,0.08228400000000002,0.0760000002628658,False,100,0.840718,0.09196599999999999,5.9811000028275885,False,100,0.899432,0.15068000000000004,96.48580000066431,False,100,0.817148,0.06839600000000001,0.13810000018565916,2,False,False,sha256:f14a3fe5e3a1717d,6598.787599999923
multi,1,13,71,174,100,0.4733,2,0,True,0,inf,inf,2248.124599998846,vuln:CVE-2026-20131@db-01:1433,True,0,inf,inf,1967.1889999990526,True,0,inf,inf,1168.9432000021043,True,0,inf,inf,45.04879999876721,False,100,0.81186,0.33856,0.1883000004454516,False,100,0.81186,0.33856,0.4496000001381617,False,100,0.498284,0.024984000000000006,0.06159999975352548,False,100,0.81186,0.33856,0.3862999983539339,False,100,0.498284,0.024984000000000006,0.07870000263210386,False,100,0.81186,0.33856,0.45899999895482324,False,100,0.51375,0.04045000000000004,48.269599999912316,False,100,0.498284,0.024984000000000006,0.176199999259552,2,False,False,sha256:f14a3fe5e3a1717d,14321.395399998437
multi,2,14,81,233,100,0.384942,2,0,True,0,inf,inf,906.732399998873,vuln:CVE-2026-82078@web-01:443,True,0,inf,inf,1049.7906000018702,True,0,inf,inf,1025.239499998861,True,0,inf,inf,21.517000001040287,False,100,0.384942,0.0,0.07610000102431513,False,100,0.384942,0.0,0.4859000000578817,False,100,0.402706,0.017764000000000002,0.08449999950244091,False,100,0.6946,0.309658,0.6008999989717267,False,100,0.402706,0.017764000000000002,0.06239999856916256,False,100,0.952062,0.56712,0.6171999993966892,False,100,0.408056,0.023113999999999968,111.9470999983605,False,100,0.384942,0.0,0.15799999891896732,2,False,False,sha256:f14a3fe5e3a1717d,10544.79739999806
multi,3,15,85,236,100,0.64361,2,0,True,0,inf,inf,1694.572899999912,cred:db_admin,True,0,inf,inf,778.6258000014641,True,0,inf,inf,1380.1268999995955,False,100,0.928994,0.28538399999999997,153.92699999938486,False,100,0.64361,0.0,0.08370000068680383,False,100,0.64361,0.0,0.48320000132662244,False,100,0.829832,0.186222,0.07049999840091914,False,100,0.829832,0.186222,0.34020000020973384,False,100,0.829832,0.186222,0.07890000051702373,False,100,0.829832,0.186222,0.5886000035388861,False,100,0.833696,0.19008599999999998,54.68180000025313,False,100,0.64361,0.0,0.1233000002685003,3,False,False,sha256:f14a3fe5e3a1717d,11897.031900000002
multi,4,16,89,262,100,0.228574,2,0,True,0,inf,inf,2837.9721000019345,cred:db_admin,True,0,inf,inf,2179.1290000001027,True,0,inf,inf,777.5378999976965,False,100,0.79052,0.5619460000000001,21.545199997490272,False,100,0.582314,0.35374,0.10120000297320075,False,100,0.582314,0.35374,2.4283999991894234,False,100,0.408964,0.18039,0.07259999983943999,False,100,0.582314,0.35374,0.5641999996441882,False,100,0.408964,0.18039,0.08429999797954224,False,100,0.582314,0.35374,5.374799999117386,False,100,0.503496,0.27492200000000006,99.58959999858052,False,100,0.408964,0.18039,0.12540000170702115,3,False,False,sha256:f14a3fe5e3a1717d,15013.402100001258
multi,5,17,95,310,100,0.568954,2,0,True,0,inf,inf,1044.0057999985584,host:jump-01,True,0,inf,inf,926.0864999996556,True,0,inf,inf,750.0803000002634,True,0,inf,inf,17.503999999462394,False,100,0.786846,0.21789200000000009,0.08209999941755086,False,100,0.786846,0.21789200000000009,0.5485000001499429,False,100,0.74264,0.173686,0.12489999789977446,False,100,0.74264,0.173686,0.554900001588976,False,100,0.74264,0.173686,0.09689999933470972,False,100,0.74264,0.173686,4.005499999038875,False,100,0.784894,0.21594000000000002,246.41909999991185,False,100,0.786846,0.21789200000000009,0.12649999916902743,2,False,False,sha256:f14a3fe5e3a1717d,10964.126299997588
multi,6,18,95,336,100,0.693502,2,0,True,0,inf,inf,891.0768000023381,vuln:CVE-2025-7119@db-01:1433,True,0,inf,inf,692.5420999978087,True,0,inf,inf,1064.5938999987266,True,0,inf,inf,32.681599997886224,False,100,0.698152,0.004650000000000043,0.07370000093942508,False,100,0.70236,0.008858000000000033,7.764100002532359,False,100,0.693502,0.0,0.07329999789362773,False,100,0.74837,0.05486800000000003,4.808900001080474,False,100,0.74837,0.05486800000000003,0.11109999832115136,False,100,0.74837,0.05486800000000003,0.5656000030285213,False,100,0.752578,0.05907600000000002,150.3242999970098,False,100,0.832848,0.13934600000000008,0.26980000257026404,2,False,False,sha256:f14a3fe5e3a1717d,11687.218600000051
multi,7,19,105,376,100,0.235,2,0,True,0,inf,inf,3511.942299999646,cred:db_admin,True,0,inf,inf,2368.0174999972223,True,0,inf,inf,699.3785000013304,True,0,inf,inf,29.310099998838268,False,100,0.235,0.0,3.578799998649629,False,100,0.235,0.0,8.221899999625748,False,100,0.235,0.0,0.07969999933266081,False,100,0.486524,0.251524,0.5980000023555476,False,100,0.235,0.0,0.11380000069038942,False,100,0.486524,0.251524,0.6138999997347128,False,100,0.57807,0.34307,176.47220000071684,False,100,0.235,0.0,0.1444000008632429,3,False,False,sha256:f14a3fe5e3a1717d,20657.6630999989
multi,8,20,101,342,100,0.407492,2,0,True,0,inf,inf,2690.3485000002547,cred:db_admin,True,0,inf,inf,2297.8098999992653,True,0,inf,inf,1630.5112000009103,True,0,inf,inf,37.820000001374865,False,100,0.635106,0.22761399999999993,0.12880000213044696,False,100,0.635106,0.22761399999999993,3.4140000025217887,False,100,0.580778,0.173286,0.0748999991628807,False,100,0.75267,0.34517799999999993,0.5947999998170417,False,100,0.580778,0.173286,0.09519999730400741,False,100,0.75267,0.34517799999999993,0.7693000006838702,False,100,0.635106,0.22761399999999993,266.9157999989693,False,100,0.46182,0.05432799999999999,0.13619999663205817,3,False,False,sha256:f14a3fe5e3a1717d,19925.623000002815
multi,9,21,121,489,100,0.50129,2,0,True,0,inf,inf,874.1700999999011,host:jump-01,True,0,inf,inf,1087.6500999984273,True,0,inf,inf,1048.7211999970896,True,0,inf,inf,21.36919999975362,False,100,0.71621,0.21492,0.09750000026542693,False,100,0.71621,0.21492,0.7358000002568588,False,100,0.682272,0.18098199999999998,0.10959999781334773,False,100,0.698982,0.19769199999999998,0.6941999999980908,False,100,0.682272,0.18098199999999998,0.10680000195861794,False,100,0.698982,0.19769199999999998,3.2032999988587108,False,100,0.682272,0.18098199999999998,247.17889999737963,False,100,0.50129,0.0,0.1539999975648243,2,False,False,sha256:f14a3fe5e3a1717d,14996.873399999458
multi,10,22,113,447,100,0.600976,2,0,True,0,inf,inf,2818.8630000004196,vuln:CVE-2017-13043@db-01:1433,False,100,0.889294,0.2883180000000001,1323.4732999990229,True,0,inf,inf,1273.84610000081,False,100,0.927174,0.3261980000000001,46.04499999913969,False,100,0.661056,0.06008000000000002,0.09500000305706635,False,100,0.661056,0.06008000000000002,1.1733999999705702,False,100,0.761648,0.16067200000000004,0.08119999984046444,False,100,0.821728,0.22075200000000006,11.113900000054855,False,100,0.821728,0.22075200000000006,0.10019999899668619,False,100,0.821728,0.22075200000000006,0.6972999981371686,False,100,0.708054,0.107078,318.0074000010791,False,100,0.647974,0.046998000000000095,6.5500000018801074,4,False,False,sha256:f14a3fe5e3a1717d,20945.91339999897
multi,11,23,119,527,100,0.729132,2,0,True,0,inf,inf,873.0383000001893,host:jump-01,True,0,inf,inf,1496.4199000023655,True,0,inf,inf,2307.0974000002025,True,0,inf,inf,31.95879999839235,False,100,0.840462,0.11133000000000004,0.09069999941857532,False,100,0.840462,0.11133000000000004,0.7361999996646773,False,100,0.840462,0.11133000000000004,0.10739999925135635,False,100,0.840462,0.11133000000000004,0.8882999973138794,False,100,0.840462,0.11133000000000004,0.11309999899822287,False,100,0.840462,0.11133000000000004,0.9209999989252537,False,100,0.92611,0.196978,487.14169999948354,False,100,0.810708,0.08157599999999998,0.14689999807160348,2,False,False,sha256:f14a3fe5e3a1717d,16883.200499996747
multi,12,24,123,572,100,0.738412,2,0,True,0,inf,inf,1872.3874999996042,host:jump-01,True,0,inf,inf,1573.61260000107,True,0,inf,inf,331.12569999866537,True,0,inf,inf,31.36870000162162,False,100,0.918984,0.18057200000000007,0.09779999891179614,False,100,0.947838,0.209426,0.7566999993287027,False,100,0.738412,0.0,0.09860000136541203,False,100,0.738412,0.0,0.705400001606904,False,100,0.738412,0.0,0.11950000043725595,False,100,0.738412,0.0,0.7256999997480307,False,100,0.947838,0.209426,358.29670000020997,False,100,0.738412,0.0,0.14910000027157366,2,False,False,sha256:f14a3fe5e3a1717d,19018.747499998426
multi,13,25,127,551,100,0.639372,2,0,True,0,inf,inf,2891.5238000008685,cred:db_admin,True,0,inf,inf,3284.1449000006833,True,0,inf,inf,2649.408699999185,True,0,inf,inf,22.77950000279816,False,100,0.666014,0.026641999999999944,0.10430000111227855,False,100,0.666014,0.026641999999999944,0.7611000000906643,False,100,0.639372,0.0,0.189200000022538,False,100,0.639372,0.0,0.7154999984777533,False,100,0.639372,0.0,0.1109000004362315,False,100,0.639372,0.0,0.7772999997541774,False,100,0.665004,0.025631999999999988,419.5025999979407,False,100,0.639372,0.0,0.13949999993201345,2,False,False,sha256:f14a3fe5e3a1717d,24003.96179999734
multi,14,26,137,670,100,0.48847,2,0,True,0,inf,inf,6462.468199999421,cred:db_admin,True,0,inf,inf,3827.112800001487,True,0,inf,inf,1467.8252000012435,True,0,inf,inf,51.436900001135655,False,100,0.48847,0.0,0.11399999857530929,False,100,0.48847,0.0,6.761799999367213,False,100,0.570862,0.08239199999999997,0.10730000212788582,False,100,0.595744,0.10727400000000004,0.7952999985718634,False,100,0.570862,0.08239199999999997,0.4955000003974419,False,100,0.595744,0.10727400000000004,11.118899998109555,False,100,0.736864,0.24839399999999995,513.0102000002807,False,100,0.48847,0.0,0.15100000018719584,3,False,False,sha256:f14a3fe5e3a1717d,29017.35170000029
multi,15,27,149,769,100,0.469476,2,0,True,0,inf,inf,1551.8690999997489,host:jump-01,True,0,inf,inf,1729.6195999988413,True,0,inf,inf,1833.2092999989982,True,0,inf,inf,61.93580000035581,False,100,0.60673,0.137254,0.0943000013648998,False,100,0.60673,0.137254,0.8210000014514662,False,100,0.68003,0.21055400000000002,0.1494999996793922,False,100,0.68003,0.21055400000000002,3.425700000661891,False,100,0.68003,0.21055400000000002,0.2317000034963712,False,100,0.68003,0.21055400000000002,6.471699998655822,False,100,0.631728,0.16225199999999995,744.6963000002143,False,100,0.469476,0.0,0.23040000087348744,2,False,False,sha256:f14a3fe5e3a1717d,18932.90210000123
multi,16,28,149,814,100,0.276014,2,0,True,0,inf,inf,5533.501800000522,vuln:CVE-2018-12895@db-01:1433,True,0,inf,inf,3363.2371999992756,True,0,inf,inf,641.7050999989442,False,100,0.752246,0.476232,82.67069999783416,False,100,0.276014,0.0,0.12880000213044696,False,100,0.276014,0.0,8.404300002439413,False,100,0.301012,0.02499800000000002,0.11720000111381523,False,100,0.488716,0.212702,4.968700002791593,False,100,0.301012,0.02499800000000002,0.1430000011168886,False,100,0.488716,0.212702,0.9763000016391743,False,100,0.463856,0.187842,453.46390000122483,False,100,0.276014,0.0,0.15839999832678586,3,False,False,sha256:f14a3fe5e3a1717d,30030.77089999715
multi,17,29,157,883,100,0.823942,2,0,True,0,inf,inf,1784.5621999986179,cred:db_admin,True,0,inf,inf,1300.4828000011912,True,0,inf,inf,3099.5522999983223,True,0,inf,inf,78.32889999917825,False,100,0.826762,0.0028200000000000447,0.09679999857326038,False,100,0.826762,0.0028200000000000447,1.0557999994489364,False,100,0.823942,0.0,0.17300000035902485,False,100,0.920466,0.09652400000000005,1.037200003338512,False,100,0.823942,0.0,0.10880000263568945,False,100,0.920466,0.09652400000000005,4.886299997451715,False,100,0.827498,0.0035560000000000036,615.9344999978202,False,100,0.826762,0.0028200000000000447,0.16739999773562886,2,False,False,sha256:f14a3fe5e3a1717d,20349.577699998918
multi,18,30,155,897,100,0.522376,2,0,True,0,inf,inf,5551.279799998156,cred:db_admin,True,0,inf,inf,3885.848800000531,True,0,inf,inf,2633.518599999661,True,0,inf,inf,40.055800000118325,False,100,0.522376,0.0,0.12290000086068176,False,100,0.522376,0.0,1.1076999981014524,False,100,0.639974,0.11759800000000009,0.14860000010230578,False,100,0.639974,0.11759800000000009,11.612499998591375,False,100,0.639974,0.11759800000000009,2.9457000018737745,False,100,0.639974,0.11759800000000009,0.8438999975624029,False,100,0.699468,0.17709200000000003,543.7153000020771,False,100,0.58187,0.05949400000000005,0.19130000146105886,3,False,False,sha256:f14a3fe5e3a1717d,32941.60560000091
multi,19,31,165,979,100,0.568854,2,0,True,0,inf,inf,5071.992400000454,cred:db_admin,True,0,inf,inf,3989.038799998525,True,0,inf,inf,1055.955299998459,True,0,inf,inf,80.21830000143382,False,100,0.568854,0.0,0.12910000077681616,False,100,0.568854,0.0,1.557299998239614,False,100,0.568854,0.0,0.1297999988310039,False,100,0.576178,0.007323999999999997,1.0450000008859206,False,100,0.568854,0.0,0.14600000213249587,False,100,0.827576,0.258722,5.664299998898059,False,100,0.827576,0.258722,853.7094999992405,False,100,0.568854,0.0,4.258400000253459,3,False,False,sha256:f14a3fe5e3a1717d,27387.07070000237
multi,20,32,163,979,100,0.753574,2,0,True,0,inf,inf,3816.0755000026256,host:jump-01,True,0,inf,inf,4235.869399999501,True,0,inf,inf,678.922800001601,True,0,inf,inf,32.741999999416294,False,100,0.75625,0.0026760000000000117,0.12969999806955457,False,100,0.75625,0.0026760000000000117,0.9537999976600986,False,100,0.753574,0.0,0.13169999874662608,False,100,0.753574,0.0,4.151000001002103,False,100,0.753574,0.0,0.17010000010486692,False,100,0.753574,0.0,1.047999998263549,False,100,0.832492,0.07891800000000004,821.3765000000421,False,100,0.753574,0.0,0.19049999900744297,2,False,False,sha256:f14a3fe5e3a1717d,31035.785800002486
multi,21,33,181,1206,100,0.130582,2,0,True,0,inf,inf,3831.459699998959,vuln:CVE-2020-12812@db-01:1433,True,0,inf,inf,3591.304699999455,True,0,inf,inf,1976.763899998332,True,0,inf,inf,105.29239999959827,False,100,0.40877,0.278188,0.16959999993559904,False,100,0.40877,0.278188,4.0430000008200295,False,100,0.349568,0.218986,0.19629999951575883,False,100,0.578804,0.448222,1.0876000014832243,False,100,0.349568,0.218986,4.787399997439934,False,100,0.578804,0.448222,1.2154000032751355,False,100,0.328262,0.19768,1407.6884999994945,False,100,0.130582,0.0,0.1827000014600344,2,False,False,sha256:f14a3fe5e3a1717d,32762.01299999957
multi,22,34,181,1238,100,0.380424,2,0,True,0,inf,inf,6640.384500002256,cred:db_admin,True,0,inf,inf,4578.1022000010125,True,0,inf,inf,3414.425499999197,True,0,inf,inf,91.1480999966443,False,100,0.380424,0.0,0.2686000007088296,False,100,0.380424,0.0,9.226099999068538,True,0,inf,inf,0.14039999950909987,True,0,inf,inf,4.60430000021006,True,0,inf,inf,0.15770000027259812,True,0,inf,inf,4.6005000003788155,False,100,0.380446,2.2000000000022002e-05,1306.7870999984734,False,100,0.380424,0.0,0.1940000001923181,3,False,False,sha256:f14a3fe5e3a1717d,31726.400400002603
multi,23,35,173,1083,100,0.55178,2,0,True,0,inf,inf,6956.22849999927,cred:db_admin,True,0,inf,inf,4836.53730000151,True,0,inf,inf,2466.2791000009747,True,0,inf,inf,74.1520000010496,False,100,0.57162,0.01983999999999997,0.13100000069243833,False,100,0.57162,0.01983999999999997,1.4779999983147718,False,100,0.563378,0.011597999999999997,0.24570000095991418,False,100,0.73456,0.18277999999999994,1.1948999999731313,False,100,0.563378,0.011597999999999997,0.17130000196630135,False,100,0.73456,0.18277999999999994,1.2201999998069368,False,100,0.641462,0.08968199999999993,1161.668799999461,False,100,0.55178,0.0,0.21019999985583127,3,False,False,sha256:f14a3fe5e3a1717d,37512.27889999791
multi,24,36,187,1282,100,0.57706,2,0,True,0,inf,inf,7391.477600001963,cred:db_admin,False,100,0.760012,0.182952,5050.181800001155,True,0,inf,inf,598.8261999991664,True,0,inf,inf,158.4599999987404,False,100,0.57706,0.0,0.14759999976377003,False,100,0.57706,0.0,1.2711000017588958,False,100,0.57706,0.0,0.16179999875021167,False,100,0.57706,0.0,4.19549999787705,False,100,0.57706,0.0,0.21800000104121864,False,100,0.57706,0.0,5.151299999852199,False,100,0.582188,0.005128000000000021,1275.7173999998486,False,100,0.57706,0.0,0.20149999909335747,4,False,False,sha256:f14a3fe5e3a1717d,38128.81589999961
multi,25,37,191,1377,100,0.580234,2,0,True,0,inf,inf,2270.067800000106,cred:db_admin,True,0,inf,inf,2328.042800003459,True,0,inf,inf,1991.5957000011986,True,0,inf,inf,158.93460000006598,False,100,0.580234,0.0,0.1795999996829778,False,100,0.580234,0.0,3.972599999542581,False,100,0.580234,0.0,0.14150000060908496,False,100,0.580234,0.0,4.992300000594696,False,100,0.580234,0.0,6.513500000437489,False,100,0.580234,0.0,1.2733000003208872,False,100,0.65399,0.07375599999999993,1122.5255999997898,False,100,0.580234,0.0,0.22810000155004673,2,False,False,sha256:f14a3fe5e3a1717d,27034.860100000515
multi,26,38,201,1473,100,0.253104,2,0,True,0,inf,inf,7460.0894000031985,vuln:CVE-2026-1731@db-01:1433,False,100,0.702662,0.449558,4929.394499999034,True,0,inf,inf,2545.608299999003,False,100,0.597286,0.344182,130.46650000251248,False,100,0.253104,0.0,0.1869000006990973,False,100,0.253104,0.0,3.5075000014330726,False,100,0.277044,0.023940000000000017,0.20280000171624124,False,100,0.33897,0.085866,4.12049999795272,False,100,0.277044,0.023940000000000017,0.18819999968400225,False,100,0.33897,0.085866,8.085899997240631,False,100,0.347606,0.09450200000000003,1225.8739999997488,False,100,0.253104,0.0,0.2029999996011611,4,False,False,sha256:f14a3fe5e3a1717d,48738.19630000071
multi,27,39,207,1603,100,0.559828,2,0,True,0,inf,inf,11011.100700001407,vuln:CVE-2026-39307@db-01:1433,True,0,inf,inf,7179.221899998083,True,0,inf,inf,3423.5158000010415,True,0,inf,inf,140.9256999977515,False,100,0.651298,0.09147000000000005,0.15770000027259812,False,100,0.651298,0.09147000000000005,4.467700000532204,False,100,0.559828,0.0,0.17129999832832254,False,100,0.575092,0.015264000000000055,5.428899999969872,False,100,0.559828,0.0,0.25319999986095354,False,100,0.575092,0.015264000000000055,5.878500000108033,False,100,0.651298,0.09147000000000005,1478.8704000020516,False,100,0.559828,0.0,0.3971999976783991,3,False,False,sha256:f14a3fe5e3a1717d,53451.26340000206
multi,28,40,207,1561,100,0.267146,2,0,True,0,inf,inf,5548.4823000006145,cred:db_admin,True,0,inf,inf,5647.944500000449,True,0,inf,inf,3173.964600002364,True,0,inf,inf,58.622900000045775,False,100,0.267146,0.0,0.20309999672463164,False,100,0.418924,0.15177800000000002,3.916999998182291,False,100,0.267146,0.0,4.061200001160614,False,100,0.267146,0.0,10.011900001700269,False,100,0.267146,0.0,5.442800000309944,False,100,0.267146,0.0,7.710000001679873,False,100,0.592954,0.325808,1448.1887000001734,False,100,0.267146,0.0,4.896599999483442,2,False,False,sha256:f14a3fe5e3a1717d,43794.44449999937
multi,29,41,221,1756,100,0.294704,2,0,True,0,inf,inf,2980.6320000025153,vuln:CVE-2026-11645@db-01:1433,True,0,inf,inf,2431.6299999991315,True,0,inf,inf,3184.6598000011,True,0,inf,inf,100.62679999828106,False,100,0.294704,0.0,3.8746999998693354,False,100,0.294704,0.0,1.365699998132186,False,100,0.341358,0.04665399999999997,0.25129999994533136,False,100,0.341358,0.04665399999999997,1.6635000029054936,False,100,0.341358,0.04665399999999997,0.21289999858709052,False,100,0.341358,0.04665399999999997,4.51700000121491,False,100,0.327866,0.03316199999999997,1535.8653999974194,False,100,0.294704,0.0,0.33210000037797727,2,False,False,sha256:f14a3fe5e3a1717d,36422.05710000053
multi,30,42,213,1684,100,0.135338,2,0,True,0,inf,inf,4478.1340999979875,vuln:CVE-2020-9054@db-01:1433,True,0,inf,inf,4332.777199997508,True,0,inf,inf,2241.3637999998173,True,0,inf,inf,106.59500000110711,False,100,0.135338,0.0,0.21419999757199548,False,100,0.135338,0.0,1.3748000019404572,False,100,0.533978,0.39863999999999994,0.16200000027311035,False,100,0.533978,0.39863999999999994,7.286800002475502,False,100,0.533978,0.39863999999999994,2.7706000000762288,False,100,0.533978,0.39863999999999994,1.5056000011099968,True,0,inf,inf,1733.081599999423,False,100,0.135338,0.0,0.20960000256309286,2,False,False,sha256:f14a3fe5e3a1717d,36204.484600002615
multi,31,43,229,2018,100,0.467376,2,0,True,0,inf,inf,6635.725799998909,host:jump-00,True,0,inf,inf,5028.215099999215,True,0,inf,inf,1155.9544000010646,True,0,inf,inf,119.9276999977883,False,100,0.467376,0.0,0.19149999934597872,False,100,0.467376,0.0,7.100999999238411,False,100,0.49082,0.023443999999999965,0.18490000002202578,False,100,0.74616,0.27878400000000003,6.500600000435952,False,100,0.74616,0.27878400000000003,0.2227000004495494,False,100,0.74616,0.27878400000000003,3.6308999988250434,False,100,0.72381,0.25643399999999994,1598.5064999986207,False,100,0.722716,0.25534,0.9086999998544343,2,False,False,sha256:f14a3fe5e3a1717d,42410.85799999928
multi,32,44,229,1988,100,0.470432,2,0,True,0,inf,inf,6492.098200000328,cred:db_admin,True,0,inf,inf,5144.133000001602,True,0,inf,inf,3426.0214999994787,True,0,inf,inf,175.28829999719164,False,100,0.470432,0.0,0.1979000007850118,False,100,0.470432,0.0,6.274600000324426,False,100,0.667274,0.19684200000000002,3.6725999998452608,False,100,0.667274,0.19684200000000002,3.7887000034970697,False,100,0.667274,0.19684200000000002,0.420000000303844,False,100,0.667274,0.19684200000000002,4.071700001077261,False,100,0.788684,0.31825200000000003,2292.9258000003756,False,100,0.470432,0.0,0.25409999943803996,2,False,False,sha256:f14a3fe5e3a1717d,46815.378299997974
multi,33,45,229,1921,100,0.74044,2,0,True,0,inf,inf,5501.820699999371,vuln:CVE-2015-7266@db-01:1433,True,0,inf,inf,4237.604199999623,True,0,inf,inf,5355.357999997068,True,0,inf,inf,152.6529999973718,False,100,0.74044,0.0,0.3166999995301012,False,100,0.74044,0.0,4.712900001322851,False,100,0.761318,0.020878000000000063,0.18479999926057644,False,100,0.761318,0.020878000000000063,3.8220000024011824,False,100,0.761318,0.020878000000000063,0.20280000171624124,False,100,0.761318,0.020878000000000063,1.5879999991739169,False,100,0.758326,0.017885999999999957,1485.7805999999982,False,100,0.754892,0.01445200000000002,0.3332999986014329,2,False,False,sha256:f14a3fe5e3a1717d,42265.6410999989
multi,34,46,233,2083,100,0.317662,2,0,True,0,inf,inf,5240.178399999422,vuln:CVE-2021-40870@db-01:1433,True,0,inf,inf,5154.276799999934,True,0,inf,inf,3163.8979999988806,True,0,inf,inf,170.57759999806876,False,100,0.317662,0.0,0.20289999883971177,False,100,0.317662,0.0,1.631499999348307,False,100,0.342422,0.024760000000000004,0.46269999802461825,False,100,0.40846,0.09079799999999999,7.024700000329176,False,100,0.342422,0.024760000000000004,0.6038000028638635,False,100,0.40846,0.09079799999999999,1.3345000006665941,False,100,0.34324,0.02557799999999999,2637.193800001114,False,100,0.317662,0.0,0.2091999995172955,2,False,False,sha256:f14a3fe5e3a1717d,48006.23020000057
multi,35,47,247,2275,100,0.210538,2,0,True,0,inf,inf,5212.177299999894,cred:db_admin,True,0,inf,inf,4971.35409999828,True,0,inf,inf,1812.1648999986064,True,0,inf,inf,142.75980000093114,False,100,0.577292,0.366754,4.378200002975063,False,100,0.577292,0.366754,6.16019999870332,False,100,0.210538,0.0,0.18569999883766286,False,100,0.408856,0.198318,8.104900000034831,False,100,0.210538,0.0,0.2842999965650961,False,100,0.408856,0.198318,5.928200000198558,False,100,0.577292,0.366754,2015.5368999985512,False,100,0.210538,0.0,0.2206999997724779,2,False,False,sha256:f14a3fe5e3a1717d,42681.78970000008
multi,36,48,257,2431,100,0.40598,2,0,True,0,inf,inf,2760.654199999408,cred:db_admin,True,0,inf,inf,2261.81230000293,True,0,inf,inf,5057.644699998491,True,0,inf,inf,197.6935999991838,False,100,0.40598,0.0,0.22429999808082357,False,100,0.40598,0.0,5.698900000425056,False,100,0.40598,0.0,3.307799997855909,False,100,0.40598,0.0,4.831099999137223,False,100,0.40598,0.0,0.2550999997765757,False,100,0.40598,0.0,1.535900002636481,False,100,0.663676,0.25769600000000004,1969.7670999994443,False,100,0.40598,0.0,0.2269000033265911,2,False,False,sha256:f14a3fe5e3a1717d,41184.27339999835
multi,37,49,261,2613,100,0.378412,2,0,True,0,inf,inf,4893.7789000010525,cred:db_admin,True,0,inf,inf,5903.323899998213,True,0,inf,inf,3261.614799997915,True,0,inf,inf,126.55539999832399,False,100,0.378412,0.0,0.216500000533415,False,100,0.378412,0.0,8.709599998837803,False,100,0.40198,0.023567999999999978,0.26000000070780516,False,100,0.40198,0.023567999999999978,7.237300000269897,False,100,0.40198,0.023567999999999978,0.15669999993406236,False,100,0.40198,0.023567999999999978,10.072799999761628,False,100,0.761608,0.3831959999999999,2296.9610999971337,False,100,0.378412,0.0,0.2376000011281576,2,False,False,sha256:f14a3fe5e3a1717d,46660.43060000084
multi,38,50,257,2432,100,0.371594,2,0,True,0,inf,inf,9235.245299998496,vuln:CVE-2025-0724@db-01:1433,True,0,inf,inf,5805.820000001404,True,0,inf,inf,2589.2903999992996,True,0,inf,inf,149.4931999986875,False,100,0.568876,0.19728200000000007,3.4384999999019783,False,100,0.568876,0.19728200000000007,9.489300002314849,False,100,0.58294,0.21134600000000003,0.24080000002868474,False,100,0.58294,0.21134600000000003,10.023599999840371,False,100,0.58294,0.21134600000000003,0.3184000015608035,False,100,0.58294,0.21134600000000003,3.0487000003631692,False,100,0.598778,0.22718400000000005,2057.470199997624,False,100,0.371594,0.0,1.0610999997879844,3,False,False,sha256:f14a3fe5e3a1717d,56140.09029999943
multi,39,51,251,2358,100,0.225622,2,0,True,0,inf,inf,6169.445300001826,cred:db_admin,True,0,inf,inf,5750.801499998488,True,0,inf,inf,4974.312400001509,True,0,inf,inf,178.87850000261096,False,100,0.225622,0.0,0.2825999981723726,False,100,0.225622,0.0,1.2341000001470093,False,100,0.405108,0.17948600000000003,0.3371999991941266,False,100,0.405108,0.17948600000000003,2.7452000031189527,False,100,0.405108,0.17948600000000003,0.3029999970749486,False,100,0.405108,0.17948600000000003,1.3712999971176032,False,100,0.654638,0.42901600000000006,2726.584099997126,False,100,0.225622,0.0,0.28530000054161064,2,False,False,sha256:f14a3fe5e3a1717d,53003.326499998366
multi,40,52,267,2755,100,0.674682,2,0,True,0,inf,inf,6194.972400000552,host:jump-01,True,0,inf,inf,6521.731500000897,True,0,inf,inf,1568.562500000553,True,0,inf,inf,318.0132000015874,False,100,0.674682,0.0,0.23149999833549373,False,100,0.674682,0.0,1.8801000005623791,False,100,0.681926,0.007244000000000028,0.15329999951063655,False,100,0.689096,0.014414000000000038,8.32530000116094,False,100,0.681926,0.007244000000000028,0.2229999990959186,False,100,0.689096,0.014414000000000038,1.6690000011294615,False,100,0.764276,0.08959399999999995,2978.271899999527,False,100,0.675724,0.0010419999999999874,0.3483000000414904,2,False,False,sha256:f14a3fe5e3a1717d,49052.50879999949
multi,41,53,279,2964,100,0.330118,2,0,True,0,inf,inf,7636.543000000529,host:jump-00,True,0,inf,inf,6894.477100002405,True,0,inf,inf,1647.3174000020663,True,0,inf,inf,143.92469999802415,False,100,0.330118,0.0,0.20930000027874485,False,100,0.330118,0.0,9.162100002868101,False,100,0.503624,0.17350599999999994,2.2295000017038547,False,100,0.51028,0.18016199999999993,9.117199999309378,False,100,0.503624,0.17350599999999994,0.22820000231149606,False,100,0.51028,0.18016199999999993,11.314299998048227,False,100,0.51028,0.18016199999999993,2057.850799999869,False,100,0.330118,0.0,0.2578000021458138,2,False,False,sha256:f14a3fe5e3a1717d,56548.46270000053
multi,42,54,273,2829,100,0.47367,2,0,True,0,inf,inf,13856.890600000042,vuln:CVE-2017-17945@db-01:1433,True,0,inf,inf,11560.023499998351,True,0,inf,inf,2105.484899999283,True,0,inf,inf,255.11249999908614,False,100,0.47367,0.0,0.25349999850732274,False,100,0.47367,0.0,12.208100000862032,False,100,0.489276,0.015606000000000009,0.23579999833600596,False,100,0.493352,0.019682000000000033,6.535799999255687,False,100,0.489276,0.015606000000000009,0.24290000146720558,False,100,0.493352,0.019682000000000033,6.296600000496255,False,100,0.576686,0.10301600000000005,2233.6872999985644,False,100,0.47367,0.0,0.28559999918797985,3,False,False,sha256:f14a3fe5e3a1717d,67971.85220000028
multi,43,55,271,2856,100,0.321266,2,0,True,0,inf,inf,14725.286400000186,vuln:CVE-2015-0017@db-01:1433,True,0,inf,inf,11073.450600000797,True,0,inf,inf,5358.6059999979625,True,0,inf,inf,325.26529999813647,False,100,0.321266,0.0,0.3704999980982393,False,100,0.321266,0.0,4.2254999971191864,False,100,0.356988,0.03572200000000003,0.19279999833088368,False,100,0.36595,0.044684,4.078700003447011,False,100,0.356988,0.03572200000000003,0.22510000053443946,False,100,0.36595,0.044684,5.213699998421362,False,100,0.506442,0.18517599999999995,1931.1392999989039,False,100,0.321266,0.0,0.26649999927030876,3,False,False,sha256:f14a3fe5e3a1717d,70724.12690000056
multi,44,56,293,3225,100,0.48448,2,0,True,0,inf,inf,5801.298200000019,host:jump-01,True,0,inf,inf,6933.256099997379,True,0,inf,inf,1966.69479999764,True,0,inf,inf,192.2822000015003,False,100,0.48448,0.0,0.2509000005375128,False,100,0.48448,0.0,7.522800002334407,False,100,0.48448,0.0,0.23439999858965166,False,100,0.48448,0.0,7.494500001484994,False,100,0.48448,0.0,0.28620000011869706,False,100,0.48448,0.0,5.623400000331458,False,100,0.663152,0.17867199999999994,1890.381699999125,False,100,0.657966,0.17348600000000003,0.3386999997019302,2,False,False,sha256:f14a3fe5e3a1717d,46989.17839999922
multi,45,57,295,3164,100,0.464194,2,0,True,0,inf,inf,12601.797099996475,cred:db_admin,True,0,inf,inf,7018.061400001898,True,0,inf,inf,4822.909399998025,True,0,inf,inf,183.48459999833722,False,100,0.464194,0.0,0.3262000027461909,False,100,0.464194,0.0,4.277200001524761,False,100,0.464194,0.0,0.3585999984352384,False,100,0.772208,0.308014,10.203999998338986,False,100,0.464194,0.0,2.6981999981217086,False,100,0.772208,0.308014,10.716300002968637,False,100,0.564998,0.100804,1927.5972000032198,False,100,0.464194,0.0,0.3687999997055158,3,False,False,sha256:f14a3fe5e3a1717d,61225.72850000142
multi,46,58,295,3383,100,0.622746,2,0,True,0,inf,inf,7275.818199999776,cred:db_admin,True,0,inf,inf,5763.700399998925,True,0,inf,inf,7038.54919999867,True,0,inf,inf,198.310700001457,False,100,0.622746,0.0,0.228899996727705,False,100,0.622746,0.0,12.536599999293685,False,100,0.622746,0.0,4.283599999325816,False,100,0.622746,0.0,5.213299999013543,False,100,0.622746,0.0,0.17239999942830764,False,100,0.622746,0.0,8.419499998126412,False,100,0.626988,0.004241999999999968,2661.119000000326,False,100,0.622746,0.0,0.24839999969117343,2,False,False,sha256:f14a3fe5e3a1717d,58352.22330000033
multi,47,59,307,3582,100,0.326004,2,0,True,0,inf,inf,6149.174899997888,vuln:CVE-2026-34909@db-01:1433,True,0,inf,inf,5750.321700001223,True,0,inf,inf,2548.8604999991367,True,0,inf,inf,129.2797000023711,False,100,0.58001,0.254006,4.568700001982506,False,100,0.58001,0.254006,11.126600002171472,False,100,0.35098,0.024975999999999998,2.4360999996133614,False,100,0.35098,0.024975999999999998,6.915400001162197,False,100,0.35098,0.024975999999999998,0.3003000019816682,False,100,0.35098,0.024975999999999998,9.682399999292102,False,100,0.352324,0.02632000000000001,2674.3772000008903,False,100,0.326004,0.0,0.24529999791411683,2,False,False,sha256:f14a3fe5e3a1717d,57058.633000000555
multi,48,60,317,3761,100,0.505688,2,0,True,0,inf,inf,14429.214899999351,vuln:CVE-2026-42472@db-01:1433,True,0,inf,inf,9137.945200000104,True,0,inf,inf,6129.563200000121,True,0,inf,inf,248.56309999813675,False,100,0.505688,0.0,0.31010000020614825,False,100,0.505688,0.0,6.818300000304589,False,100,0.527028,0.021340000000000026,0.2635000018926803,False,100,0.527028,0.021340000000000026,6.267599997954676,False,100,0.527028,0.021340000000000026,0.29400000130408444,False,100,0.527028,0.021340000000000026,8.609399999841116,False,100,0.609714,0.10402599999999995,2994.2308999998204,False,100,0.505688,0.0,0.2872000004572328,3,False,False,sha256:f14a3fe5e3a1717d,82406.58670000266
multi,49,12,69,153,100,0.575754,2,0,True,0,inf,inf,881.535200001963,vuln:CVE-2017-9248@web-01:443,True,0,inf,inf,528.36219999881,True,0,inf,inf,347.40579999925103,True,0,inf,inf,11.00600000063423,False,100,0.751656,0.175902,0.06450000000768341,False,100,0.781182,0.20542800000000006,0.5020999997213949,False,100,0.748914,0.17315999999999998,0.1388000018778257,False,100,0.748914,0.17315999999999998,0.4743000026792288,False,100,0.748914,0.17315999999999998,0.15440000061062165,False,100,0.748914,0.17315999999999998,8.757999999943422,False,100,0.608022,0.03226799999999996,56.38290000206325,False,100,0.575754,0.0,0.16849999883561395,2,False,False,sha256:f14a3fe5e3a1717d,8100.7199000014225
none,0,12,78,244,100,0.3139,4,0,False,100,0.429466,0.115566,704.6584999989136,vuln:CVE-2018-16492@edge-02:443,False,100,0.429466,0.115566,499.95819999821833,False,100,0.5185,0.20459999999999995,817.0996999979252,False,100,0.436934,0.12303399999999998,10.393300002760952,False,100,0.429466,0.115566,6.08020000072429,False,100,0.429466,0.115566,0.6007999982102774,False,100,0.3139,0.0,0.07539999933214858,False,100,0.3139,0.0,2.5685999971756246,False,100,0.3139,0.0,0.09720000161905773,False,100,0.3139,0.0,0.5101999995531514,False,100,0.3139,0.0,101.73679999934393,False,100,0.3139,0.0,0.13389999730861746,4,False,False,sha256:f14a3fe5e3a1717d,8888.921100002335
none,1,13,84,279,100,0.31507,4,0,False,100,0.391002,0.075932,493.2998999975098,host:app-05,False,100,0.391002,0.075932,562.6277999981539,False,100,0.520096,0.20502599999999999,1077.9502000004868,False,100,0.435128,0.120058,14.618100001825951,False,100,0.391002,0.075932,0.10209999891230837,False,100,0.391002,0.075932,0.5630000014207326,False,100,0.31507,0.0,0.09230000068782829,False,100,0.31507,0.0,0.7635000001755543,False,100,0.31507,0.0,0.09349999891128391,False,100,0.31507,0.0,0.5736000020988286,False,100,0.31507,0.0,117.97669999941718,False,100,0.31507,0.0,4.824899999221088,5,False,False,sha256:f14a3fe5e3a1717d,11169.903300000442
none,2,14,86,290,100,0.230532,4,0,False,100,0.512852,0.28232,1069.6090000019467,vuln:CVE-2021-22205@edge-00:443,False,100,0.512852,0.28232,1091.811999998754,False,100,0.512852,0.28232,1053.0294999989565,False,100,0.435552,0.20502,12.903800001367927,False,100,0.319236,0.08870400000000003,0.10019999899668619,False,100,0.319236,0.08870400000000003,0.5404999974416569,False,100,0.319236,0.08870400000000003,0.08380000144825317,False,100,0.319236,0.08870400000000003,3.0293999989225995,False,100,0.319236,0.08870400000000003,0.18249999993713573,False,100,0.319236,0.08870400000000003,0.5975999993097503,False,100,0.230532,0.0,133.5276000027079,False,100,0.230532,0.0,0.13269999908516183,4,False,False,sha256:f14a3fe5e3a1717d,12741.52260000119
none,3,15,98,368,100,0.069472,5,0,False,100,0.34725,0.27777799999999997,919.1539999992528,vuln:CVE-2015-7450@db-01:3389,False,100,0.34725,0.27777799999999997,953.2753999992565,False,100,0.362044,0.29257199999999994,1036.8184999970254,False,100,0.34725,0.27777799999999997,29.296699998667464,False,100,0.145,0.07552799999999998,0.16309999773511663,False,100,0.145,0.07552799999999998,0.5571000001509674,False,100,0.145,0.07552799999999998,0.08280000110971741,False,100,0.145,0.07552799999999998,0.5898999988858122,False,100,0.145,0.07552799999999998,12.488899999880232,False,100,0.19,0.120528,5.229299997154158,False,100,0.069472,0.0,203.3484999992652,False,100,0.069472,0.0,0.1429999974789098,10,False,False,sha256:f14a3fe5e3a1717d,18677.412600001844
none,4,16,104,410,100,0.065002,5,0,False,100,0.260144,0.19514199999999998,2519.752600001084,vuln:CVE-2019-19006@db-01:445,False,100,0.260144,0.19514199999999998,2391.0647999982757,False,100,0.29397,0.228968,1567.7710000018124,False,100,0.260144,0.19514199999999998,34.16629999992438,False,100,0.19,0.124998,0.14490000103251077,False,100,0.19,0.124998,0.6358000027830712,False,100,0.09,0.024997999999999992,0.091200003225822,False,100,0.19,0.124998,1.9189000013284385,False,100,0.09,0.024997999999999992,0.10929999916697852,False,100,0.19,0.124998,0.6663999993179459,False,100,0.065002,0.0,288.4489999996731,False,100,0.065002,0.0,0.13440000111586414,8,False,False,sha256:f14a3fe5e3a1717d,25326.45330000014
none,5,17,108,458,100,0.258958,5,0,False,100,0.513696,0.254738,1432.805799999187,vuln:CVE-2026-16232@db-01:445,False,100,0.513696,0.254738,1080.7039000028453,False,100,0.513696,0.254738,1514.975800000684,False,100,0.513696,0.254738,33.50819999832311,False,100,0.258958,0.0,0.0932000002649147,False,100,0.258958,0.0,5.8233999989170115,False,100,0.258958,0.0,0.09100000170292333,False,100,0.319236,0.060278,7.641700001840945,False,100,0.258958,0.0,0.1340000017080456,False,100,0.319236,0.060278,5.147199997736607,False,100,0.258958,0.0,246.96200000107638,False,100,0.258958,0.0,0.12900000001536682,11,False,False,sha256:f14a3fe5e3a1717d,20288.277499999822
none,6,18,100,415,100,0.157254,6,0,False,100,0.516536,0.359282,1149.904100002459,vuln:CVE-2026-16232@edge-00:443,False,100,0.516536,0.359282,918.5018999996828,False,100,0.516536,0.359282,1552.7843000018038,False,100,0.508632,0.35137799999999997,13.95549999870127,False,100,0.264162,0.106908,0.16010000035748817,False,100,0.264162,0.106908,17.593799999303883,False,100,0.508632,0.35137799999999997,0.07890000051702373,False,100,0.508632,0.35137799999999997,0.6579000000783708,False,100,0.157254,0.0,0.12939999942318536,False,100,0.508632,0.35137799999999997,0.6668999994872138,False,100,0.157254,0.0,194.63320000068052,False,100,0.157254,0.0,0.1770999988366384,9,False,False,sha256:f14a3fe5e3a1717d,15831.463300000905
none,7,19,112,503,100,0.262812,6,0,False,100,0.43617,0.173358,1247.9335999996692,vuln:CVE-2023-6345@edge-04:443,False,100,0.43617,0.173358,1215.4577000001154,False,100,0.43617,0.173358,1590.8860999988974,False,100,0.340604,0.07779200000000003,32.21770000163815,False,100,0.262812,0.0,0.11199999789823778,False,100,0.262812,0.0,7.61640000200714,False,100,0.262812,0.0,0.11190000077476725,False,100,0.262812,0.0,0.7178999985626433,False,100,0.262812,0.0,0.20339999900897965,False,100,0.318324,0.055512000000000006,0.752799998736009,False,100,0.262812,0.0,292.5102000008337,False,100,0.262812,0.0,5.7536999993317295,6,False,False,sha256:f14a3fe5e3a1717d,18362.52020000029
none,8,20,116,557,100,0.243802,6,0,False,100,0.404002,0.16019999999999998,996.6567999981635,vuln:CVE-2023-24489@db-01:5985,False,100,0.404002,0.16019999999999998,922.7922999998555,False,100,0.51722,0.27341800000000005,2110.0732000013522,False,100,0.51722,0.27341800000000005,19.371299997146707,False,100,0.243802,0.0,0.11299999823677354,False,100,0.318488,0.074686,0.961900001129834,False,100,0.318488,0.074686,0.12029999925289303,False,100,0.318488,0.074686,5.1991000000271015,False,100,0.318488,0.074686,0.11180000001331791,False,100,0.318488,0.074686,0.7508999988203868,False,100,0.243802,0.0,313.415000000532,False,100,0.243802,0.0,0.16089999917312525,8,False,False,sha256:f14a3fe5e3a1717d,18841.493299998547
none,9,21,126,658,100,0.19,7,0,False,100,0.36341,0.17341,1497.3343000019668,vuln:CVE-2017-6740@edge-03:443,False,100,0.36341,0.17341,1600.032900001679,False,100,0.36341,0.17341,2233.5667999977886,False,100,0.324062,0.13406200000000001,52.772700000787154,False,100,0.19,0.0,0.11679999806801789,False,100,0.19,0.0,8.889400000043679,False,100,0.19,0.0,0.1157000006060116,False,100,0.19,0.0,0.8508000028086826,False,100,0.19,0.0,0.13079999916953966,False,100,0.19,0.0,0.7499999992433004,False,100,0.261684,0.07168400000000003,420.4773000019486,False,100,0.19,0.0,0.17319999824394472,9,False,False,sha256:f14a3fe5e3a1717d,23995.880899998156
none,10,22,124,631,100,0.145,7,0,False,100,0.263286,0.11828600000000003,1960.1136999990558,cred:dba_app-10,False,100,0.263286,0.11828600000000003,1917.3269999992044,False,100,0.34685,0.20185,2279.621899997437,False,100,0.31706,0.17206000000000002,41.023199999472126,False,100,0.145,0.0,0.14739999824087135,False,100,0.145,0.0,0.8173000023816712,False,100,0.145,0.0,0.10970000221277587,False,100,0.145,0.0,0.6031000011716969,False,100,0.145,0.0,0.12629999764612876,False,100,0.145,0.0,0.7537999990745448,False,100,0.145,0.0,328.8259000000835,False,100,0.145,0.0,0.1731000011204742,10,False,False,sha256:f14a3fe5e3a1717d,34366.59040000086
none,11,23,140,782,100,0.06535,7,0,False,100,0.348728,0.28337799999999996,3531.626199997845,vuln:CVE-2021-37415@db-01:5985,False,100,0.348728,0.28337799999999996,3379.3516000005184,False,100,0.348728,0.28337799999999996,2590.702199999214,False,100,0.348728,0.28337799999999996,39.278899999771966,False,100,0.06535,0.0,0.14790000204811804,False,100,0.06535,0.0,8.49749999906635,False,100,0.18268,0.11733,0.11160000212839805,False,100,0.18268,0.11733,0.79600000026403,False,100,0.18268,0.11733,0.14369999917107634,False,100,0.18268,0.11733,6.3135999989754055,False,100,0.06535,0.0,590.9103999983927,False,100,0.06535,0.0,0.24820000180625357,10,False,False,sha256:f14a3fe5e3a1717d,36520.75980000154
none,12,24,134,788,100,0.242282,8,0,False,100,0.317598,0.075316,1834.3422999969334,vuln:CVE-2022-22947@edge-03:443,False,100,0.317598,0.075316,1406.942400000844,False,100,0.435332,0.19305,2291.6337000024214,False,100,0.435332,0.19305,29.213100002380088,False,100,0.40393,0.16164800000000001,0.11760000052163377,False,100,0.40393,0.16164800000000001,0.9921000018948689,False,100,0.242282,0.0,0.20470000163186342,False,100,0.317598,0.075316,0.9318999982497189,False,100,0.242282,0.0,0.16279999908874743,False,100,0.317598,0.075316,0.7722000009380281,False,100,0.242282,0.0,503.56079999983194,False,100,0.242282,0.0,0.16700000196578912,12,False,False,sha256:f14a3fe5e3a1717d,25062.900900000386
none,13,25,142,860,100,0.19,8,0,False,100,0.318214,0.128214,1985.9642000010354,vuln:CVE-2016-7200@edge-02:443,False,100,0.318214,0.128214,1569.343499999377,False,100,0.433644,0.24364399999999997,3629.4113000003563,False,100,0.433644,0.24364399999999997,52.13200000071083,False,100,0.262044,0.072044,0.8005999989109114,False,100,0.262044,0.072044,0.7022999998298474,False,100,0.318214,0.128214,0.2520000016374979,False,100,0.318214,0.128214,0.6216000001586508,False,100,0.318214,0.128214,0.13190000026952475,False,100,0.318214,0.128214,1.1545999986992683,False,100,0.262044,0.072044,789.2776000007871,False,100,0.19,0.0,0.21890000061830506,10,False,False,sha256:f14a3fe5e3a1717d,27876.111699999456
none,14,26,144,891,100,0.09,8,0,False,100,0.383736,0.293736,3733.260999997583,vuln:CVE-2019-4716@db-01:5985,False,100,0.383736,0.293736,3008.671700001287,False,100,0.383736,0.293736,3268.2138999989547,False,100,0.383736,0.293736,52.79309999968973,False,100,0.09,0.0,0.15070000154082663,False,100,0.09,0.0,7.5486999994609505,False,100,0.263056,0.17305600000000002,0.13100000069243833,False,100,0.263056,0.17305600000000002,8.943600001657614,False,100,0.263056,0.17305600000000002,0.1374000021314714,False,100,0.263056,0.17305600000000002,1.0609000019030645,False,100,0.09,0.0,620.7116999976279,False,100,0.09,0.0,4.656900000554742,10,False,False,sha256:f14a3fe5e3a1717d,33510.84510000146
none,15,27,158,1008,100,0.185052,8,0,False,100,0.258234,0.07318200000000002,1729.1850000001432,vuln:CVE-2023-21690@db-01:445,False,100,0.258234,0.07318200000000002,1938.5397999976703,False,100,0.383396,0.19834400000000002,3796.944200003054,False,100,0.263414,0.07836199999999999,78.71940000040922,False,100,0.185052,0.0,0.307099999190541,False,100,0.209934,0.024882000000000015,9.314400002040202,False,100,0.209934,0.024882000000000015,0.13279999984661117,False,100,0.209934,0.024882000000000015,6.239299997105263,False,100,0.209934,0.024882000000000015,0.18120000095223077,False,100,0.209934,0.024882000000000015,1.1794000020017847,False,100,0.209934,0.024882000000000015,591.0148000002664,False,100,0.185052,0.0,0.18500000078347512,12,False,False,sha256:f14a3fe5e3a1717d,31594.510200000514
none,16,28,154,993,100,0.09,8,0,False,100,0.348824,0.25882400000000005,1782.5219000005745,vuln:CVE-2024-8957@db-01:1433,False,100,0.348824,0.25882400000000005,2047.429900001589,False,100,0.348824,0.25882400000000005,4376.767400000972,False,100,0.348824,0.25882400000000005,71.89440000001923,False,100,0.09,0.0,7.973200001288205,False,100,0.09,0.0,4.349099999672035,False,100,0.09,0.0,0.12959999730810523,False,100,0.264238,0.17423799999999998,1.0346000017307233,False,100,0.09,0.0,0.16459999824292026,False,100,0.264238,0.17423799999999998,7.661999999982072,False,100,0.09,0.0,812.9146000028413,False,100,0.178402,0.08840200000000001,0.1641000017116312,9,False,False,sha256:f14a3fe5e3a1717d,27953.940299998067
none,17,29,166,1164,100,0.048384,8,0,False,100,0.318758,0.270374,4098.095599998487,vuln:CVE-2021-42013@db-01:1433,False,100,0.318758,0.270374,3256.8417000002228,False,100,0.355262,0.30687800000000004,4440.108400001918,False,100,0.355262,0.30687800000000004,49.811099997896235,False,100,0.048384,0.0,0.09940000018104911,False,100,0.048384,0.0,1.213100000313716,False,100,0.318758,0.270374,0.09219999992637895,False,100,0.318758,0.270374,1.3078999982099049,False,100,0.318758,0.270374,0.11320000339765102,False,100,0.318758,0.270374,2.1075000004202593,False,100,0.048384,0.0,906.8397999981244,False,100,0.081388,0.033004,0.1249999986612238,12,False,False,sha256:f14a3fe5e3a1717d,29578.281800000696
none,18,30,176,1239,100,0.07266,8,0,False,100,0.249786,0.177126,1988.1580000001122,vuln:CVE-2022-24706@edge-05:443,False,100,0.249786,0.177126,1542.0268999987456,False,100,0.259358,0.18669799999999998,4993.006799999421,False,100,0.259358,0.18669799999999998,65.22339999719406,False,100,0.07998,0.007319999999999993,5.627800001093419,False,100,0.07998,0.007319999999999993,1.0800999989442062,False,100,0.187466,0.11480599999999999,0.1081000009435229,False,100,0.194786,0.12212599999999998,1.6515999996045139,False,100,0.187466,0.11480599999999999,0.10869999823626131,False,100,0.194786,0.12212599999999998,0.7667999998375308,False,100,0.187466,0.11480599999999999,489.458600000944,False,100,0.07266,0.0,0.12440000136848539,9,False,False,sha256:f14a3fe5e3a1717d,24294.98969999986
none,19,31,174,1290,100,0.318794,8,0,False,100,0.401218,0.082424,1310.9180999999808,host:app-06,False,100,0.401218,0.082424,1092.94189999855,False,100,0.432212,0.11341799999999996,3043.707299999369,False,100,0.432212,0.11341799999999996,67.53430000026128,False,100,0.318794,0.0,0.1940000001923181,False,100,0.318794,0.0,7.137100001273211,False,100,0.318794,0.0,0.13309999849298038,False,100,0.318794,0.0,0.681800000165822,False,100,0.318794,0.0,0.09159999899566174,False,100,0.318794,0.0,0.778000001446344,False,100,0.318794,0.0,377.6216000005661,False,100,0.318794,0.0,0.12140000035287812,9,False,False,sha256:f14a3fe5e3a1717d,18756.258999997954
none,20,32,170,1274,100,0.120118,8,0,False,100,0.427536,0.307418,1612.4578999988444,vuln:CVE-2020-10189@edge-04:443,False,100,0.427536,0.307418,1342.3526999977184,False,100,0.427536,0.307418,3310.4435999994166,False,100,0.427536,0.307418,59.33580000055372,False,100,0.120118,0.0,0.13169999874662608,False,100,0.24761,0.127492,0.7405000033031683,False,100,0.261904,0.14178600000000002,0.09199999840348028,False,100,0.261904,0.14178600000000002,0.6472999994002748,False,100,0.261904,0.14178600000000002,0.12789999891538173,False,100,0.261904,0.14178600000000002,1.317999998718733,False,100,0.24761,0.127492,337.39800000330433,False,100,0.120118,0.0,0.13620000027003698,11,False,False,sha256:f14a3fe5e3a1717d,22424.837999999
none,21,33,180,1390,100,0.09,8,0,False,100,0.319,0.229,4199.88640000156,vuln:CVE-2024-41710@db-01:1433,False,100,0.319,0.229,2922.9681999968307,False,100,0.31917,0.22917,2091.2533000009716,False,100,0.31917,0.22917,89.84589999818127,False,100,0.09,0.0,0.17659999866737053,False,100,0.09,0.0,0.8172000016202219,False,100,0.09,0.0,0.19379999866941944,False,100,0.319,0.229,0.8938999999372754,False,100,0.09,0.0,0.11850000009872019,False,100,0.319,0.229,0.8809999999357387,False,100,0.09,0.0,406.27930000118795,False,100,0.09,0.0,0.14970000120229088,10,False,False,sha256:f14a3fe5e3a1717d,23741.643200002727
none,22,34,192,1550,100,0.239024,8,0,False,100,0.317988,0.078964,1898.844100000133,vuln:CVE-2024-4879@edge-05:443,False,100,0.317988,0.078964,566.2224999978207,False,100,0.436644,0.19762,2014.6235000029264,False,100,0.436644,0.19762,79.41099999879953,False,100,0.239024,0.0,0.10019999899668619,False,100,0.239024,0.0,1.0728000015660655,False,100,0.317988,0.078964,0.130899999930989,False,100,0.317988,0.078964,0.7504999994125683,False,100,0.317988,0.078964,0.11749999976018444,False,100,0.317988,0.078964,0.851099997817073,False,100,0.239024,0.0,434.34049999996205,False,100,0.239024,0.0,0.16680000044289045,11,False,False,sha256:f14a3fe5e3a1717d,17399.755299997196
none,23,35,194,1656,100,0.09,8,0,False,100,0.260822,0.170822,799.3873000013991,vuln:CVE-2024-38812@edge-10:443,False,100,0.260822,0.170822,853.5417999992205,False,100,0.31762,0.22762000000000002,4092.5023999989207,False,100,0.26262,0.17262000000000002,12.093199999071658,False,100,0.09,0.0,0.12450000212993473,False,100,0.09,0.0,0.8394999968004413,False,100,0.09,0.0,0.1171000003523659,False,100,0.260822,0.170822,0.7139000008464791,False,100,0.09,0.0,0.1109000004362315,False,100,0.260822,0.170822,0.8336999999301042,False,100,0.09,0.0,543.7020000026678,False,100,0.09,0.0,0.15559999883407727,10,False,False,sha256:f14a3fe5e3a1717d,17423.335499999666
none,24,36,194,1634,100,0.040178,8,0,False,100,0.3,0.259822,3126.708100000542,vuln:CVE-2021-20038@db-01:1433,False,100,0.3,0.259822,1697.312600001169,False,100,0.319202,0.279024,1552.793599999859,False,100,0.319202,0.279024,11.931599998206366,False,100,0.040178,0.0,0.11580000136746094,False,100,0.040178,0.0,0.9052999994310085,False,100,0.065176,0.024998,0.09990000035031699,False,100,0.319202,0.279024,1.017499998852145,False,100,0.065176,0.024998,0.11440000162110664,False,100,0.319202,0.279024,1.1257000005571172,False,100,0.040178,0.0,614.4988999985799,False,100,0.040178,0.0,1.7699000018183142,11,False,False,sha256:f14a3fe5e3a1717d,20677.56030000237
none,25,37,214,1952,100,0.145,8,0,False,100,0.5164,0.37139999999999995,1001.2225999998918,vuln:CVE-2016-0189@edge-04:443,False,100,0.5164,0.37139999999999995,703.8948000008531,False,100,0.5164,0.37139999999999995,2543.8420999998925,False,100,0.346852,0.201852,17.659099998127203,False,100,0.145,0.0,0.12540000170702115,False,100,0.145,0.0,0.9996000007959083,False,100,0.145,0.0,0.11799999992945231,False,100,0.5164,0.37139999999999995,1.1687000005622394,False,100,0.145,0.0,0.13419999959296547,False,100,0.5164,0.37139999999999995,0.9924000005412381,False,100,0.145,0.0,595.6415000000561,False,100,0.145,0.0,0.3544999999576248,9,False,False,sha256:f14a3fe5e3a1717d,15555.23820000235
none,26,38,206,1814,100,0.256008,8,0,False,100,0.381966,0.12595800000000001,1017.2328000007838,vuln:CVE-2019-15562@db-01:445,False,100,0.381966,0.12595800000000001,826.4407999995456,False,100,0.403858,0.14784999999999998,1747.9583999993338,False,100,0.381966,0.12595800000000001,53.39060000187601,False,100,0.256008,0.0,0.1399000029778108,False,100,0.256008,0.0,0.9409000012965407,False,100,0.261684,0.005676000000000014,0.25069999901461415,False,100,0.261684,0.005676000000000014,0.8463999984087422,False,100,0.261684,0.005676000000000014,0.10680000195861794,False,100,0.261684,0.005676000000000014,1.0617999978421722,False,100,0.261684,0.005676000000000014,562.2309999998834,False,100,0.256008,0.0,0.1343000003544148,13,False,False,sha256:f14a3fe5e3a1717d,16412.337499998102
none,27,39,214,1940,100,0.127432,8,0,False,100,0.48794,0.360508,1527.1651999973983,vuln:CVE-2021-35587@edge-02:443,False,100,0.48794,0.360508,1459.1433000023244,False,100,0.48794,0.360508,4427.739700000529,False,100,0.48794,0.360508,53.05969999972149,False,100,0.127432,0.0,0.13310000213095918,False,100,0.127432,0.0,0.9437999979127198,False,100,0.127432,0.0,0.09990000035031699,False,100,0.325666,0.19823400000000002,1.061800001480151,False,100,0.127432,0.0,0.14279999959398992,False,100,0.325666,0.19823400000000002,1.1444999981904402,False,100,0.325666,0.19823400000000002,728.0905999978131,False,100,0.127432,0.0,0.14699999883305281,10,False,False,sha256:f14a3fe5e3a1717d,18896.25259999957
none,28,40,212,2005,100,0.066556,8,0,False,100,0.248804,0.182248,1875.9668999991845,vuln:CVE-2026-82078@db-01:5985,False,100,0.248804,0.182248,1808.4616000014648,False,100,0.318778,0.252222,1694.5000999985496,False,100,0.25734,0.190784,16.69650000258116,False,100,0.066556,0.0,0.12340000102994964,False,100,0.066556,0.0,1.0729999994509853,False,100,0.066556,0.0,0.13979999857838266,False,100,0.074736,0.008179999999999993,1.4372999976330902,False,100,0.066556,0.0,0.1570999993418809,False,100,0.074736,0.008179999999999993,1.1305999978503678,False,100,0.066556,0.0,671.8455000009271,False,100,0.066556,0.0,0.14789999841013923,9,False,False,sha256:f14a3fe5e3a1717d,22879.77949999913
none,29,41,226,2212,100,0.145,8,0,False,100,0.338688,0.193688,1012.1548999995866,vuln:CVE-2026-23933@db-01:1433,False,100,0.338688,0.193688,904.0515999986383,False,100,0.348908,0.203908,2284.812099998817,False,100,0.348908,0.203908,37.11479999765288,False,100,0.145,0.0,0.14560000272467732,False,100,0.145,0.0,0.978600000962615,False,100,0.145,0.0,0.24420000045211054,False,100,0.26428,0.11928000000000002,1.0665000008884817,False,100,0.145,0.0,0.17190000289701857,False,100,0.26428,0.11928000000000002,2.1416999989014585,False,100,0.145,0.0,731.1663000000408,False,100,0.145,0.0,0.14039999950909987,11,False,False,sha256:f14a3fe5e3a1717d,18596.963799998775
none,30,42,230,2242,100,0.140288,8,0,False,100,0.26252,0.12223199999999998,1254.8415999990539,host:app-12,False,100,0.26252,0.12223199999999998,1131.9389000018418,False,100,0.315956,0.17566800000000002,4213.109200001782,False,100,0.263578,0.12328999999999998,87.45410000119591,False,100,0.140288,0.0,0.15050000001792796,False,100,0.140288,0.0,1.1029999986931216,False,100,0.26252,0.12223199999999998,0.34220000088680536,False,100,0.26252,0.12223199999999998,0.9525000023131724,False,100,0.26252,0.12223199999999998,0.1937000015459489,False,100,0.26252,0.12223199999999998,1.1321000019961502,False,100,0.237568,0.09728,304.84960000103456,False,100,0.140288,0.0,0.1602000011189375,13,False,False,sha256:f14a3fe5e3a1717d,19400.571300000593
none,31,43,236,2426,100,0.09,8,0,False,100,0.263962,0.17396199999999998,2382.6793000007456,vuln:CVE-2026-22719@db-01:5985,False,100,0.263962,0.17396199999999998,1911.8942999994033,False,100,0.30756,0.21756,3663.5257999987516,False,100,0.263962,0.17396199999999998,70.28609999906621,False,100,0.09,0.0,0.18529999942984432,False,100,0.09,0.0,1.1541999992914498,False,100,0.09,0.0,0.1387999982398469,False,100,0.09,0.0,1.4781000027142,False,100,0.09,0.0,0.15499999790336005,False,100,0.09,0.0,1.1942000019189436,False,100,0.09,0.0,760.9292000015557,False,100,0.09,0.0,0.15900000289548188,8,False,False,sha256:f14a3fe5e3a1717d,29922.639100001106
none,32,44,238,2448,100,0.244054,8,0,False,100,0.401396,0.15734199999999998,1633.7612999996054,vuln:CVE-2024-47575@edge-04:443,False,100,0.401396,0.15734199999999998,1729.7581000020728,False,100,0.431758,0.18770399999999998,2476.077700001042,False,100,0.431758,0.18770399999999998,19.38019999943208,False,100,0.244054,0.0,0.1300999974773731,False,100,0.244054,0.0,1.2615999985428061,False,100,0.244054,0.0,0.15210000128718093,False,100,0.258586,0.01453199999999999,1.1556999997992534,False,100,0.244054,0.0,0.14400000145542435,False,100,0.258586,0.01453199999999999,1.38399999923422,False,100,0.244054,0.0,345.0613000022713,False,100,0.244054,0.0,0.1947999990079552,10,False,False,sha256:f14a3fe5e3a1717d,16398.17220000259
none,33,45,242,2506,100,0.09,8,0,False,100,0.403064,0.313064,2869.51770000087,vuln:CVE-2020-29574@db-01:1433,False,100,0.403064,0.313064,2539.45720000047,False,100,0.403064,0.313064,2992.4491999991005,False,100,0.403064,0.313064,41.35060000044177,False,100,0.09,0.0,0.15549999807262793,False,100,0.09,0.0,8.327300001838012,False,100,0.09,0.0,0.21769999875687063,False,100,0.09,0.0,7.592400001158239,False,100,0.09,0.0,0.2559000022301916,False,100,0.09,0.0,8.69560000137426,False,100,0.261654,0.171654,1888.370799999393,False,100,0.09,0.0,4.372900002636015,9,False,False,sha256:f14a3fe5e3a1717d,43876.605699999345
none,34,46,256,2795,100,0.120002,8,0,False,100,0.419592,0.29959,2257.9762999994273,vuln:CVE-2021-35464@edge-12:443,False,100,0.419592,0.29959,2005.8898999996018,False,100,0.419592,0.29959,3905.493900001602,False,100,0.419592,0.29959,61.78839999847696,False,100,0.120002,0.0,0.170899998920504,False,100,0.120002,0.0,5.043199998908676,False,100,0.32975,0.209748,0.2007000002777204,False,100,0.350672,0.23067,1.9790000005741604,False,100,0.32975,0.209748,0.2668000015546568,False,100,0.350672,0.23067,10.445200001413468,False,100,0.350672,0.23067,2070.983800000249,False,100,0.120002,0.0,0.22249999892665073,8,False,False,sha256:f14a3fe5e3a1717d,34331.43200000268
none,35,47,256,2892,100,0.09,8,0,False,100,0.263794,0.17379399999999998,2242.0271999981196,vuln:CVE-2019-1068@db-01:5985,False,100,0.263794,0.17379399999999998,1833.5153999978502,False,100,0.263794,0.17379399999999998,9837.326000000758,False,100,0.263794,0.17379399999999998,97.5957999980892,False,100,0.09,0.0,7.8194999987317715,False,100,0.09,0.0,5.594700000074226,False,100,0.09,0.0,0.18149999959859997,False,100,0.09,0.0,5.59159999829717,False,100,0.09,0.0,0.2103000006172806,False,100,0.262074,0.17207399999999998,23.41320000050473,False,100,0.09,0.0,3908.3915000010165,False,100,0.09,0.0,0.2356000004510861,8,False,False,sha256:f14a3fe5e3a1717d,56802.470300001005
none,36,48,264,3049,100,0.262628,8,0,False,100,0.402488,0.13986000000000004,1939.9081000010483,vuln:CVE-2021-25298@db-01:445,False,100,0.402488,0.13986000000000004,1441.5312000019185,False,100,0.435788,0.17316000000000004,13600.779900003545,False,100,0.263234,0.0006060000000000509,97.49609999926179,False,100,0.262628,0.0,0.25830000231508166,False,100,0.262628,0.0,5.6244000006699935,False,100,0.262628,0.0,0.2843000002030749,False,100,0.262628,0.0,8.130199999868637,False,100,0.262628,0.0,0.26509999952395447,False,100,0.262628,0.0,14.624600000388455,False,100,0.262628,0.0,4223.756200000935,False,100,0.262628,0.0,0.2609000002848916,8,False,False,sha256:f14a3fe5e3a1717d,53768.98290000099
none,37,49,260,2961,100,0.065002,8,0,False,100,0.256488,0.191486,1770.7255000022997,vuln:CVE-2021-22005@edge-06:443,False,100,0.256488,0.191486,5250.502700000652,False,100,0.256488,0.191486,13865.225699999428,False,100,0.256488,0.191486,98.04450000228826,False,100,0.065002,0.0,0.2482999989297241,False,100,0.065002,0.0,12.274599997908808,False,100,0.09,0.024997999999999992,0.2494000000297092,False,100,0.09,0.024997999999999992,19.656600001326296,False,100,0.09,0.024997999999999992,0.22090000129537657,False,100,0.09,0.024997999999999992,1.2912000020151027,False,100,0.065002,0.0,1584.2689000019163,False,100,0.065002,0.0,0.4380999998829793,11,False,False,sha256:f14a3fe5e3a1717d,65080.67510000183
none,38,50,260,2997,100,0.065118,8,0,False,100,0.337074,0.271956,2349.629399999685,vuln:CVE-2024-4947@db-01:445,False,100,0.337074,0.271956,5543.733000002248,False,100,0.341524,0.276406,10901.336200000515,False,100,0.341524,0.276406,136.32800000050338,False,100,0.065118,0.0,0.2537000000302214,False,100,0.065118,0.0,14.044399998965673,False,100,0.09,0.024882,0.2386999985901639,False,100,0.09,0.024882,7.656899997527944,False,100,0.09,0.024882,0.16370000230381265,False,100,0.09,0.024882,1.2649000018427614,False,100,0.065118,0.0,1120.6849999980477,False,100,0.065118,0.0,0.3361000017321203,9,False,False,sha256:f14a3fe5e3a1717d,61072.95189999786
none,39,51,276,3294,100,0.210112,8,0,False,100,0.262074,0.05196199999999998,2961.3815000011527,vuln:CVE-2020-4212@db-01:5985,False,100,0.262074,0.05196199999999998,2244.354700000258,False,100,0.323808,0.11369599999999999,7840.346000000864,False,100,0.262074,0.05196199999999998,155.3301999992982,False,100,0.210112,0.0,0.2190000013797544,False,100,0.210112,0.0,19.397799998841947,False,100,0.235064,0.024952000000000002,0.4287999981897883,False,100,0.235064,0.024952000000000002,10.8027000023867,False,100,0.235064,0.024952000000000002,0.7325000005948823,False,100,0.235064,0.024952000000000002,1.6292000000248663,False,100,0.235064,0.024952000000000002,1221.2691999993694,False,100,0.210112,0.0,0.19840000095427968,9,False,False,sha256:f14a3fe5e3a1717d,55971.970200000214
none,40,52,278,3251,100,0.151904,8,0,False,100,0.243332,0.09142799999999998,5329.249700000219,host:app-23,False,100,0.243332,0.09142799999999998,4665.802300001815,False,100,0.263302,0.11139799999999997,17745.01489999966,False,100,0.263302,0.11139799999999997,168.45150000153808,False,100,0.172432,0.02052799999999999,0.2440999996906612,False,100,0.172432,0.02052799999999999,3.756900001462782,False,100,0.151904,0.0,0.37659999725292437,False,100,0.172432,0.02052799999999999,24.508399998012464,False,100,0.151904,0.0,0.3862000012304634,False,100,0.172432,0.02052799999999999,3.0763000031583942,False,100,0.169472,0.017568,580.3097000025446,False,100,0.151904,0.0,0.3524999992805533,8,False,False,sha256:f14a3fe5e3a1717d,58805.77210000047
none,41,53,292,3752,100,0.041814,8,0,False,100,0.25163,0.20981600000000003,10362.823999999819,vuln:CVE-2021-44529@edge-02:443,False,100,0.25163,0.20981600000000003,5696.211599999515,False,100,0.25163,0.20981600000000003,12405.994499997178,False,100,0.19,0.148186,48.38610000297194,False,100,0.041814,0.0,0.4415000003064051,False,100,0.041814,0.0,15.307599998777732,False,100,0.06679,0.024976000000000005,0.17380000281264074,False,100,0.09,0.048186,22.406000000046333,False,100,0.06679,0.024976000000000005,0.296499998512445,False,100,0.09,0.048186,15.197500000795117,False,100,0.041814,0.0,1919.347499999276,False,100,0.041814,0.0,0.47309999717981555,9,False,False,sha256:f14a3fe5e3a1717d,65349.16620000149
none,42,54,286,3628,100,0.06866,8,0,False,100,0.264038,0.195378,7968.111400001362,vuln:CVE-2022-26138@db-01:3389,False,100,0.264038,0.195378,3617.5131000018155,False,100,0.264038,0.195378,10632.881000001362,False,100,0.264038,0.195378,89.0847999980906,False,100,0.06866,0.0,17.938599998160498,False,100,0.06866,0.0,28.703600000881124,False,100,0.06866,0.0,0.3195000026607886,False,100,0.178962,0.11030200000000001,1.2573999993037432,False,100,0.06866,0.0,0.5754999983764719,False,100,0.178962,0.11030200000000001,3.220099999452941,False,100,0.06866,0.0,1963.9250000000175,False,100,0.06866,0.0,0.4270999997970648,10,False,False,sha256:f14a3fe5e3a1717d,59417.73520000061
none,43,55,286,3598,100,0.081324,8,0,False,100,0.181324,0.10000000000000002,2419.8398999978963,vuln:CVE-2021-37975@db-01:5985,False,100,0.181324,0.10000000000000002,1648.0679999986023,False,100,0.181324,0.10000000000000002,9094.789599999785,False,100,0.09,0.008676000000000003,74.39159999921685,False,100,0.081324,0.0,0.39939999987836927,False,100,0.081324,0.0,1.9279000007372815,False,100,0.083574,0.002250000000000002,0.2849000011337921,False,100,0.083574,0.002250000000000002,3.039600000192877,False,100,0.083574,0.002250000000000002,0.7033999972918537,False,100,0.083574,0.002250000000000002,3.192199998011347,False,100,0.081324,0.0,2077.056400001311,False,100,0.081324,0.0,0.28279999969527125,8,False,False,sha256:f14a3fe5e3a1717d,44058.042799999384
none,44,56,296,4019,100,0.124122,8,0,False,100,0.238992,0.11487000000000001,4596.727100000862,cred:dba_app-30,False,100,0.238992,0.11487000000000001,2700.229099998978,False,100,0.259972,0.13584999999999997,14567.736999997578,False,100,0.239094,0.114972,137.6855999988038,False,100,0.124122,0.0,0.2142000012099743,False,100,0.124122,0.0,2.486400000634603,False,100,0.124122,0.0,0.20740000036312267,False,100,0.124122,0.0,3.470499999821186,False,100,0.124122,0.0,0.798099998064572,False,100,0.124122,0.0,7.621699998708209,False,100,0.124122,0.0,6378.563899997971,False,100,0.124122,0.0,0.2616000019770581,10,False,False,sha256:f14a3fe5e3a1717d,78397.21169999757
none,45,57,296,3942,100,0.069472,8,0,False,100,0.319068,0.249596,2920.4256999983045,vuln:CVE-2024-57726@db-01:3389,False,100,0.319068,0.249596,3281.5085000002,False,100,0.319068,0.249596,13170.125799999369,False,100,0.319068,0.249596,128.1920999972499,False,100,0.258146,0.18867399999999998,0.15829999756533653,False,100,0.258146,0.18867399999999998,1.7908000008901581,False,100,0.069472,0.0,0.23359999977401458,False,100,0.09,0.02052799999999999,5.195800000365125,False,100,0.069472,0.0,60.56039999748464,False,100,0.09,0.02052799999999999,25.79170000171871,False,100,0.09,0.02052799999999999,5697.199100002763,False,100,0.069472,0.0,0.45849999878555536,8,False,False,sha256:f14a3fe5e3a1717d,73709.62629999849
none,46,58,302,3932,100,0.34893,8,0,False,100,0.434812,0.08588199999999996,2979.2035999998916,vuln:CVE-2026-83439@db-01:1433,False,100,0.434812,0.08588199999999996,3732.0092000009026,False,100,0.517366,0.16843599999999997,13119.356700000935,False,100,0.434812,0.08588199999999996,106.92169999674661,False,100,0.34893,0.0,0.3696999992826022,False,100,0.34893,0.0,1.8363000017416198,False,100,0.34893,0.0,0.5134999992151279,False,100,0.34893,0.0,17.049499998393003,False,100,0.34893,0.0,0.40099999750964344,False,100,0.34893,0.0,43.612299999949755,False,100,0.34893,0.0,4723.528300000908,False,100,0.34893,0.0,0.2824000002874527,11,False,False,sha256:f14a3fe5e3a1717d,70805.01500000173
none,47,59,316,4414,100,0.09,8,0,False,100,0.261,0.171,4865.297000000282,vuln:CVE-2021-30761@db-01:445,False,100,0.261,0.171,4506.291000001511,False,100,0.31912,0.22912000000000002,5265.967399998772,False,100,0.31912,0.22912000000000002,135.43829999980517,False,100,0.09,0.0,0.37799999699927866,False,100,0.09,0.0,1.7976000017370097,False,100,0.09,0.0,0.22539999918080866,False,100,0.09,0.0,1.9011000003956724,False,100,0.09,0.0,0.18569999883766286,False,100,0.09,0.0,2.022399999987101,False,100,0.09,0.0,5593.12460000001,False,100,0.09,0.0,0.3364000003784895,9,False,False,sha256:f14a3fe5e3a1717d,64010.77350000196
none,48,60,314,4276,100,0.09,8,0,False,100,0.353862,0.26386200000000004,2262.457799999538,vuln:CVE-2020-4427@db-01:3389,False,100,0.353862,0.26386200000000004,1764.5735000005516,False,100,0.353862,0.26386200000000004,7297.187500000291,False,100,0.145,0.05499999999999999,68.75030000082916,False,100,0.09,0.0,0.26359999901615083,False,100,0.09,0.0,3.8324000015563797,False,100,0.09,0.0,0.1382000009471085,False,100,0.09,0.0,30.04729999884148,False,100,0.09,0.0,0.24670000129844993,False,100,0.09,0.0,19.843299996864516,False,100,0.09,0.0,4226.650500000687,False,100,0.09,0.0,0.289100000372855,8,False,False,sha256:f14a3fe5e3a1717d,64444.33079999726
none,49,12,78,232,100,0.239774,4,0,False,100,0.393484,0.15371,211.35299999878043,vuln:CVE-2023-3519@db-01:1433,False,100,0.393484,0.15371,510.4795000006561,False,100,0.498038,0.258264,329.1382000024896,False,100,0.437746,0.19797200000000004,2.7182999983779155,False,100,0.239774,0.0,0.07920000280137174,False,100,0.239774,0.0,0.40979999903356656,False,100,0.319272,0.07949800000000001,0.048999998398358,False,100,0.319272,0.07949800000000001,0.3910000014002435,False,100,0.319272,0.07949800000000001,0.08189999789465219,False,100,0.319272,0.07949800000000001,0.7648999999219086,False,100,0.300066,0.06029200000000001,67.15859999894747,False,100,0.239774,0.0,0.07399999958579428,8,False,False,sha256:f14a3fe5e3a1717d,7552.84759999995
ad,0,12,58,133,68,0.26414,1,1,True,0,inf,inf,199.74989999900572,vuln:CVE-2025-40074@ws-00:135,True,0,inf,inf,191.26519999917946,True,0,inf,inf,94.00349999850732,True,0,inf,inf,1.375800002278993,True,0,inf,inf,0.049600002967054024,True,0,inf,inf,0.2950000016426202,False,20,0.51914,0.25500000000000006,0.0332000017806422,False,2,0.51914,0.25500000000000006,0.2722999997786246,False,20,0.51914,0.25500000000000006,0.04450000051292591,False,2,0.51914,0.25500000000000006,0.25649999952293,True,0,inf,inf,32.091199998831144,False,1,0.26414,0.0,0.06829999983892776,1,False,True,sha256:f14a3fe5e3a1717d,1338.5988000009093
ad,1,13,60,148,6,0.504028,1,4,True,0,inf,inf,30.412299998715753,cred:domain_admin,True,0,inf,inf,28.44120000008843,True,0,inf,inf,28.28179999778513,True,0,inf,inf,5.666999997629318,False,6,0.504028,0.0,0.0411000000895001,True,0,inf,inf,0.19040000188397244,False,2,0.504028,0.0,0.029200000426499173,True,0,inf,inf,0.2193000000261236,False,2,0.504028,0.0,0.04260000059730373,True,0,inf,inf,0.26309999884688295,True,0,inf,inf,36.240499997802544,True,0,inf,inf,0.06650000068475492,1,True,True,sha256:f14a3fe5e3a1717d,298.6452000004647
ad,2,14,64,169,100,0.519084,1,1,True,0,inf,inf,1203.8176999994903,cred:domain_admin,True,0,inf,inf,1123.7546999982442,True,0,inf,inf,160.60079999806476,True,0,inf,inf,11.198200001672376,False,40,0.536212,0.017128000000000032,0.060200000007171184,False,8,0.753986,0.23490200000000006,0.3832000002148561,False,100,0.519084,0.0,0.054299998737405986,False,24,0.519084,0.0,0.269199998001568,False,100,0.519084,0.0,0.06170000051497482,False,24,0.519084,0.0,0.37680000241380185,False,8,0.536212,0.017128000000000032,75.10000000183936,False,96,0.536212,0.017128000000000032,0.14980000196374021,1,True,True,sha256:f14a3fe5e3a1717d,10184.745599999587
ad,3,15,71,192,100,0.246792,2,0,True,0,inf,inf,1166.3007999995898,vuln:CVE-2024-6670@dc-01:445,True,0,inf,inf,905.1903999970818,True,0,inf,inf,214.7807000001194,True,0,inf,inf,20.934999996825354,False,100,0.46106,0.21426800000000001,10.064099998999154,False,28,0.46106,0.21426800000000001,0.4222999996272847,False,100,0.246792,0.0,0.06299999949987978,False,24,0.72706,0.48026800000000003,0.40269999954034574,False,100,0.246792,0.0,0.07569999797851779,False,24,0.72706,0.48026800000000003,0.4191999978502281,False,21,0.246792,0.0,132.9788999973971,False,100,0.246792,0.0,0.1204999971378129,2,False,False,sha256:f14a3fe5e3a1717d,10959.563399999752
ad,4,16,78,232,100,0.62036,1,1,True,0,inf,inf,2415.166800001316,cred:domain_admin,True,0,inf,inf,1260.8507000004465,True,0,inf,inf,249.25849999999627,True,0,inf,inf,21.0469000012381,False,100,0.694402,0.07404199999999994,0.06659999780822545,False,12,0.71776,0.09739999999999993,13.656900002388284,False,100,0.62036,0.0,0.06460000076913275,False,74,0.62036,0.0,0.4262000002199784,False,100,0.62036,0.0,0.08800000068731606,False,74,0.62036,0.0,0.42180000309599563,False,32,0.62036,0.0,135.0895000032324,False,20,0.62036,0.0,0.17859999934444204,1,True,True,sha256:f14a3fe5e3a1717d,13727.70859999946
ad,5,17,76,230,86,0.218736,1,1,True,0,inf,inf,764.050199999474,vuln:CVE-2021-41749@ws-00:135,True,0,inf,inf,815.1623000012478,True,0,inf,inf,215.50809999826015,True,0,inf,inf,1.1875999989570118,True,0,inf,inf,0.04859999899053946,True,0,inf,inf,0.4152000001340639,False,86,0.218736,0.0,0.045099997805664316,True,0,inf,inf,0.46070000098552555,False,86,0.218736,0.0,0.06450000000768341,True,0,inf,inf,11.995299999398412,True,0,inf,inf,168.88090000065858,False,42,0.218736,0.0,0.11150000136694871,1,False,True,sha256:f14a3fe5e3a1717d,6184.142199999769
ad,6,18,78,262,100,0.208618,1,1,True,0,inf,inf,1138.1292000005487,vuln:CVE-2018-12895@ws-00:135,True,0,inf,inf,1124.248500000249,True,0,inf,inf,183.80160000015167,True,0,inf,inf,12.543299999379087,False,30,0.480306,0.27168800000000004,0.0684000006003771,False,30,0.480306,0.27168800000000004,0.5001999998057727,True,0,inf,inf,0.06239999856916256,True,0,inf,inf,0.7492000004276633,False,46,0.480306,0.27168800000000004,0.07449999975506216,True,0,inf,inf,0.41599999894970097,True,0,inf,inf,159.34919999926933,False,90,0.480306,0.27168800000000004,10.597500000585569,1,False,True,sha256:f14a3fe5e3a1717d,6922.448099998292
ad,7,19,87,290,100,0.34853,2,0,True,0,inf,inf,1292.7388999996765,vuln:CVE-2024-8957@dc-01:445,True,0,inf,inf,1143.2994999995572,True,0,inf,inf,235.70610000024317,True,0,inf,inf,22.656799999822397,False,100,0.34853,0.0,0.07760000153211877,False,100,0.34853,0.0,0.5060000003140885,False,100,0.34853,0.0,0.07449999975506216,False,6,0.60353,0.255,0.503999999637017,False,100,0.34853,0.0,0.17579999985173345,False,6,0.60353,0.255,0.5457999977807049,False,95,0.34876,0.00023000000000000798,170.06540000147652,False,100,0.34853,0.0,0.1464000015403144,2,False,False,sha256:f14a3fe5e3a1717d,10957.915500002855
ad,8,20,98,357,100,0.32633,1,1,True,0,inf,inf,1832.7405999989423,vuln:CVE-2019-5030@ws-00:135,True,0,inf,inf,1207.4027999988175,True,0,inf,inf,171.52449999775854,True,0,inf,inf,11.569700000109151,False,100,0.32633,0.0,0.08629999865661375,False,4,0.598898,0.27256800000000003,0.6399000012606848,False,4,0.598898,0.27256800000000003,0.09449999924981967,False,4,0.598898,0.27256800000000003,0.35489999936544336,False,4,0.598898,0.27256800000000003,0.09399999908055179,False,4,0.598898,0.27256800000000003,0.5377000015869271,True,0,inf,inf,201.08100000288687,False,100,0.32633,0.0,0.14180000289343297,1,False,True,sha256:f14a3fe5e3a1717d,8639.7203000015
ad,9,21,104,399,100,0.417784,1,1,True,0,inf,inf,1805.1098000032653,cred:domain_admin,True,0,inf,inf,1290.5602000028011,True,0,inf,inf,216.96700000029523,True,0,inf,inf,22.106100001110462,False,100,0.417784,0.0,0.05410000085248612,True,0,inf,inf,0.561800003197277,False,100,0.417784,0.0,3.09209999977611,True,0,inf,inf,0.5610000007436611,False,100,0.417784,0.0,0.08589999924879521,True,0,inf,inf,0.6120000034570694,False,100,0.740284,0.32250000000000006,188.0940000010014,False,100,0.417784,0.0,0.14060000103199854,1,True,True,sha256:f14a3fe5e3a1717d,12074.944100000721
ad,10,22,94,382,100,0.449016,1,2,True,0,inf,inf,1098.0377000014414,cred:domain_admin,True,0,inf,inf,951.7833000027167,True,0,inf,inf,171.2269000017841,True,0,inf,inf,18.559000000095693,False,4,0.604016,0.15499999999999997,15.238100000715349,False,4,0.604016,0.15499999999999997,0.5119000015838537,False,100,0.449016,0.0,0.06960000246181153,False,4,0.604016,0.15499999999999997,0.6653000018559396,False,100,0.449016,0.0,0.08809999781078659,False,4,0.604016,0.15499999999999997,0.8355999998457264,True,0,inf,inf,172.22720000063418,False,100,0.449016,0.0,6.722199999785516,1,True,True,sha256:f14a3fe5e3a1717d,8185.860000001412
ad,11,23,107,442,100,0.23842,2,0,True,0,inf,inf,1156.004699998448,vuln:CVE-2021-41773@dc-01:445,True,0,inf,inf,1027.4614999980258,True,0,inf,inf,307.88849999953527,True,0,inf,inf,36.363699997309595,False,100,0.363404,0.12498400000000001,0.11929999891435727,False,100,0.448768,0.210348,0.5851000023540109,False,100,0.363404,0.12498400000000001,0.10310000288882293,False,100,0.363404,0.12498400000000001,0.5762000000686385,False,100,0.363404,0.12498400000000001,0.1171000003523659,False,100,0.363404,0.12498400000000001,0.6286999996518716,False,100,0.23842,0.0,307.66679999942426,False,100,0.323784,0.08536400000000002,0.2246999974886421,2,False,False,sha256:f14a3fe5e3a1717d,14208.29760000197
ad,12,24,99,463,100,0.434812,1,2,True,0,inf,inf,1588.1799000017054,cred:domain_admin,True,0,inf,inf,1228.5652999999002,True,0,inf,inf,182.83209999935934,True,0,inf,inf,18.154800000047544,False,100,0.434812,0.0,0.09050000153365545,False,100,0.434812,0.0,0.6162999998196028,False,100,0.502388,0.06757599999999997,0.07170000026235357,False,11,0.502388,0.06757599999999997,0.6381999992299825,False,100,0.502388,0.06757599999999997,0.08739999975659885,False,100,0.502388,0.06757599999999997,0.5456999970192555,False,100,0.441368,0.006556000000000006,326.50940000166884,False,100,0.434812,0.0,0.1278000017919112,1,True,True,sha256:f14a3fe5e3a1717d,13844.127099997422
ad,13,25,116,522,100,0.225314,1,2,True,0,inf,inf,1197.136300001148,cred:domain_admin,True,0,inf,inf,1208.8121000015235,True,0,inf,inf,326.51699999769335,True,0,inf,inf,21.253800001431955,False,100,0.41849,0.193176,0.09420000060345046,False,100,0.41849,0.193176,0.577899998461362,False,100,0.41849,0.193176,0.09520000094198622,False,100,0.41849,0.193176,0.5653000007441733,False,100,0.41849,0.193176,0.11500000255182385,False,100,0.41849,0.193176,0.556999999389518,False,100,0.622236,0.396922,364.16819999794825,False,100,0.225314,0.0,6.764400000975002,1,True,True,sha256:f14a3fe5e3a1717d,15240.855799998826
ad,14,26,108,531,100,0.417988,1,1,True,0,inf,inf,1189.2971000015677,cred:domain_admin,True,0,inf,inf,1150.455700000748,True,0,inf,inf,273.7323000001197,True,0,inf,inf,39.25650000019232,False,32,0.69915,0.281162,0.08259999958681874,False,5,0.69915,0.281162,0.563299996429123,False,100,0.417988,0.0,0.07959999857121147,False,73,0.417988,0.0,0.7143000002542976,False,100,0.417988,0.0,0.08679999882588163,False,73,0.417988,0.0,8.25520000216784,False,10,0.69915,0.281162,284.19639999992796,False,100,0.417988,0.0,0.16320000213454477,1,True,True,sha256:f14a3fe5e3a1717d,10711.572100000922
ad,15,27,103,469,100,0.255632,2,0,True,0,inf,inf,1440.702899999451,vuln:CVE-2023-39560@ws-00:135,True,0,inf,inf,1223.6278000018501,True,0,inf,inf,319.7864999965532,True,0,inf,inf,49.4901000020036,False,100,0.470696,0.21506399999999998,0.08119999984046444,False,65,0.470696,0.21506399999999998,0.7685999989917036,False,100,0.255632,0.0,0.09090000094147399,False,65,0.745076,0.48944399999999993,7.600400000228547,False,100,0.510632,0.25499999999999995,7.170500000938773,False,65,0.745076,0.48944399999999993,18.572900000435766,False,100,0.470696,0.21506399999999998,310.1127000009001,False,100,0.255632,0.0,0.16350000078091398,2,False,False,sha256:f14a3fe5e3a1717d,13402.952699998423
ad,16,28,116,602,100,0.048814,2,0,True,0,inf,inf,2728.9436999999452,vuln:CVE-2023-3519@dc-01:445,True,0,inf,inf,2286.4492000007886,True,0,inf,inf,225.0120999997307,True,0,inf,inf,36.36410000035539,False,100,0.238988,0.190174,0.09370000043418258,False,34,0.518486,0.469672,0.7048000006761868,False,60,0.518486,0.469672,0.09670000144978985,False,34,0.518486,0.469672,0.6500000017695129,False,60,0.518486,0.469672,0.30639999749837443,False,34,0.518486,0.469672,0.5870999993931036,False,50,0.048814,0.0,364.4657000004372,False,100,0.048814,0.0,0.1419000000169035,2,False,False,sha256:f14a3fe5e3a1717d,14003.854999999021
ad,17,29,126,655,100,0.363006,1,1,True,0,inf,inf,2002.7312000020174,cred:domain_admin,True,0,inf,inf,1236.26250000234,True,0,inf,inf,200.56169999952544,True,0,inf,inf,27.361000000382774,False,100,0.363006,0.0,9.47459999952116,False,100,0.363006,0.0,0.9480999979132321,False,100,0.363006,0.0,0.11750000339816324,False,100,0.363006,0.0,11.712300001818221,False,100,0.363006,0.0,0.23669999791309237,False,100,0.50103,0.13802399999999998,0.7256999997480307,False,100,0.363006,0.0,419.92279999976745,False,100,0.363006,0.0,4.839700002776226,1,True,True,sha256:f14a3fe5e3a1717d,16426.802800000587
ad,18,30,120,627,100,0.603326,1,2,True,0,inf,inf,1087.0596999993722,cred:domain_admin,True,0,inf,inf,1260.5871999985538,True,0,inf,inf,314.6373000017775,True,0,inf,inf,33.57969999706256,False,100,0.603326,0.0,0.08940000043367036,True,0,inf,inf,0.8904000023903791,False,100,0.603326,0.0,0.09590000263415277,False,31,0.603326,0.0,9.74800000039977,False,100,0.603326,0.0,0.09680000221123919,False,31,0.603326,0.0,0.8428000001003966,True,0,inf,inf,249.85719999676803,False,100,0.603326,0.0,0.1602000011189375,1,True,True,sha256:f14a3fe5e3a1717d,10246.142500000133
ad,19,31,123,692,100,0.490326,1,4,True,0,inf,inf,2023.6040000017965,cred:domain_admin,True,0,inf,inf,2035.8593999990262,True,0,inf,inf,169.75030000321567,True,0,inf,inf,20.261499998014187,False,100,0.490326,0.0,0.08910000178730115,False,2,0.490326,0.0,9.864499999821419,False,2,0.490326,0.0,0.10630000178935006,True,0,inf,inf,0.7200000000011642,False,2,0.490326,0.0,0.10280000060447492,True,0,inf,inf,1.353799998469185,True,0,inf,inf,391.68419999987236,True,0,inf,inf,0.16010000035748817,1,True,True,sha256:f14a3fe5e3a1717d,9459.856900000887
ad,20,32,142,831,100,0.075468,2,0,True,0,inf,inf,1861.3777000027767,vuln:CVE-2024-47575@dc-01:445,True,0,inf,inf,1044.8026999983995,True,0,inf,inf,261.49939999959315,True,0,inf,inf,62.757499999861466,False,100,0.075468,0.0,0.1143000008596573,False,100,0.075468,0.0,0.9066000020538922,False,100,0.30756,0.23209200000000002,0.06290000237640925,False,100,0.30756,0.23209200000000002,13.915499999711756,False,100,0.30756,0.23209200000000002,0.11190000077476725,False,100,0.323876,0.24840800000000002,0.8146999971359037,False,100,0.075468,0.0,597.4873000013758,False,100,0.075468,0.0,0.1747999995131977,2,False,False,sha256:f14a3fe5e3a1717d,15782.3567000014
ad,21,33,133,782,100,0.23709,2,0,True,0,inf,inf,1628.0547999995179,vuln:CVE-2024-45519@dc-01:445,True,0,inf,inf,953.2601999999315,True,0,inf,inf,342.23500000007334,True,0,inf,inf,44.5118999996339,False,100,0.23709,0.0,0.1007999999274034,False,10,0.239356,0.002266000000000018,7.919800002127886,False,34,0.516904,0.279814,0.10149999798159115,False,12,0.516904,0.279814,0.7011999987298623,False,34,0.516904,0.279814,0.13210000179242343,False,12,0.516904,0.279814,0.6866999974590726,False,80,0.239356,0.002266000000000018,348.86009999900125,False,100,0.23709,0.0,0.1004999976430554,2,False,False,sha256:f14a3fe5e3a1717d,9966.517599998042
ad,22,34,139,844,100,0.330936,1,1,True,0,inf,inf,1213.3677000019816,cred:domain_admin,True,0,inf,inf,979.5755000013742,True,0,inf,inf,148.26499999981024,True,0,inf,inf,22.384099996997975,False,100,0.330936,0.0,0.067299999500392,True,0,inf,inf,0.9546000001137145,False,10,0.66738,0.33644399999999997,0.08119999984046444,False,4,0.66738,0.33644399999999997,0.7422000016958918,False,10,0.66738,0.33644399999999997,0.10649999967426993,False,4,0.66738,0.33644399999999997,0.7280999998329207,False,25,0.66738,0.33644399999999997,450.07579999946756,False,64,0.481272,0.15033599999999997,0.09970000246539712,1,True,True,sha256:f14a3fe5e3a1717d,7323.0554000001575
ad,23,35,141,882,100,0.549434,1,1,True,0,inf,inf,1389.0666999977839,cred:domain_admin,True,0,inf,inf,1285.0882000020647,True,0,inf,inf,266.0079000015685,True,0,inf,inf,26.550499998847954,False,100,0.549434,0.0,0.11950000043725595,False,100,0.549434,0.0,0.6314000020211097,False,100,0.549434,0.0,0.10320000001229346,False,100,0.549434,0.0,0.7646000012755394,False,100,0.549434,0.0,0.07330000153160654,False,100,0.549434,0.0,0.9234999997715931,False,100,0.69431,0.144876,449.32650000191643,False,100,0.549434,0.0,0.1736999984132126,1,True,True,sha256:f14a3fe5e3a1717d,14615.080499999749
ad,24,36,144,948,100,0.359898,1,2,True,0,inf,inf,1482.23119999966,cred:domain_admin,True,0,inf,inf,979.1924000019208,True,0,inf,inf,202.4133000013535,True,0,inf,inf,37.20170000087819,False,100,0.50325,0.14335199999999998,0.10590000238153152,False,100,0.50325,0.14335199999999998,7.182599998486694,False,100,0.359898,0.0,0.09820000195759349,False,100,0.50325,0.14335199999999998,0.8831999984977301,False,100,0.359898,0.0,0.11720000111381523,False,100,0.50325,0.14335199999999998,0.959000000875676,False,100,0.359898,0.0,534.2048000020441,False,100,0.50325,0.14335199999999998,0.16010000035748817,1,True,True,sha256:f14a3fe5e3a1717d,13958.6707999988
ad,25,37,156,1022,100,0.263462,2,0,True,0,inf,inf,1428.2719000002544,vuln:CVE-2019-4716@dc-01:445,True,0,inf,inf,1053.8371000002371,True,0,inf,inf,251.53339999815216,True,0,inf,inf,52.5997999975516,False,100,0.603694,0.340232,1.1164999996253755,False,100,0.603694,0.340232,7.098499998392072,False,100,0.535062,0.27160000000000006,0.1016000023810193,False,100,0.535062,0.27160000000000006,0.7768000032228883,False,100,0.535062,0.27160000000000006,0.11939999967580661,False,100,0.535062,0.27160000000000006,0.7917000002635177,False,100,0.263462,0.0,548.786100000143,False,100,0.263462,0.0,5.356400000891881,2,False,False,sha256:f14a3fe5e3a1717d,13818.616500000644
ad,26,38,169,1186,100,0.09,2,0,True,0,inf,inf,3247.0950999995694,vuln:CVE-2021-27103@dc-01:445,True,0,inf,inf,3286.969999997382,True,0,inf,inf,406.73359999709646,True,0,inf,inf,67.5848999999289,False,100,0.27595,0.18594999999999998,0.2443999983370304,False,100,0.27595,0.18594999999999998,1.0717000004660804,False,100,0.09,0.0,0.16110000069602393,False,100,0.345,0.255,9.507700000540353,False,100,0.09,0.0,0.156299996888265,False,100,0.649184,0.559184,0.867799997649854,False,100,0.27595,0.18594999999999998,1132.0938999997452,False,100,0.09,0.0,0.17250000018975697,2,False,False,sha256:f14a3fe5e3a1717d,24413.497599998664
ad,27,39,164,1136,100,0.41611,1,1,True,0,inf,inf,1556.7684000016015,cred:domain_admin,True,0,inf,inf,1383.4649999989779,True,0,inf,inf,239.59540000214474,True,0,inf,inf,41.82880000007572,False,100,0.41611,0.0,6.308399999397807,False,100,0.41611,0.0,1.0508000013942365,False,100,0.41611,0.0,0.21120000019436702,False,100,0.41611,0.0,10.146699998585973,False,100,0.41611,0.0,0.12740000238409266,False,100,0.41611,0.0,5.487700000230689,True,0,inf,inf,789.1672000005201,False,100,0.41611,0.0,0.1886000027297996,1,True,True,sha256:f14a3fe5e3a1717d,15266.073200000392
ad,28,40,163,1181,100,0.248832,1,1,True,0,inf,inf,1426.7184999989695,vuln:CVE-2019-18184@ws-00:135,True,0,inf,inf,1142.2851999996055,True,0,inf,inf,178.29880000135745,True,0,inf,inf,23.961300001246855,False,100,0.248832,0.0,0.12430000060703605,True,0,inf,inf,0.8596000006946269,False,100,0.248832,0.0,0.10509999992791563,False,100,0.503832,0.25499999999999995,10.180199999012984,False,100,0.248832,0.0,0.14169999849400483,False,100,0.503832,0.25499999999999995,6.078900001739385,True,0,inf,inf,713.5882999973546,False,100,0.248832,0.0,0.2813000028254464,1,False,True,sha256:f14a3fe5e3a1717d,11709.448800000246
ad,29,41,161,1133,100,0.065002,2,0,True,0,inf,inf,5065.869399997609,vuln:CVE-2023-35078@dc-01:445,True,0,inf,inf,2494.229699997959,True,0,inf,inf,311.9081999975606,True,0,inf,inf,51.39509999935399,False,100,0.065002,0.0,0.10599999950500205,False,100,0.065002,0.0,18.950699999550125,False,100,0.245,0.179998,0.16340000001946464,False,100,0.245,0.179998,0.9516999998595566,False,100,0.245,0.179998,0.152900000102818,False,100,0.245,0.179998,8.112999999866588,False,100,0.238166,0.17316399999999998,727.225599999656,False,100,0.065002,0.0,0.18069999714498408,3,False,False,sha256:f14a3fe5e3a1717d,25992.54799999835
ad,30,42,174,1312,100,0.251596,2,0,True,0,inf,inf,1515.8088999996835,vuln:CVE-2024-6670@dc-01:445,True,0,inf,inf,1342.9101000001538,True,0,inf,inf,274.097299999994,True,0,inf,inf,72.78289999885601,False,100,0.337172,0.08557600000000004,0.14139999984763563,False,100,0.337172,0.08557600000000004,0.87100000018836,False,100,0.503172,0.25157599999999997,0.18669999917619862,False,100,0.503172,0.25157599999999997,11.245000001508743,False,100,0.503172,0.25157599999999997,7.5657000015780795,False,100,0.503172,0.25157599999999997,11.068399999203393,False,100,0.251596,0.0,1084.710899998754,False,100,0.251596,0.0,0.22499999977299012,2,False,False,sha256:f14a3fe5e3a1717d,18716.191999999864
ad,31,43,161,1258,100,0.29,1,1,True,0,inf,inf,1765.6647000003431,cred:domain_admin,True,0,inf,inf,2488.932299998851,True,0,inf,inf,291.0033999978623,True,0,inf,inf,40.598199997475604,False,100,0.345,0.05499999999999999,0.13730000137002207,False,100,0.345,0.05499999999999999,10.303699997166405,False,100,0.29,0.0,0.09929999941959977,False,100,0.463972,0.17397200000000002,1.0232999993604608,False,100,0.29,0.0,7.249599999340717,False,100,0.536558,0.246558,7.913299999927403,False,100,0.536558,0.246558,684.7597999985737,True,0,inf,inf,0.16039999900385737,1,True,True,sha256:f14a3fe5e3a1717d,18972.32019999865
ad,32,44,168,1286,100,0.525664,1,1,True,0,inf,inf,2022.0191999978852,cred:domain_admin,True,0,inf,inf,1879.7501999979431,True,0,inf,inf,374.2409000005864,True,0,inf,inf,46.360500000446336,False,100,0.525664,0.0,0.20149999909335747,False,100,0.525664,0.0,11.333999998896616,False,100,0.525664,0.0,0.1171000003523659,False,100,0.680972,0.155308,1.101000001654029,False,100,0.525664,0.0,0.1494999996793922,False,100,0.680972,0.155308,9.101700001338031,False,100,0.525664,0.0,830.354300000181,False,100,0.525664,0.0,8.169900000211783,1,True,True,sha256:f14a3fe5e3a1717d,18768.75459999792
ad,33,45,185,1407,100,0.34723,2,0,True,0,inf,inf,4103.4283000008145,vuln:CVE-2020-4006@dc-01:445,True,0,inf,inf,2970.2980000001844,True,0,inf,inf,325.6909999981872,True,0,inf,inf,95.17600000253879,False,100,0.34723,0.0,0.12880000213044696,False,100,0.34723,0.0,0.8920000000216532,False,100,0.34723,0.0,0.14369999917107634,False,100,0.60223,0.25500000000000006,1.01859999995213,False,100,0.34723,0.0,0.1564999984111637,False,100,0.60223,0.25500000000000006,1.1488999989524018,False,100,0.349028,0.0017980000000000218,811.8276999994123,False,100,0.349028,0.0017980000000000218,0.18049999926006421,2,False,False,sha256:f14a3fe5e3a1717d,22116.72869999893
ad,34,46,189,1587,100,0.09,2,0,True,0,inf,inf,4092.7441000021645,vuln:CVE-2021-30551@dc-01:445,True,0,inf,inf,3104.477199998655,True,0,inf,inf,560.718499997165,True,0,inf,inf,115.493699999206,False,100,0.264312,0.174312,0.2537000000302214,False,100,0.264312,0.174312,8.82160000037402,False,100,0.09,0.0,0.15329999951063655,False,100,0.345,0.255,1.0843999989447184,False,100,0.09,0.0,0.1771000024746172,False,100,0.345,0.255,6.087800000386778,False,100,0.264312,0.174312,991.219400002592,False,100,0.09,0.0,0.18370000179857016,2,False,False,sha256:f14a3fe5e3a1717d,25457.586500000616
ad,35,47,186,1541,100,0.44624,1,2,True,0,inf,inf,2659.657700001844,cred:domain_admin,True,0,inf,inf,1726.7806000018027,True,0,inf,inf,342.32470000279136,True,0,inf,inf,78.19609999933164,False,100,0.44624,0.0,0.14880000162520446,False,100,0.44624,0.0,0.8199999974749517,False,100,0.44624,0.0,0.1632999992580153,False,100,0.44624,0.0,8.097399997495813,False,100,0.44624,0.0,0.18320000162930228,False,100,0.44624,0.0,1.3078000010864343,False,100,0.44624,0.0,1087.2780999998213,False,100,0.44624,0.0,0.18590000036056153,1,True,True,sha256:f14a3fe5e3a1717d,21239.067200000136
ad,36,48,191,1664,100,0.239706,2,0,True,0,inf,inf,3374.1613999991387,vuln:CVE-2019-15107@dc-01:445,True,0,inf,inf,2315.053300000727,True,0,inf,inf,233.4356999999727,True,0,inf,inf,86.60909999889554,False,100,0.603906,0.3642000000000001,0.13469999976223335,False,100,0.603906,0.3642000000000001,1.0144000007130671,False,100,0.603906,0.3642000000000001,0.09700000009615906,False,100,0.603906,0.3642000000000001,0.9850000024016481,False,100,0.603906,0.3642000000000001,0.24300000222865492,False,100,0.603906,0.3642000000000001,1.1921999976038933,False,100,0.239706,0.0,1074.2642000004707,False,100,0.239706,0.0,0.3032000022358261,2,False,False,sha256:f14a3fe5e3a1717d,21684.174000001804
ad,37,49,185,1616,100,0.41843,1,1,True,0,inf,inf,1701.5395000016724,cred:domain_admin,True,0,inf,inf,1177.100100001553,True,0,inf,inf,235.70219999965047,True,0,inf,inf,55.84459999954561,True,0,inf,inf,0.16509999841218814,True,0,inf,inf,1.0447000022395514,False,100,0.41843,0.0,0.06769999890821055,False,100,0.41843,0.0,6.283599999733269,False,100,0.41843,0.0,9.876700001768768,False,100,0.41843,0.0,1.0796999995363876,False,100,0.529122,0.11069199999999996,1138.1745999970008,False,100,0.41843,0.0,0.20150000273133628,1,True,True,sha256:f14a3fe5e3a1717d,16096.859799999947
ad,38,50,190,1698,100,0.323008,1,1,True,0,inf,inf,853.1240000011167,vuln:CVE-2021-39317@ws-00:135,True,0,inf,inf,654.2144999984885,True,0,inf,inf,143.6917999999423,True,0,inf,inf,18.682599999010563,False,2,0.601218,0.27821,4.798400001163827,True,0,inf,inf,0.895099998160731,False,2,0.601218,0.27821,0.1353999978164211,True,0,inf,inf,0.8610000004409812,False,2,0.601218,0.27821,0.1446999995096121,True,0,inf,inf,7.13739999991958,True,0,inf,inf,889.4786999990174,False,100,0.323008,0.0,0.1990000018849969,1,False,True,sha256:f14a3fe5e3a1717d,6028.135399999883
ad,39,51,195,1779,100,0.245,1,1,True,0,inf,inf,1830.783799996425,cred:domain_admin,True,0,inf,inf,1609.0392999976757,True,0,inf,inf,304.14829999790527,True,0,inf,inf,74.19749999826308,False,100,0.245,0.0,0.14250000094762072,False,100,0.245,0.0,1.0235000008833595,False,100,0.245,0.0,0.1311999985773582,False,100,0.538002,0.293002,7.429400000546593,False,100,0.245,0.0,0.13829999807057902,False,100,0.538002,0.293002,4.4577000007848255,False,100,0.363756,0.11875600000000003,1472.6776999996218,False,100,0.245,0.0,0.22769999850424938,1,True,True,sha256:f14a3fe5e3a1717d,19149.01380000083
ad,40,52,198,1882,100,0.494828,1,2,True,0,inf,inf,1684.492999997019,cred:domain_admin,True,0,inf,inf,1736.5687999990769,True,0,inf,inf,410.3106000002299,True,0,inf,inf,56.35649999749148,False,100,0.494828,0.0,0.12459999925340526,False,100,0.494828,0.0,1.6964000024017878,False,100,0.494828,0.0,0.15100000018719584,False,100,0.494828,0.0,11.109999999462161,False,100,0.649828,0.15499999999999997,0.21009999909438193,False,100,0.649828,0.15499999999999997,10.112600000866223,True,0,inf,inf,1250.9753000013006,False,100,0.494828,0.0,0.21860000197193585,1,True,True,sha256:f14a3fe5e3a1717d,20253.025300000445
ad,41,53,214,2010,100,0.515956,1,4,True,0,inf,inf,1860.0387000005867,cred:domain_admin,True,0,inf,inf,1536.9535999998334,True,0,inf,inf,119.42889999772888,True,0,inf,inf,74.99929999903543,True,0,inf,inf,0.18740000086836517,True,0,inf,inf,1.103099999454571,False,100,0.515956,0.0,0.15859999984968454,True,0,inf,inf,1.0373000004619826,False,100,0.515956,0.0,0.23569999757455662,True,0,inf,inf,7.583099999465048,True,0,inf,inf,1603.2476000000315,False,100,0.515956,0.0,0.20089999816264026,1,True,True,sha256:f14a3fe5e3a1717d,13750.96300000223
ad,42,54,203,1980,100,0.499796,1,1,True,0,inf,inf,2021.154199999728,cred:domain_admin,True,0,inf,inf,1377.3446000013791,True,0,inf,inf,213.5533000000578,True,0,inf,inf,48.59049999868148,False,100,0.622232,0.12243599999999999,0.1660999987507239,False,100,0.622232,0.12243599999999999,5.248699999356177,False,100,0.499796,0.0,0.14089999967836775,False,100,0.514604,0.014807999999999932,7.287100001121871,False,100,0.499796,0.0,0.16909999976633117,False,100,0.514604,0.014807999999999932,1.1582000006455928,False,100,0.499796,0.0,1488.8023999992583,False,100,0.499796,0.0,0.4571999998006504,1,True,True,sha256:f14a3fe5e3a1717d,19319.132900000113
ad,43,55,225,2175,100,0.09,2,0,True,0,inf,inf,2243.4730999993917,vuln:CVE-2022-43769@dc-01:445,True,0,inf,inf,1990.3821000007156,True,0,inf,inf,809.3652999996266,True,0,inf,inf,129.38729999950738,False,100,0.09,0.0,0.17870000010589138,False,100,0.09,0.0,9.020699999382487,False,100,0.19,0.1,0.2705999977479223,False,100,0.19,0.1,7.355400000960799,False,100,0.19,0.1,0.3221000006305985,False,100,0.19,0.1,6.051600001228508,False,100,0.153462,0.06346199999999999,1400.4984000021068,False,100,0.09,0.0,0.24009999833651818,2,False,False,sha256:f14a3fe5e3a1717d,23136.99970000016
ad,44,56,216,2277,100,0.245,1,4,True,0,inf,inf,1600.196200000937,cred:domain_admin,True,0,inf,inf,1460.7380000015837,True,0,inf,inf,247.78709999736748,True,0,inf,inf,73.49990000147955,False,100,0.245,0.0,0.24299999859067611,False,100,0.245,0.0,1.1152000006404705,True,0,inf,inf,0.27009999757865444,True,0,inf,inf,7.015499999397434,True,0,inf,inf,0.18490000002202578,True,0,inf,inf,9.465800001635216,True,0,inf,inf,1219.7401999983413,False,100,0.245,0.0,0.2195999986724928,1,True,True,sha256:f14a3fe5e3a1717d,13389.735000000655
ad,45,57,215,2229,100,0.501468,1,1,True,0,inf,inf,2474.340000000666,cred:domain_admin,True,0,inf,inf,1444.284900000639,True,0,inf,inf,297.5648999999976,True,0,inf,inf,44.72080000050482,False,100,0.501468,0.0,0.13860000035492703,False,100,0.501468,0.0,1.1567000001377892,False,100,0.501468,0.0,0.14000000010128133,False,100,0.501468,0.0,7.792499996867264,False,100,0.501468,0.0,0.3060000017285347,False,100,0.501468,0.0,6.728200001816731,False,100,0.501468,0.0,935.8078000004753,False,100,0.501468,0.0,0.20990000120946206,1,True,True,sha256:f14a3fe5e3a1717d,19479.620199999772
ad,46,58,225,2421,100,0.261654,2,0,True,0,inf,inf,3937.0766000029107,vuln:CVE-2018-20753@dc-01:445,True,0,inf,inf,3083.749800000078,True,0,inf,inf,299.1303000017069,True,0,inf,inf,125.48969999988913,False,100,0.601852,0.34019800000000006,0.19699999756994657,False,100,0.601852,0.34019800000000006,21.017000002757413,False,100,0.601852,0.34019800000000006,0.14450000162469223,False,100,0.601852,0.34019800000000006,1.4678999978059437,False,100,0.601852,0.34019800000000006,0.27400000180932693,False,100,0.601852,0.34019800000000006,6.352799999149283,False,100,0.261654,0.0,1459.5274999992398,False,100,0.261654,0.0,0.3023999997822102,2,False,False,sha256:f14a3fe5e3a1717d,24816.55419999879
ad,47,59,208,2107,100,0.09,2,0,True,0,inf,inf,1973.4907999991265,vuln:CVE-2017-0148@ws-00:135,True,0,inf,inf,1451.0391000003438,True,0,inf,inf,270.4622000019299,True,0,inf,inf,99.5215000002645,False,22,0.345,0.255,5.7919000028050505,False,10,0.345,0.255,6.6995000015595,False,100,0.328228,0.23822800000000002,0.14000000010128133,True,0,inf,inf,7.373100001132116,False,100,0.328228,0.23822800000000002,0.19560000146157108,True,0,inf,inf,25.646700003562728,False,100,0.328228,0.23822800000000002,1126.6318999987561,False,100,0.09,0.0,0.22929999977350235,2,False,False,sha256:f14a3fe5e3a1717d,12431.845099999919
ad,48,60,221,2406,100,0.603722,1,1,True,0,inf,inf,2128.930599999876,cred:domain_admin,True,0,inf,inf,1236.4186999984668,True,0,inf,inf,246.3592999993125,True,0,inf,inf,66.05380000110017,False,100,0.603722,0.0,0.20700000095530413,False,100,0.603722,0.0,6.938599999557482,False,100,0.603722,0.0,0.19099999917671084,False,100,0.603722,0.0,1.2630000019271392,False,100,0.603722,0.0,0.29770000037387945,False,100,0.603722,0.0,3.550800000084564,False,100,0.620846,0.017124000000000028,1045.013699997071,False,100,0.603722,0.0,0.238199998420896,1,True,True,sha256:f14a3fe5e3a1717d,18000.321100000292
ad,49,12,68,170,40,0.60322,1,3,True,0,inf,inf,625.8612999990874,cred:domain_admin,True,0,inf,inf,274.3150999995123,True,0,inf,inf,111.37609999786946,True,0,inf,inf,2.1903999986534473,False,6,0.60322,0.0,0.13020000187680125,True,0,inf,inf,0.3513999981805682,False,40,0.60322,0.0,0.05819999933009967,True,0,inf,inf,0.37399999928311445,False,40,0.60322,0.0,0.06719999873894267,True,0,inf,inf,0.5070000006526243,True,0,inf,inf,95.14470000067377,True,0,inf,inf,0.12770000103046186,1,True,True,sha256:f14a3fe5e3a1717d,2578.5728999981075
