# sampled from NVD/EPSS/KEV; epss_date=2026-09-25T12:03:13Z; population=302865 CVEs (published>=2015 with CVSS+EPSS); seed=7
cve,cvss_base,cvss_vector,cvss_exploitability,epss,kev,impact_class
CVE-2009-10002,6.1,CVSS:3.1/AV:N/AC:L/PR:N/UI:R/S:C/C:L/I:L/A:N,0.7179,0.00536,0,info
CVE-2010-3375,9.8,CVSS:3.1/AV:N/AC:L/PR:N/UI:N/S:U/C:H/I:H/A:H,1.0,0.02439,0,rce
CVE-2010-5326,10.0,CVSS:3.1/AV:N/AC:L/PR:N/UI:N/S:C/C:H/I:H/A:H,1.0,0.1777,1,rce
CVE-2011-4908,9.8,CVSS:3.1/AV:N/AC:L/PR:N/UI:N/S:U/C:H/I:H/A:H,1.0,0.55769,0,rce
CVE-2011-5311,6.8,AV:N/AC:M/Au:N/C:P/I:P/A:P,0.86,0.00609,0,rce
CVE-2012-0880,7.5,CVSS:3.0/AV:N/AC:L/PR:N/UI:N/S:U/C:N/I:N/A:H,1.0,0.04403,0,info
CVE-2012-1637,4.8,CVSS:3.1/AV:N/AC:L/PR:H/UI:R/S:C/C:L/I:L/A:N,0.4359,0.00528,0,info
CVE-2012-2724,5.3,CVSS:3.1/AV:N/AC:L/PR:N/UI:N/S:U/C:L/I:N/A:N,1.0,0.02453,0,info
CVE-2012-6345,7.5,CVSS:3.1/AV:N/AC:L/PR:N/UI:N/S:U/C:H/I:N/A:N,1.0,0.01113,0,info
CVE-2012-6691,6.8,AV:N/AC:M/Au:N/C:P/I:P/A:P,0.86,0.0062,0,rce
CVE-2012-6717,6.1,CVSS:3.0/AV:N/AC:L/PR:N/UI:R/S:C/C:L/I:L/A:N,0.7179,0.00923,0,info
CVE-2013-10028,6.1,CVSS:3.1/AV:N/AC:L/PR:N/UI:R/S:C/C:L/I:L/A:N,0.7179,0.00546,0,info
CVE-2013-4691,6.1,CVSS:3.1/AV:N/AC:L/PR:N/UI:R/S:C/C:L/I:L/A:N,0.7179,0.00649,0,info
CVE-2013-5123,5.9,CVSS:3.1/AV:N/AC:H/PR:N/UI:N/S:U/C:N/I:H/A:N,0.5641,0.07987,0,rce
CVE-2013-6455,5.3,CVSS:3.1/AV:N/AC:L/PR:N/UI:N/S:U/C:L/I:N/A:N,1.0,0.01125,0,info
CVE-2013-6773,7.8,CVSS:3.1/AV:L/AC:L/PR:L/UI:N/S:U/C:H/I:H/A:H,0.4615,0.00267,0,local
CVE-2013-7325,8.8,CVSS:3.1/AV:N/AC:L/PR:L/UI:N/S:U/C:H/I:H/A:H,0.7179,0.01797,0,rce
CVE-2014-10027,6.8,AV:N/AC:M/Au:N/C:P/I:P/A:P,0.86,0.00785,0,rce
CVE-2014-125021,5.5,CVSS:3.1/AV:L/AC:L/PR:N/UI:R/S:U/C:N/I:N/A:H,0.4615,0.00678,0,local
CVE-2014-125067,9.8,CVSS:3.1/AV:N/AC:L/PR:N/UI:N/S:U/C:H/I:H/A:H,1.0,0.00653,0,rce
CVE-2014-125084,9.8,CVSS:3.1/AV:N/AC:L/PR:N/UI:N/S:U/C:H/I:H/A:H,1.0,0.00619,0,rce
CVE-2014-1946,8.8,CVSS:3.0/AV:N/AC:L/PR:L/UI:N/S:U/C:H/I:H/A:H,0.7179,0.02482,0,rce
CVE-2014-2843,6.1,CVSS:3.1/AV:N/AC:L/PR:N/UI:R/S:C/C:L/I:L/A:N,0.7179,0.0103,0,info
CVE-2014-2903,5.9,CVSS:3.0/AV:N/AC:H/PR:N/UI:N/S:U/C:H/I:N/A:N,0.5641,0.00959,0,info
CVE-2014-3931,9.8,CVSS:3.1/AV:N/AC:L/PR:N/UI:N/S:U/C:H/I:H/A:H,1.0,0.28978,1,rce
CVE-2014-4467,4.3,AV:N/AC:M/Au:N/C:N/I:P/A:N,0.86,0.01148,0,info
CVE-2014-4803,3.5,AV:N/AC:M/Au:S/C:N/I:P/A:N,0.68,0.00772,0,info
CVE-2014-4966,9.8,CVSS:3.1/AV:N/AC:L/PR:N/UI:N/S:U/C:H/I:H/A:H,1.0,0.0355,0,rce
CVE-2014-5280,8.8,CVSS:3.1/AV:N/AC:L/PR:N/UI:R/S:U/C:H/I:H/A:H,0.7179,0.00729,0,rce
CVE-2014-6144,3.5,AV:N/AC:M/Au:S/C:N/I:P/A:N,0.68,0.01068,0,info
CVE-2014-6565,7.5,AV:N/AC:L/Au:N/C:P/I:P/A:P,1.0,0.01361,0,rce
CVE-2014-7858,9.8,CVSS:3.0/AV:N/AC:L/PR:N/UI:N/S:U/C:H/I:H/A:H,1.0,0.15165,0,rce
CVE-2014-8886,8.1,CVSS:3.0/AV:N/AC:H/PR:N/UI:N/S:U/C:H/I:H/A:H,0.5641,0.06137,0,rce
CVE-2014-9438,6.8,AV:N/AC:M/Au:N/C:P/I:P/A:P,0.86,0.01116,0,rce
CVE-2014-9494,5.0,AV:N/AC:L/Au:N/C:N/I:P/A:N,1.0,0.01393,0,info
CVE-2014-9495,8.8,CVSS:3.1/AV:N/AC:L/PR:N/UI:R/S:U/C:H/I:H/A:H,0.7179,0.04053,0,rce
CVE-2014-9677,6.1,CVSS:3.0/AV:N/AC:L/PR:N/UI:R/S:C/C:L/I:L/A:N,0.7179,0.01151,0,info
CVE-2014-9707,7.5,AV:N/AC:L/Au:N/C:P/I:P/A:P,1.0,0.28237,0,rce
CVE-2014-9783,7.8,CVSS:3.0/AV:L/AC:L/PR:N/UI:R/S:U/C:H/I:H/A:H,0.4615,0.00584,0,local
CVE-2014-9788,7.8,CVSS:3.0/AV:L/AC:L/PR:N/UI:R/S:U/C:H/I:H/A:H,0.4615,0.00573,0,local
CVE-2014-9808,5.5,CVSS:3.1/AV:L/AC:L/PR:N/UI:R/S:U/C:N/I:N/A:H,0.4615,0.01425,0,local
CVE-2014-9933,7.8,CVSS:3.0/AV:L/AC:L/PR:N/UI:R/S:U/C:H/I:H/A:H,0.4615,0.00619,0,local
CVE-2015-0017,9.3,AV:N/AC:M/Au:N/C:C/I:C/A:C,0.86,0.15525,0,rce
CVE-2015-0022,9.3,AV:N/AC:M/Au:N/C:C/I:C/A:C,0.86,0.15525,0,rce
CVE-2015-0311,9.8,CVSS:3.1/AV:N/AC:L/PR:N/UI:N/S:U/C:H/I:H/A:H,1.0,0.85589,1,rce
CVE-2015-0519,2.1,AV:L/AC:L/Au:N/C:P/I:N/A:N,0.39,0.00536,0,local
CVE-2015-0893,4.3,AV:N/AC:M/Au:N/C:N/I:P/A:N,0.86,0.01148,0,info
CVE-2015-10108,8.8,CVSS:3.1/AV:N/AC:L/PR:N/UI:R/S:U/C:H/I:H/A:H,0.7179,0.00443,0,rce
CVE-2015-1030,5.0,AV:N/AC:L/Au:N/C:N/I:N/A:P,1.0,0.02427,0,info
CVE-2015-1332,8.8,CVSS:3.0/AV:N/AC:L/PR:N/UI:R/S:U/C:H/I:H/A:H,0.7179,0.02568,0,rce
CVE-2015-1356,4.4,AV:L/AC:M/Au:N/C:P/I:P/A:P,0.34,0.00512,0,local
CVE-2015-1772,7.3,CVSS:3.0/AV:N/AC:L/PR:N/UI:N/S:U/C:L/I:L/A:L,1.0,0.06828,0,info
CVE-2015-1968,3.5,AV:N/AC:M/Au:S/C:N/I:P/A:N,0.68,0.00774,0,info
CVE-2015-20108,9.8,CVSS:3.1/AV:N/AC:L/PR:N/UI:N/S:U/C:H/I:H/A:H,1.0,0.01332,0,rce
CVE-2015-2098,8.8,CVSS:3.1/AV:N/AC:L/PR:N/UI:R/S:U/C:H/I:H/A:H,0.7179,0.13977,0,rce
CVE-2015-2139,4.0,AV:N/AC:L/Au:S/C:P/I:N/A:N,0.8,0.01599,0,info
CVE-2015-2167,5.8,AV:N/AC:M/Au:N/C:P/I:P/A:N,0.86,0.0118,0,info
CVE-2015-2221,5.0,AV:N/AC:L/Au:N/C:N/I:N/A:P,1.0,0.03192,0,info
CVE-2015-2387,7.8,CVSS:3.1/AV:L/AC:L/PR:L/UI:N/S:U/C:H/I:H/A:H,0.4615,0.34878,1,local
CVE-2015-2599,4.0,AV:N/AC:L/Au:S/C:P/I:N/A:N,0.8,0.01729,0,info
CVE-2015-2610,4.3,AV:N/AC:M/Au:N/C:N/I:P/A:N,0.86,0.0154,0,info
CVE-2015-2651,3.8,AV:L/AC:H/Au:S/C:N/I:N/A:C,0.15,0.00293,0,local
CVE-2015-2660,3.6,AV:N/AC:H/Au:S/C:P/I:P/A:N,0.39,0.01206,0,info
CVE-2015-2690,6.1,CVSS:3.0/AV:N/AC:L/PR:N/UI:R/S:C/C:L/I:L/A:N,0.7179,0.02776,0,info
CVE-2015-2696,7.1,AV:N/AC:M/Au:N/C:N/I:N/A:C,0.86,0.04543,0,info
CVE-2015-2792,7.5,AV:N/AC:L/Au:N/C:P/I:P/A:P,1.0,0.03773,0,rce
CVE-2015-2885,9.8,CVSS:3.0/AV:N/AC:L/PR:N/UI:N/S:U/C:H/I:H/A:H,1.0,0.01405,0,rce
CVE-2015-3167,7.5,CVSS:3.1/AV:N/AC:L/PR:N/UI:N/S:U/C:H/I:N/A:N,1.0,0.04126,0,info
CVE-2015-3179,3.5,AV:N/AC:M/Au:S/C:N/I:P/A:N,0.68,0.01524,0,info
CVE-2015-3232,5.8,AV:N/AC:M/Au:N/C:P/I:P/A:N,0.86,0.01907,0,info
CVE-2015-3245,2.1,AV:L/AC:L/Au:N/C:N/I:N/A:P,0.39,0.05347,0,local
CVE-2015-3323,5.0,AV:N/AC:L/Au:N/C:N/I:N/A:P,1.0,0.01325,0,info
CVE-2015-3325,7.5,AV:N/AC:L/Au:N/C:P/I:P/A:P,1.0,0.04737,0,rce
CVE-2015-3887,7.8,CVSS:3.0/AV:L/AC:L/PR:L/UI:N/S:U/C:H/I:H/A:H,0.4615,0.00494,0,local
CVE-2015-3979,7.5,AV:N/AC:L/Au:N/C:P/I:P/A:P,1.0,0.02446,0,rce
CVE-2015-4165,7.5,CVSS:3.0/AV:N/AC:H/PR:L/UI:N/S:U/C:H/I:H/A:H,0.4103,0.0445,0,rce
CVE-2015-4444,5.0,AV:N/AC:L/Au:N/C:N/I:N/A:P,1.0,0.02696,0,info
CVE-2015-4454,7.5,AV:N/AC:L/Au:N/C:P/I:P/A:P,1.0,0.02252,0,rce
CVE-2015-4516,9.3,AV:N/AC:M/Au:N/C:C/I:C/A:C,0.86,0.03456,0,rce
CVE-2015-4522,7.5,AV:N/AC:L/Au:N/C:P/I:P/A:P,1.0,0.03497,0,rce
CVE-2015-4828,4.0,AV:N/AC:L/Au:S/C:P/I:N/A:N,0.8,0.01368,0,info
CVE-2015-4887,6.0,AV:N/AC:M/Au:S/C:P/I:P/A:P,0.68,0.01434,0,rce
CVE-2015-4980,4.0,AV:N/AC:L/Au:S/C:P/I:N/A:N,0.8,0.01632,0,info
CVE-2015-4993,6.1,CVSS:3.0/AV:N/AC:L/PR:N/UI:R/S:C/C:L/I:L/A:N,0.7179,0.01433,0,info
CVE-2015-5146,5.3,CVSS:3.0/AV:N/AC:H/PR:L/UI:N/S:U/C:N/I:N/A:H,0.4103,0.04095,0,info
CVE-2015-5215,6.1,CVSS:3.1/AV:N/AC:L/PR:N/UI:R/S:C/C:L/I:L/A:N,0.7179,0.01069,0,info
CVE-2015-5268,4.3,CVSS:3.0/AV:N/AC:L/PR:L/UI:N/S:U/C:L/I:N/A:N,0.7179,0.01579,0,info
CVE-2015-5271,7.5,CVSS:3.0/AV:N/AC:L/PR:N/UI:N/S:U/C:H/I:N/A:N,1.0,0.02435,0,info
CVE-2015-5304,3.5,AV:N/AC:M/Au:S/C:N/I:N/A:P,0.68,0.01795,0,info
CVE-2015-5321,5.0,AV:N/AC:L/Au:N/C:P/I:N/A:N,1.0,0.02064,0,info
CVE-2015-5623,4.0,AV:N/AC:L/Au:S/C:N/I:P/A:N,0.8,0.07748,0,info
CVE-2015-5650,5.0,AV:N/AC:L/Au:N/C:P/I:N/A:N,1.0,0.01895,0,info
CVE-2015-5667,2.6,AV:N/AC:H/Au:N/C:N/I:P/A:N,0.49,0.02092,0,info
CVE-2015-6097,9.3,AV:N/AC:M/Au:N/C:C/I:C/A:C,0.86,0.20603,0,rce
CVE-2015-6175,7.8,CVSS:3.1/AV:L/AC:L/PR:N/UI:R/S:U/C:H/I:H/A:H,0.4615,0.05127,1,local
CVE-2015-6569,5.9,CVSS:3.0/AV:N/AC:H/PR:N/UI:N/S:U/C:N/I:N/A:H,0.5641,0.01867,0,info
CVE-2015-6690,6.8,AV:N/AC:M/Au:N/C:P/I:P/A:P,0.86,0.05995,0,rce
CVE-2015-6742,6.5,AV:N/AC:L/Au:S/C:P/I:P/A:P,0.8,0.01157,0,rce
CVE-2015-6978,6.8,AV:N/AC:M/Au:N/C:P/I:P/A:P,0.86,0.0478,0,rce
CVE-2015-7021,7.2,AV:L/AC:L/Au:N/C:C/I:C/A:C,0.39,0.00349,0,local
CVE-2015-7051,9.3,AV:N/AC:M/Au:N/C:C/I:C/A:C,0.86,0.02527,0,rce
CVE-2015-7226,5.0,AV:N/AC:L/Au:N/C:P/I:N/A:N,1.0,0.02087,0,info
CVE-2015-7266,7.5,CVSS:3.0/AV:N/AC:L/PR:N/UI:N/S:U/C:N/I:H/A:N,1.0,0.01111,0,rce
CVE-2015-7390,9.8,CVSS:3.0/AV:N/AC:L/PR:N/UI:N/S:U/C:H/I:H/A:H,1.0,0.01589,0,rce
CVE-2015-7450,9.8,CVSS:3.1/AV:N/AC:L/PR:N/UI:N/S:U/C:H/I:H/A:H,1.0,0.97764,1,rce
CVE-2015-7465,8.8,CVSS:3.0/AV:N/AC:L/PR:N/UI:R/S:U/C:H/I:H/A:H,0.7179,0.0055,0,rce
CVE-2015-7862,5.0,AV:N/AC:L/Au:N/C:N/I:P/A:N,1.0,0.0151,0,info
CVE-2015-7882,8.1,CVSS:3.0/AV:N/AC:H/PR:N/UI:N/S:U/C:H/I:H/A:H,0.5641,0.01756,0,rce
CVE-2015-7917,7.2,CVSS:3.0/AV:L/AC:H/PR:H/UI:R/S:C/C:H/I:H/A:H,0.1538,0.00392,0,local
CVE-2015-7994,7.5,AV:N/AC:L/Au:N/C:P/I:P/A:P,1.0,0.03427,0,rce
CVE-2015-8339,4.7,AV:L/AC:M/Au:N/C:N/I:N/A:C,0.34,0.00383,0,local
CVE-2015-8546,9.8,CVSS:3.1/AV:N/AC:L/PR:N/UI:N/S:U/C:H/I:H/A:H,1.0,0.01595,0,rce
CVE-2015-8656,8.8,CVSS:3.1/AV:N/AC:L/PR:N/UI:R/S:U/C:H/I:H/A:H,0.7179,0.07152,0,rce
CVE-2015-8661,8.3,CVSS:3.0/AV:N/AC:L/PR:N/UI:N/S:C/C:L/I:L/A:L,1.0,0.01913,0,info
CVE-2015-8735,5.5,CVSS:3.0/AV:L/AC:L/PR:N/UI:R/S:U/C:N/I:N/A:H,0.4615,0.04195,0,local
CVE-2015-8816,6.8,CVSS:3.1/AV:P/AC:L/PR:N/UI:N/S:U/C:H/I:H/A:H,0.2308,0.00544,0,local
CVE-2015-8876,9.8,CVSS:3.0/AV:N/AC:L/PR:N/UI:N/S:U/C:H/I:H/A:H,1.0,0.07705,0,rce
CVE-2015-9175,9.8,CVSS:3.0/AV:N/AC:L/PR:N/UI:N/S:U/C:H/I:H/A:H,1.0,0.01207,0,rce
CVE-2015-9357,6.1,CVSS:3.0/AV:N/AC:L/PR:N/UI:R/S:C/C:L/I:L/A:N,0.7179,0.00971,0,info
CVE-2015-9384,6.1,CVSS:3.1/AV:N/AC:L/PR:N/UI:R/S:C/C:L/I:L/A:N,0.7179,0.00985,0,info
CVE-2015-9396,6.1,CVSS:3.1/AV:N/AC:L/PR:N/UI:R/S:C/C:L/I:L/A:N,0.7179,0.00985,0,info
CVE-2016-0008,4.3,CVSS:3.0/AV:N/AC:L/PR:N/UI:R/S:U/C:L/I:N/A:N,0.7179,0.13789,0,info
CVE-2016-0040,7.8,CVSS:3.1/AV:L/AC:L/PR:N/UI:R/S:U/C:H/I:H/A:H,0.4615,0.24467,1,local
CVE-2016-0121,8.8,CVSS:3.0/AV:N/AC:L/PR:N/UI:R/S:U/C:H/I:H/A:H,0.7179,0.38861,0,rce
CVE-2016-0162,4.3,CVSS:3.1/AV:N/AC:L/PR:N/UI:R/S:U/C:L/I:N/A:N,0.7179,0.22012,1,info
CVE-2016-0167,7.8,CVSS:3.1/AV:L/AC:L/PR:N/UI:R/S:U/C:H/I:H/A:H,0.4615,0.05683,1,local
CVE-2016-0189,7.5,CVSS:3.1/AV:N/AC:H/PR:N/UI:R/S:U/C:H/I:H/A:H,0.4103,0.94062,1,rce
CVE-2016-0204,6.8,CVSS:3.0/AV:N/AC:L/PR:L/UI:R/S:C/C:N/I:H/A:N,0.5897,0.01087,0,rce
CVE-2016-0241,8.8,CVSS:3.0/AV:N/AC:L/PR:L/UI:N/S:U/C:H/I:H/A:H,0.7179,0.018,0,rce
CVE-2016-0756,5.3,CVSS:3.0/AV:N/AC:L/PR:N/UI:N/S:U/C:N/I:L/A:N,1.0,0.02055,0,info
CVE-2016-0900,6.1,CVSS:3.0/AV:N/AC:L/PR:N/UI:R/S:C/C:L/I:L/A:N,0.7179,0.01624,0,info
CVE-2016-10148,4.3,CVSS:3.0/AV:N/AC:L/PR:L/UI:N/S:U/C:L/I:N/A:N,0.7179,0.01641,0,info
CVE-2016-1045,9.8,CVSS:3.0/AV:N/AC:L/PR:N/UI:N/S:U/C:H/I:H/A:H,1.0,0.0641,0,rce
CVE-2016-10619,8.1,CVSS:3.0/AV:N/AC:H/PR:N/UI:N/S:U/C:H/I:H/A:H,0.5641,0.00546,0,rce
CVE-2016-10643,8.1,CVSS:3.0/AV:N/AC:H/PR:N/UI:N/S:U/C:H/I:H/A:H,0.5641,0.01684,0,rce
CVE-2016-10661,8.1,CVSS:3.0/AV:N/AC:H/PR:N/UI:N/S:U/C:H/I:H/A:H,0.5641,0.01752,0,rce
CVE-2016-10671,8.1,CVSS:3.0/AV:N/AC:H/PR:N/UI:N/S:U/C:H/I:H/A:H,0.5641,0.01682,0,rce
CVE-2016-10675,8.1,CVSS:3.0/AV:N/AC:H/PR:N/UI:N/S:U/C:H/I:H/A:H,0.5641,0.02021,0,rce
CVE-2016-10737,5.4,CVSS:3.0/AV:N/AC:L/PR:L/UI:R/S:C/C:L/I:L/A:N,0.5897,0.00617,0,info
CVE-2016-10812,8.8,CVSS:3.0/AV:N/AC:L/PR:L/UI:N/S:U/C:H/I:H/A:H,0.7179,0.01317,0,rce
CVE-2016-10844,6.5,CVSS:3.0/AV:N/AC:L/PR:L/UI:N/S:U/C:H/I:N/A:N,0.7179,0.01095,0,info
CVE-2016-10947,7.2,CVSS:3.1/AV:N/AC:L/PR:H/UI:N/S:U/C:H/I:H/A:H,0.3077,0.01525,0,rce
CVE-2016-1319,5.3,CVSS:3.0/AV:N/AC:L/PR:N/UI:N/S:U/C:L/I:N/A:N,1.0,0.00828,0,info
CVE-2016-15025,6.1,CVSS:3.1/AV:N/AC:L/PR:N/UI:R/S:C/C:L/I:L/A:N,0.7179,0.00535,0,info
CVE-2016-1834,7.8,CVSS:3.1/AV:L/AC:L/PR:N/UI:R/S:U/C:H/I:H/A:H,0.4615,0.04622,0,local
CVE-2016-1850,7.8,CVSS:3.0/AV:L/AC:L/PR:N/UI:R/S:U/C:H/I:H/A:H,0.4615,0.0221,0,local
CVE-2016-1929,9.3,CVSS:3.0/AV:N/AC:L/PR:N/UI:N/S:C/C:N/I:L/A:H,1.0,0.02263,0,info
CVE-2016-1994,6.5,CVSS:3.0/AV:N/AC:L/PR:L/UI:N/S:U/C:H/I:N/A:N,0.7179,0.01917,0,info
CVE-2016-20036,6.1,CVSS:3.1/AV:N/AC:L/PR:N/UI:R/S:C/C:L/I:L/A:N,0.7179,0.00236,0,info
CVE-2016-20097,7.5,CVSS:3.1/AV:N/AC:L/PR:N/UI:N/S:U/C:H/I:N/A:N,1.0,0.00632,0,info
CVE-2016-2362,9.8,CVSS:3.0/AV:N/AC:L/PR:N/UI:N/S:U/C:H/I:H/A:H,1.0,0.02465,0,rce
CVE-2016-2471,7.8,CVSS:3.0/AV:L/AC:L/PR:N/UI:R/S:U/C:H/I:H/A:H,0.4615,0.00421,0,local
CVE-2016-2480,7.8,CVSS:3.0/AV:L/AC:L/PR:N/UI:R/S:U/C:H/I:H/A:H,0.4615,0.00419,0,local
CVE-2016-2837,6.3,CVSS:3.0/AV:N/AC:L/PR:N/UI:R/S:U/C:L/I:L/A:L,0.7179,0.04577,0,info
CVE-2016-2849,7.5,CVSS:3.0/AV:N/AC:L/PR:N/UI:N/S:U/C:H/I:N/A:N,1.0,0.02443,0,info
CVE-2016-3013,6.5,CVSS:3.0/AV:N/AC:L/PR:L/UI:N/S:U/C:N/I:N/A:H,0.7179,0.00906,0,info
CVE-2016-3163,7.5,CVSS:3.0/AV:N/AC:L/PR:N/UI:N/S:U/C:N/I:H/A:N,1.0,0.01426,0,rce
CVE-2016-3188,7.3,CVSS:3.0/AV:N/AC:L/PR:N/UI:N/S:U/C:L/I:L/A:L,1.0,0.01862,0,info
CVE-2016-3351,6.5,CVSS:3.1/AV:N/AC:L/PR:N/UI:R/S:U/C:H/I:N/A:N,0.7179,0.26286,1,info
CVE-2016-3482,3.7,CVSS:3.0/AV:N/AC:H/PR:N/UI:N/S:U/C:L/I:N/A:N,0.5641,0.02297,0,info
CVE-2016-3591,8.6,CVSS:3.0/AV:N/AC:L/PR:N/UI:N/S:U/C:H/I:L/A:L,1.0,0.0393,0,info
CVE-2016-3646,8.4,CVSS:3.0/AV:L/AC:L/PR:N/UI:N/S:U/C:H/I:H/A:H,0.641,0.17739,0,local
CVE-2016-3714,8.4,CVSS:3.1/AV:L/AC:L/PR:N/UI:N/S:U/C:H/I:H/A:H,0.641,0.97485,1,local
CVE-2016-3957,9.8,CVSS:3.0/AV:N/AC:L/PR:N/UI:N/S:U/C:H/I:H/A:H,1.0,0.04937,0,rce
CVE-2016-4015,7.5,CVSS:3.0/AV:N/AC:L/PR:N/UI:N/S:U/C:N/I:N/A:H,1.0,0.02615,0,info
CVE-2016-4027,3.5,CVSS:3.0/AV:N/AC:L/PR:L/UI:R/S:U/C:L/I:N/A:N,0.5385,0.0107,0,info
CVE-2016-4129,8.8,CVSS:3.1/AV:N/AC:L/PR:N/UI:R/S:U/C:H/I:H/A:H,0.7179,0.0381,0,rce
CVE-2016-4176,8.8,CVSS:3.1/AV:N/AC:L/PR:N/UI:R/S:U/C:H/I:H/A:H,0.7179,0.17585,0,rce
CVE-2016-4290,7.8,CVSS:3.0/AV:L/AC:L/PR:N/UI:R/S:U/C:H/I:H/A:H,0.4615,0.02133,0,local
CVE-2016-4536,5.3,CVSS:3.0/AV:N/AC:L/PR:N/UI:N/S:U/C:L/I:N/A:N,1.0,0.01306,0,info
CVE-2016-4579,7.5,CVSS:3.0/AV:N/AC:L/PR:N/UI:N/S:U/C:N/I:N/A:H,1.0,0.03205,0,info
CVE-2016-4607,9.8,CVSS:3.1/AV:N/AC:L/PR:N/UI:N/S:U/C:H/I:H/A:H,1.0,0.05102,0,rce
CVE-2016-4738,8.8,CVSS:3.0/AV:N/AC:L/PR:N/UI:R/S:U/C:H/I:H/A:H,0.7179,0.04131,0,rce
CVE-2016-5130,6.5,CVSS:3.0/AV:N/AC:L/PR:N/UI:R/S:U/C:N/I:H/A:N,0.7179,0.012,0,rce
CVE-2016-5142,9.8,CVSS:3.0/AV:N/AC:L/PR:N/UI:N/S:U/C:H/I:H/A:H,1.0,0.01662,0,rce
CVE-2016-5527,5.9,CVSS:3.0/AV:N/AC:H/PR:N/UI:N/S:U/C:H/I:N/A:N,0.5641,0.01631,0,info
CVE-2016-5645,7.3,CVSS:3.1/AV:N/AC:L/PR:N/UI:N/S:U/C:L/I:L/A:L,1.0,0.29613,0,info
CVE-2016-5686,9.8,CVSS:3.0/AV:N/AC:L/PR:N/UI:N/S:U/C:H/I:H/A:H,1.0,0.04519,0,rce
CVE-2016-5688,8.1,CVSS:3.0/AV:N/AC:H/PR:N/UI:N/S:U/C:H/I:H/A:H,0.5641,0.04824,0,rce
CVE-2016-5704,6.1,CVSS:3.0/AV:N/AC:L/PR:N/UI:R/S:C/C:L/I:L/A:N,0.7179,0.01644,0,info
CVE-2016-5713,9.8,CVSS:3.0/AV:N/AC:L/PR:N/UI:N/S:U/C:H/I:H/A:H,1.0,0.02022,0,rce
CVE-2016-5734,9.8,CVSS:3.0/AV:N/AC:L/PR:N/UI:N/S:U/C:H/I:H/A:H,1.0,0.81373,0,rce
CVE-2016-5839,7.5,CVSS:3.0/AV:N/AC:L/PR:N/UI:N/S:U/C:N/I:H/A:N,1.0,0.02574,0,rce
CVE-2016-5951,5.4,CVSS:3.0/AV:N/AC:L/PR:L/UI:R/S:C/C:L/I:L/A:N,0.5897,0.0054,0,info
CVE-2016-6054,5.4,CVSS:3.0/AV:N/AC:L/PR:L/UI:R/S:C/C:L/I:L/A:N,0.5897,0.00538,0,info
CVE-2016-6100,8.8,CVSS:3.0/AV:N/AC:L/PR:N/UI:R/S:U/C:H/I:H/A:H,0.7179,0.00554,0,rce
CVE-2016-6116,5.9,CVSS:3.0/AV:N/AC:H/PR:N/UI:N/S:U/C:H/I:N/A:N,0.5641,0.01227,0,info
CVE-2016-6352,7.5,CVSS:3.0/AV:N/AC:L/PR:N/UI:N/S:U/C:N/I:N/A:H,1.0,0.03855,0,info
CVE-2016-6367,7.8,CVSS:3.1/AV:L/AC:L/PR:L/UI:N/S:U/C:H/I:H/A:H,0.4615,0.22583,1,local
CVE-2016-6377,8.1,CVSS:3.0/AV:N/AC:H/PR:N/UI:N/S:U/C:H/I:H/A:H,0.5641,0.01269,0,rce
CVE-2016-6416,5.9,CVSS:3.0/AV:N/AC:H/PR:N/UI:N/S:U/C:N/I:N/A:H,0.5641,0.0202,0,info
CVE-2016-6930,8.8,CVSS:3.1/AV:N/AC:L/PR:N/UI:R/S:U/C:H/I:H/A:H,0.7179,0.0604,0,rce
CVE-2016-7066,7.8,CVSS:3.0/AV:L/AC:L/PR:L/UI:N/S:U/C:H/I:H/A:H,0.4615,0.00303,0,local
CVE-2016-7181,7.5,CVSS:3.0/AV:N/AC:H/PR:N/UI:R/S:U/C:H/I:H/A:H,0.4103,0.13903,0,rce
CVE-2016-7200,8.8,CVSS:3.1/AV:N/AC:L/PR:N/UI:R/S:U/C:H/I:H/A:H,0.7179,0.82779,1,rce
CVE-2016-7256,8.8,CVSS:3.1/AV:N/AC:L/PR:N/UI:R/S:U/C:H/I:H/A:H,0.7179,0.64591,1,rce
CVE-2016-7560,9.8,CVSS:3.0/AV:N/AC:L/PR:N/UI:N/S:U/C:H/I:H/A:H,1.0,0.02698,0,rce
CVE-2016-7653,2.4,CVSS:3.0/AV:P/AC:L/PR:N/UI:N/S:U/C:L/I:N/A:N,0.2308,0.00342,0,local
CVE-2016-7819,7.2,CVSS:3.0/AV:N/AC:L/PR:H/UI:N/S:U/C:H/I:H/A:H,0.3077,0.02199,0,rce
CVE-2016-7837,7.8,CVSS:3.0/AV:L/AC:L/PR:L/UI:N/S:U/C:H/I:H/A:H,0.4615,0.00556,0,local
CVE-2016-7867,8.8,CVSS:3.1/AV:N/AC:L/PR:N/UI:R/S:U/C:H/I:H/A:H,0.7179,0.10701,0,rce
CVE-2016-7937,9.8,CVSS:3.0/AV:N/AC:L/PR:N/UI:N/S:U/C:H/I:H/A:H,1.0,0.03198,0,rce
CVE-2016-8319,6.1,CVSS:3.0/AV:N/AC:L/PR:N/UI:R/S:C/C:L/I:L/A:N,0.7179,0.01281,0,info
CVE-2016-8403,4.7,CVSS:3.0/AV:L/AC:H/PR:N/UI:R/S:U/C:H/I:N/A:N,0.2564,0.01046,0,local
CVE-2016-8590,8.8,CVSS:3.0/AV:N/AC:L/PR:L/UI:N/S:U/C:H/I:H/A:H,0.7179,0.05737,0,rce
CVE-2016-8735,9.8,CVSS:3.1/AV:N/AC:L/PR:N/UI:N/S:U/C:H/I:H/A:H,1.0,0.90338,1,rce
CVE-2016-8737,8.8,CVSS:3.0/AV:N/AC:L/PR:N/UI:R/S:U/C:H/I:H/A:H,0.7179,0.01318,0,rce
CVE-2016-8746,5.9,CVSS:3.0/AV:N/AC:H/PR:N/UI:N/S:U/C:N/I:H/A:N,0.5641,0.02733,0,rce
CVE-2016-8808,7.8,CVSS:3.0/AV:L/AC:L/PR:L/UI:N/S:U/C:H/I:H/A:H,0.4615,0.01605,0,local
CVE-2016-9112,7.5,CVSS:3.0/AV:N/AC:L/PR:N/UI:N/S:U/C:N/I:N/A:H,1.0,0.03168,0,info
CVE-2016-9244,7.5,CVSS:3.0/AV:N/AC:L/PR:N/UI:N/S:U/C:H/I:N/A:N,1.0,0.74,0,info
CVE-2016-9539,9.8,CVSS:3.0/AV:N/AC:L/PR:N/UI:N/S:U/C:H/I:H/A:H,1.0,0.0304,0,rce
CVE-2016-9651,8.8,CVSS:3.0/AV:N/AC:L/PR:N/UI:R/S:U/C:H/I:H/A:H,0.7179,0.11182,0,rce
CVE-2016-9698,8.1,CVSS:3.0/AV:N/AC:L/PR:L/UI:N/S:U/C:H/I:N/A:H,0.7179,0.01963,0,info
CVE-2016-9736,5.3,CVSS:3.0/AV:N/AC:L/PR:N/UI:N/S:U/C:L/I:N/A:N,1.0,0.02329,0,info
CVE-2016-9809,7.8,CVSS:3.0/AV:L/AC:L/PR:N/UI:R/S:U/C:H/I:H/A:H,0.4615,0.02929,0,local
CVE-2016-9831,7.8,CVSS:3.0/AV:L/AC:L/PR:N/UI:R/S:U/C:H/I:H/A:H,0.4615,0.02131,0,local
CVE-2017-0001,7.8,CVSS:3.1/AV:L/AC:L/PR:L/UI:N/S:U/C:H/I:H/A:H,0.4615,0.03114,1,local
CVE-2017-0061,5.3,CVSS:3.0/AV:N/AC:H/PR:N/UI:R/S:U/C:H/I:N/A:N,0.4103,0.4313,0,info
CVE-2017-0090,8.8,CVSS:3.0/AV:N/AC:L/PR:N/UI:R/S:U/C:H/I:H/A:H,0.7179,0.42546,0,rce
CVE-2017-0119,4.3,CVSS:3.0/AV:N/AC:L/PR:N/UI:R/S:U/C:L/I:N/A:N,0.7179,0.22471,0,info
CVE-2017-0145,8.8,CVSS:3.1/AV:N/AC:L/PR:L/UI:N/S:U/C:H/I:H/A:H,0.7179,0.8985,1,rce
CVE-2017-0147,7.5,CVSS:3.1/AV:N/AC:L/PR:N/UI:N/S:U/C:H/I:N/A:N,1.0,0.99693,1,info
CVE-2017-0148,8.1,CVSS:3.1/AV:N/AC:H/PR:N/UI:N/S:U/C:H/I:H/A:H,0.5641,0.99356,1,rce
CVE-2017-0149,8.8,CVSS:3.1/AV:N/AC:L/PR:N/UI:R/S:U/C:H/I:H/A:H,0.7179,0.29178,1,rce
CVE-2017-0210,8.8,CVSS:3.1/AV:N/AC:L/PR:N/UI:R/S:U/C:H/I:H/A:H,0.7179,0.22334,1,rce
CVE-2017-0222,8.8,CVSS:3.1/AV:N/AC:L/PR:N/UI:R/S:U/C:H/I:H/A:H,0.7179,0.29645,1,rce
CVE-2017-0261,7.8,CVSS:3.1/AV:L/AC:L/PR:N/UI:R/S:U/C:H/I:H/A:H,0.4615,0.7813,1,local
CVE-2017-0262,7.8,CVSS:3.1/AV:L/AC:L/PR:N/UI:R/S:U/C:H/I:H/A:H,0.4615,0.81005,1,local
CVE-2017-0264,7.8,CVSS:3.0/AV:L/AC:L/PR:N/UI:R/S:U/C:H/I:H/A:H,0.4615,0.13915,0,local
CVE-2017-0314,7.8,CVSS:3.0/AV:L/AC:L/PR:L/UI:N/S:U/C:H/I:H/A:H,0.4615,0.00332,0,local
CVE-2017-0361,7.8,CVSS:3.0/AV:L/AC:L/PR:L/UI:N/S:U/C:H/I:H/A:H,0.4615,0.00435,0,local
CVE-2017-0411,7.8,CVSS:3.0/AV:L/AC:L/PR:N/UI:R/S:U/C:H/I:H/A:H,0.4615,0.02866,0,local
CVE-2017-0465,7.0,CVSS:3.0/AV:L/AC:H/PR:N/UI:R/S:U/C:H/I:H/A:H,0.2564,0.00639,0,local
CVE-2017-0466,7.8,CVSS:3.0/AV:L/AC:L/PR:N/UI:R/S:U/C:H/I:H/A:H,0.4615,0.01422,0,local
CVE-2017-0497,4.7,CVSS:3.0/AV:L/AC:H/PR:N/UI:R/S:U/C:N/I:N/A:H,0.2564,0.00531,0,local
CVE-2017-0532,4.7,CVSS:3.0/AV:L/AC:H/PR:N/UI:R/S:U/C:H/I:N/A:N,0.2564,0.0038,0,local
CVE-2017-0719,7.8,CVSS:3.0/AV:L/AC:L/PR:N/UI:R/S:U/C:H/I:H/A:H,0.4615,0.01378,0,local
CVE-2017-0802,7.8,CVSS:3.0/AV:L/AC:L/PR:N/UI:R/S:U/C:H/I:H/A:H,0.4615,0.00368,0,local
CVE-2017-1000089,5.3,CVSS:3.0/AV:N/AC:L/PR:N/UI:N/S:U/C:N/I:L/A:N,1.0,0.00958,0,info
CVE-2017-1000098,7.5,CVSS:3.1/AV:N/AC:L/PR:N/UI:N/S:U/C:N/I:N/A:H,1.0,0.02078,0,info
CVE-2017-1000121,9.8,CVSS:3.1/AV:N/AC:L/PR:N/UI:N/S:U/C:H/I:H/A:H,1.0,0.01201,0,rce
CVE-2017-1000218,9.8,CVSS:3.0/AV:N/AC:L/PR:N/UI:N/S:U/C:H/I:H/A:H,1.0,0.03379,0,rce
CVE-2017-1000504,8.1,CVSS:3.0/AV:N/AC:H/PR:N/UI:N/S:U/C:H/I:H/A:H,0.5641,0.01016,0,rce
CVE-2017-1002023,9.8,CVSS:3.0/AV:N/AC:L/PR:N/UI:N/S:U/C:H/I:H/A:H,1.0,0.02958,0,rce
CVE-2017-1002102,5.6,CVSS:3.0/AV:L/AC:H/PR:L/UI:N/S:C/C:N/I:H/A:N,0.2821,0.01062,0,local
CVE-2017-10193,3.1,CVSS:3.1/AV:N/AC:H/PR:N/UI:R/S:U/C:L/I:N/A:N,0.4103,0.02224,0,info
CVE-2017-10271,7.5,CVSS:3.1/AV:N/AC:L/PR:N/UI:N/S:U/C:N/I:N/A:H,1.0,0.9999,1,info
CVE-2017-10367,5.4,CVSS:3.0/AV:N/AC:L/PR:N/UI:R/S:U/C:L/I:L/A:N,0.7179,0.00942,0,info
CVE-2017-10731,7.8,CVSS:3.0/AV:L/AC:L/PR:N/UI:R/S:U/C:H/I:H/A:H,0.4615,0.02092,0,local
CVE-2017-10835,8.8,CVSS:3.0/AV:N/AC:L/PR:L/UI:N/S:U/C:H/I:H/A:H,0.7179,0.01359,0,rce
CVE-2017-10895,7.5,CVSS:3.0/AV:N/AC:L/PR:N/UI:N/S:U/C:N/I:N/A:H,1.0,0.015,0,info
CVE-2017-10942,6.5,CVSS:3.0/AV:N/AC:L/PR:N/UI:R/S:U/C:H/I:N/A:N,0.7179,0.02456,0,info
CVE-2017-10999,7.8,CVSS:3.0/AV:L/AC:L/PR:N/UI:R/S:U/C:H/I:H/A:H,0.4615,0.00368,0,local
CVE-2017-11052,7.5,CVSS:3.0/AV:N/AC:L/PR:N/UI:N/S:U/C:H/I:N/A:N,1.0,0.00514,0,info
CVE-2017-11131,5.9,CVSS:3.0/AV:N/AC:H/PR:N/UI:N/S:U/C:H/I:N/A:N,0.5641,0.0055,0,info
CVE-2017-11160,7.8,CVSS:3.0/AV:L/AC:L/PR:L/UI:N/S:U/C:H/I:H/A:H,0.4615,0.00432,0,local
CVE-2017-11173,8.8,CVSS:3.1/AV:N/AC:L/PR:N/UI:R/S:U/C:H/I:H/A:H,0.7179,0.02345,0,rce
CVE-2017-11261,8.8,CVSS:3.0/AV:N/AC:L/PR:N/UI:R/S:U/C:H/I:H/A:H,0.7179,0.06918,0,rce
CVE-2017-11511,7.5,CVSS:3.0/AV:N/AC:L/PR:N/UI:N/S:U/C:H/I:N/A:N,1.0,0.03538,0,info
CVE-2017-11774,7.8,CVSS:3.1/AV:L/AC:L/PR:N/UI:R/S:U/C:H/I:H/A:H,0.4615,0.59627,1,local
CVE-2017-11845,7.5,CVSS:3.0/AV:N/AC:H/PR:N/UI:R/S:U/C:H/I:H/A:H,0.4103,0.0793,0,rce
CVE-2017-1189,6.1,CVSS:3.0/AV:N/AC:L/PR:N/UI:R/S:C/C:L/I:L/A:N,0.7179,0.01077,0,info
CVE-2017-12149,9.8,CVSS:3.1/AV:N/AC:L/PR:N/UI:N/S:U/C:H/I:H/A:H,1.0,0.90713,1,rce
CVE-2017-12192,5.5,CVSS:3.0/AV:L/AC:L/PR:L/UI:N/S:U/C:N/I:N/A:H,0.4615,0.00449,0,local
CVE-2017-12193,5.5,CVSS:3.0/AV:L/AC:L/PR:L/UI:N/S:U/C:N/I:N/A:H,0.4615,0.00451,0,local
CVE-2017-12233,7.5,CVSS:3.1/AV:N/AC:L/PR:N/UI:N/S:U/C:N/I:N/A:H,1.0,0.0707,1,info
CVE-2017-12234,7.5,CVSS:3.1/AV:N/AC:L/PR:N/UI:N/S:U/C:N/I:N/A:H,1.0,0.0707,1,info
CVE-2017-12240,9.8,CVSS:3.1/AV:N/AC:L/PR:N/UI:N/S:U/C:H/I:H/A:H,1.0,0.13773,1,rce
CVE-2017-12319,5.9,CVSS:3.1/AV:N/AC:H/PR:N/UI:N/S:U/C:N/I:N/A:H,0.5641,0.05243,1,info
CVE-2017-12355,5.3,CVSS:3.0/AV:N/AC:L/PR:N/UI:N/S:U/C:N/I:N/A:L,1.0,0.03069,0,info
CVE-2017-12663,8.8,CVSS:3.1/AV:N/AC:L/PR:N/UI:R/S:U/C:H/I:H/A:H,0.7179,0.01457,0,rce
CVE-2017-12853,8.8,CVSS:3.0/AV:N/AC:L/PR:N/UI:R/S:U/C:H/I:H/A:H,0.7179,0.0085,0,rce
CVE-2017-1289,8.2,CVSS:3.0/AV:N/AC:L/PR:N/UI:N/S:U/C:H/I:N/A:L,1.0,0.03632,0,info
CVE-2017-12898,9.8,CVSS:3.1/AV:N/AC:L/PR:N/UI:N/S:U/C:H/I:H/A:H,1.0,0.02527,0,rce
CVE-2017-13043,9.8,CVSS:3.0/AV:N/AC:L/PR:N/UI:N/S:U/C:H/I:H/A:H,1.0,0.03241,0,rce
CVE-2017-13213,7.8,CVSS:3.0/AV:L/AC:L/PR:L/UI:N/S:U/C:H/I:H/A:H,0.4615,0.00152,0,local
CVE-2017-13262,6.5,CVSS:3.0/AV:A/AC:L/PR:N/UI:N/S:U/C:H/I:N/A:N,0.7179,0.08021,0,info
CVE-2017-13736,6.5,CVSS:3.0/AV:N/AC:L/PR:N/UI:R/S:U/C:N/I:N/A:H,0.7179,0.01799,0,info
CVE-2017-13993,7.8,CVSS:3.0/AV:L/AC:L/PR:N/UI:R/S:U/C:H/I:H/A:H,0.4615,0.01761,0,local
CVE-2017-14085,5.3,CVSS:3.0/AV:N/AC:L/PR:N/UI:N/S:U/C:L/I:N/A:N,1.0,0.05651,0,info
CVE-2017-14096,6.1,CVSS:3.0/AV:N/AC:L/PR:N/UI:R/S:C/C:L/I:L/A:N,0.7179,0.03036,0,info
CVE-2017-14171,6.5,CVSS:3.0/AV:N/AC:L/PR:N/UI:R/S:U/C:N/I:N/A:H,0.7179,0.01768,0,info
CVE-2017-14232,5.5,CVSS:3.0/AV:L/AC:L/PR:N/UI:R/S:U/C:N/I:N/A:H,0.4615,0.01158,0,local
CVE-2017-14281,7.8,CVSS:3.0/AV:L/AC:L/PR:L/UI:N/S:U/C:H/I:H/A:H,0.4615,0.0031,0,local
CVE-2017-14495,7.5,CVSS:3.0/AV:N/AC:L/PR:N/UI:N/S:U/C:N/I:N/A:H,1.0,0.84323,0,info
CVE-2017-14639,8.8,CVSS:3.0/AV:N/AC:L/PR:N/UI:R/S:U/C:H/I:H/A:H,0.7179,0.01705,0,rce
CVE-2017-14800,6.1,CVSS:3.0/AV:N/AC:L/PR:N/UI:R/S:C/C:L/I:L/A:N,0.7179,0.00742,0,info
CVE-2017-14921,5.4,CVSS:3.0/AV:N/AC:L/PR:L/UI:R/S:C/C:L/I:L/A:N,0.5897,0.00926,0,info
CVE-2017-15235,7.5,CVSS:3.0/AV:N/AC:L/PR:N/UI:N/S:U/C:H/I:N/A:N,1.0,0.0553,0,info
CVE-2017-15358,7.0,CVSS:3.0/AV:L/AC:H/PR:L/UI:N/S:U/C:H/I:H/A:H,0.2564,0.0076,0,local
CVE-2017-15363,7.5,CVSS:3.1/AV:N/AC:L/PR:N/UI:N/S:U/C:H/I:N/A:N,1.0,0.15333,0,info
CVE-2017-15524,9.1,CVSS:3.0/AV:N/AC:L/PR:N/UI:N/S:U/C:H/I:H/A:N,1.0,0.01223,0,rce
CVE-2017-15671,5.9,CVSS:3.0/AV:N/AC:H/PR:N/UI:N/S:U/C:N/I:N/A:H,0.5641,0.01431,0,info
CVE-2017-15806,8.1,CVSS:3.0/AV:N/AC:H/PR:N/UI:N/S:U/C:H/I:H/A:H,0.5641,0.10652,0,rce
CVE-2017-16018,6.1,CVSS:3.0/AV:N/AC:L/PR:N/UI:R/S:C/C:L/I:L/A:N,0.7179,0.00966,0,info
CVE-2017-16151,9.8,CVSS:3.0/AV:N/AC:L/PR:N/UI:N/S:U/C:H/I:H/A:H,1.0,0.02716,0,rce
CVE-2017-16192,7.5,CVSS:3.0/AV:N/AC:L/PR:N/UI:N/S:U/C:H/I:N/A:N,1.0,0.02005,0,info
CVE-2017-16273,9.9,CVSS:3.1/AV:N/AC:L/PR:L/UI:N/S:C/C:H/I:H/A:H,0.7949,0.00673,0,rce
CVE-2017-16334,9.9,CVSS:3.1/AV:N/AC:L/PR:L/UI:N/S:C/C:H/I:H/A:H,0.7949,0.00673,0,rce
CVE-2017-16763,9.8,CVSS:3.0/AV:N/AC:L/PR:N/UI:N/S:U/C:H/I:H/A:H,1.0,0.04473,0,rce
CVE-2017-16836,6.1,CVSS:3.1/AV:N/AC:L/PR:N/UI:R/S:C/C:L/I:L/A:N,0.7179,0.01989,0,info
CVE-2017-16869,7.8,CVSS:3.0/AV:L/AC:L/PR:N/UI:R/S:U/C:H/I:H/A:H,0.4615,0.01005,0,local
CVE-2017-17416,9.8,CVSS:3.0/AV:N/AC:L/PR:N/UI:N/S:U/C:H/I:H/A:H,1.0,0.0386,0,rce
CVE-2017-17529,8.8,CVSS:3.0/AV:N/AC:L/PR:N/UI:R/S:U/C:H/I:H/A:H,0.7179,0.01221,0,rce
CVE-2017-17764,7.8,CVSS:3.0/AV:L/AC:L/PR:L/UI:N/S:U/C:H/I:H/A:H,0.4615,0.0017,0,local
CVE-2017-17927,5.3,CVSS:3.0/AV:N/AC:L/PR:N/UI:N/S:U/C:L/I:N/A:N,1.0,0.01507,0,info
CVE-2017-17945,9.1,CVSS:3.0/AV:N/AC:L/PR:N/UI:N/S:U/C:H/I:H/A:N,1.0,0.0092,0,rce
CVE-2017-17984,4.8,CVSS:3.0/AV:N/AC:L/PR:H/UI:R/S:C/C:L/I:L/A:N,0.4359,0.00496,0,info
CVE-2017-18004,5.4,CVSS:3.0/AV:N/AC:L/PR:L/UI:R/S:C/C:L/I:L/A:N,0.5897,0.00636,0,info
CVE-2017-18006,6.1,CVSS:3.0/AV:N/AC:L/PR:N/UI:R/S:C/C:L/I:L/A:N,0.7179,0.0068,0,info
CVE-2017-18109,6.1,CVSS:3.0/AV:N/AC:L/PR:N/UI:R/S:C/C:L/I:L/A:N,0.7179,0.01131,0,info
CVE-2017-18133,9.8,CVSS:3.0/AV:N/AC:L/PR:N/UI:N/S:U/C:H/I:H/A:H,1.0,0.01185,0,rce
CVE-2017-18178,6.1,CVSS:3.0/AV:N/AC:L/PR:N/UI:R/S:C/C:L/I:L/A:N,0.7179,0.02294,0,info
CVE-2017-18520,6.1,CVSS:3.0/AV:N/AC:L/PR:N/UI:R/S:C/C:L/I:L/A:N,0.7179,0.00914,0,info
CVE-2017-18525,6.1,CVSS:3.0/AV:N/AC:L/PR:N/UI:R/S:C/C:L/I:L/A:N,0.7179,0.00905,0,info
CVE-2017-18558,6.1,CVSS:3.0/AV:N/AC:L/PR:N/UI:R/S:C/C:L/I:L/A:N,0.7179,0.01384,0,info
CVE-2017-18574,6.1,CVSS:3.0/AV:N/AC:L/PR:N/UI:R/S:C/C:L/I:L/A:N,0.7179,0.00915,0,info
CVE-2017-18789,5.5,CVSS:3.1/AV:L/AC:L/PR:L/UI:N/S:U/C:H/I:N/A:N,0.4615,0.00315,0,local
CVE-2017-20062,8.8,CVSS:3.1/AV:N/AC:L/PR:N/UI:R/S:U/C:H/I:H/A:H,0.7179,0.00384,0,rce
CVE-2017-20220,7.5,CVSS:3.1/AV:N/AC:L/PR:N/UI:N/S:U/C:H/I:N/A:N,1.0,0.00395,0,info
CVE-2017-2136,6.1,CVSS:3.0/AV:N/AC:L/PR:N/UI:R/S:C/C:L/I:L/A:N,0.7179,0.02603,0,info
CVE-2017-2195,8.8,CVSS:3.0/AV:N/AC:L/PR:L/UI:N/S:U/C:H/I:H/A:H,0.7179,0.01617,0,rce
CVE-2017-2258,4.3,CVSS:3.0/AV:N/AC:L/PR:L/UI:N/S:U/C:L/I:N/A:N,0.7179,0.01326,0,info
CVE-2017-2280,8.8,CVSS:3.0/AV:A/AC:L/PR:N/UI:N/S:U/C:H/I:H/A:H,0.7179,0.00843,0,rce
CVE-2017-2309,5.9,CVSS:3.0/AV:N/AC:H/PR:N/UI:N/S:U/C:H/I:N/A:N,0.5641,0.00792,0,info
CVE-2017-2391,5.3,CVSS:3.0/AV:N/AC:L/PR:N/UI:N/S:U/C:L/I:N/A:N,1.0,0.00959,0,info
CVE-2017-2642,6.5,CVSS:3.0/AV:N/AC:L/PR:L/UI:N/S:U/C:H/I:N/A:N,0.7179,0.01101,0,info
CVE-2017-2669,7.5,CVSS:3.0/AV:N/AC:L/PR:N/UI:N/S:U/C:N/I:N/A:H,1.0,0.04465,0,info
CVE-2017-2691,6.8,CVSS:3.0/AV:P/AC:L/PR:N/UI:N/S:U/C:H/I:H/A:H,0.2308,0.00284,0,local
CVE-2017-2795,8.6,CVSS:3.0/AV:L/AC:L/PR:N/UI:R/S:C/C:H/I:H/A:H,0.4615,0.01335,0,local
CVE-2017-3066,9.8,CVSS:3.1/AV:N/AC:L/PR:N/UI:N/S:U/C:H/I:H/A:H,1.0,0.90597,1,rce
CVE-2017-3143,5.9,CVSS:3.0/AV:N/AC:H/PR:N/UI:N/S:U/C:N/I:H/A:N,0.5641,0.18299,0,rce
CVE-2017-3197,9.8,CVSS:3.0/AV:N/AC:L/PR:N/UI:N/S:U/C:H/I:H/A:H,1.0,0.05569,0,rce
CVE-2017-3643,4.9,CVSS:3.0/AV:N/AC:L/PR:H/UI:N/S:U/C:N/I:N/A:H,0.3077,0.0245,0,info
CVE-2017-3792,9.8,CVSS:3.0/AV:N/AC:L/PR:N/UI:N/S:U/C:H/I:H/A:H,1.0,0.06836,0,rce
CVE-2017-4975,7.5,CVSS:3.0/AV:N/AC:L/PR:N/UI:N/S:U/C:N/I:H/A:N,1.0,0.00818,0,rce
CVE-2017-5170,7.2,CVSS:3.0/AV:N/AC:L/PR:H/UI:N/S:U/C:H/I:H/A:H,0.3077,0.01481,0,rce
CVE-2017-5179,5.4,CVSS:3.0/AV:N/AC:L/PR:L/UI:R/S:C/C:L/I:L/A:N,0.5897,0.01252,0,info
CVE-2017-5191,6.1,CVSS:3.0/AV:N/AC:L/PR:N/UI:R/S:C/C:L/I:L/A:N,0.7179,0.00679,0,info
CVE-2017-5356,7.5,CVSS:3.0/AV:N/AC:L/PR:N/UI:N/S:U/C:N/I:N/A:H,1.0,0.04779,0,info
CVE-2017-5361,5.9,CVSS:3.0/AV:N/AC:H/PR:N/UI:N/S:U/C:H/I:N/A:N,0.5641,0.01368,0,info
CVE-2017-5486,9.8,CVSS:3.0/AV:N/AC:L/PR:N/UI:N/S:U/C:H/I:H/A:H,1.0,0.03383,0,rce
CVE-2017-5537,5.3,CVSS:3.0/AV:N/AC:L/PR:N/UI:N/S:U/C:L/I:N/A:N,1.0,0.02306,0,info
CVE-2017-5550,5.5,CVSS:3.0/AV:L/AC:L/PR:L/UI:N/S:U/C:H/I:N/A:N,0.4615,0.00417,0,local
CVE-2017-5638,9.8,CVSS:3.1/AV:N/AC:L/PR:N/UI:N/S:U/C:H/I:H/A:H,1.0,0.99999,1,rce
CVE-2017-5689,9.8,CVSS:3.1/AV:N/AC:L/PR:N/UI:N/S:U/C:H/I:H/A:H,1.0,0.92189,1,rce
CVE-2017-5700,8.4,CVSS:3.0/AV:L/AC:L/PR:N/UI:N/S:U/C:H/I:H/A:H,0.641,0.00381,0,local
CVE-2017-5933,5.9,CVSS:3.0/AV:N/AC:H/PR:N/UI:N/S:U/C:H/I:N/A:N,0.5641,0.03183,0,info
CVE-2017-6134,6.5,CVSS:3.0/AV:A/AC:L/PR:N/UI:N/S:U/C:N/I:N/A:H,0.7179,0.00866,0,info
CVE-2017-6148,7.5,CVSS:3.0/AV:N/AC:L/PR:N/UI:N/S:U/C:N/I:N/A:H,1.0,0.01296,0,info
CVE-2017-6309,7.8,CVSS:3.0/AV:L/AC:L/PR:N/UI:R/S:U/C:H/I:H/A:H,0.4615,0.01411,0,local
CVE-2017-6316,9.8,CVSS:3.1/AV:N/AC:L/PR:N/UI:N/S:U/C:H/I:H/A:H,1.0,0.7303,1,rce
CVE-2017-6334,8.8,CVSS:3.1/AV:N/AC:L/PR:L/UI:N/S:U/C:H/I:H/A:H,0.7179,0.7264,1,rce
CVE-2017-6485,6.1,CVSS:3.0/AV:N/AC:L/PR:N/UI:R/S:C/C:L/I:L/A:N,0.7179,0.00664,0,info
CVE-2017-6492,7.2,CVSS:3.0/AV:N/AC:L/PR:H/UI:N/S:U/C:H/I:H/A:H,0.3077,0.01356,0,rce
CVE-2017-6520,9.1,CVSS:3.0/AV:N/AC:L/PR:N/UI:N/S:U/C:H/I:N/A:H,1.0,0.01982,0,info
CVE-2017-6556,5.4,CVSS:3.0/AV:N/AC:L/PR:L/UI:R/S:C/C:L/I:L/A:N,0.5897,0.00607,0,info
CVE-2017-6737,8.8,CVSS:3.1/AV:N/AC:L/PR:L/UI:N/S:U/C:H/I:H/A:H,0.7179,0.4524,1,rce
CVE-2017-6739,8.8,CVSS:3.1/AV:N/AC:L/PR:L/UI:N/S:U/C:H/I:H/A:H,0.7179,0.10855,1,rce
CVE-2017-6740,8.8,CVSS:3.1/AV:N/AC:L/PR:L/UI:N/S:U/C:H/I:H/A:H,0.7179,0.111,1,rce
CVE-2017-6839,5.5,CVSS:3.0/AV:L/AC:L/PR:N/UI:R/S:U/C:N/I:N/A:H,0.4615,0.03024,0,local
CVE-2017-6880,9.8,CVSS:3.0/AV:N/AC:L/PR:N/UI:N/S:U/C:H/I:H/A:H,1.0,0.14321,0,rce
CVE-2017-6951,5.5,CVSS:3.0/AV:L/AC:L/PR:L/UI:N/S:U/C:N/I:N/A:H,0.4615,0.00385,0,local
CVE-2017-7025,7.8,CVSS:3.0/AV:L/AC:L/PR:N/UI:R/S:U/C:H/I:H/A:H,0.4615,0.02239,0,local
CVE-2017-7117,8.8,CVSS:3.0/AV:N/AC:L/PR:N/UI:R/S:U/C:H/I:H/A:H,0.7179,0.10196,0,rce
CVE-2017-7275,5.5,CVSS:3.0/AV:L/AC:L/PR:N/UI:R/S:U/C:N/I:N/A:H,0.4615,0.01387,0,local
CVE-2017-7340,6.1,CVSS:3.0/AV:N/AC:L/PR:N/UI:R/S:C/C:L/I:L/A:N,0.7179,0.00672,0,info
CVE-2017-7519,4.4,CVSS:3.0/AV:L/AC:L/PR:H/UI:N/S:U/C:N/I:N/A:H,0.2051,0.0052,0,local
CVE-2017-7574,9.8,CVSS:3.1/AV:N/AC:L/PR:N/UI:N/S:U/C:H/I:H/A:H,1.0,0.01254,0,rce
CVE-2017-7815,5.3,CVSS:3.0/AV:N/AC:L/PR:N/UI:N/S:U/C:N/I:L/A:N,1.0,0.01161,0,info
CVE-2017-7871,6.1,CVSS:3.0/AV:N/AC:L/PR:N/UI:R/S:C/C:L/I:L/A:N,0.7179,0.00732,0,info
CVE-2017-8145,5.5,CVSS:3.0/AV:L/AC:L/PR:N/UI:R/S:U/C:N/I:N/A:H,0.4615,0.0054,0,local
CVE-2017-8183,5.5,CVSS:3.0/AV:L/AC:L/PR:N/UI:R/S:U/C:H/I:N/A:N,0.4615,0.00645,0,local
CVE-2017-8276,7.8,CVSS:3.0/AV:L/AC:L/PR:L/UI:N/S:U/C:H/I:H/A:H,0.4615,0.00186,0,local
CVE-2017-8291,7.8,CVSS:3.1/AV:L/AC:L/PR:N/UI:R/S:U/C:H/I:H/A:H,0.4615,0.96968,1,local
CVE-2017-8464,8.8,CVSS:3.1/AV:N/AC:L/PR:N/UI:R/S:U/C:H/I:H/A:H,0.7179,0.8992,1,rce
CVE-2017-8498,4.3,CVSS:3.0/AV:N/AC:L/PR:N/UI:R/S:U/C:L/I:N/A:N,0.7179,0.0518,0,info
CVE-2017-8566,7.0,CVSS:3.0/AV:L/AC:H/PR:L/UI:N/S:U/C:H/I:H/A:H,0.2564,0.01002,0,local
CVE-2017-8607,7.5,CVSS:3.0/AV:N/AC:H/PR:N/UI:R/S:U/C:H/I:H/A:H,0.4103,0.09391,0,rce
CVE-2017-8712,5.3,CVSS:3.0/AV:L/AC:H/PR:H/UI:N/S:C/C:H/I:N/A:N,0.2051,0.02052,0,local
CVE-2017-8752,7.5,CVSS:3.0/AV:N/AC:H/PR:N/UI:R/S:U/C:H/I:H/A:H,0.4103,0.08891,0,rce
CVE-2017-8836,8.8,CVSS:3.0/AV:N/AC:L/PR:N/UI:R/S:U/C:H/I:H/A:H,0.7179,0.01873,0,rce
CVE-2017-8855,7.5,CVSS:3.0/AV:N/AC:L/PR:N/UI:N/S:U/C:N/I:H/A:N,1.0,0.01118,0,rce
CVE-2017-8925,5.5,CVSS:3.0/AV:L/AC:L/PR:L/UI:N/S:U/C:N/I:N/A:H,0.4615,0.00422,0,local
CVE-2017-9139,3.5,CVSS:3.0/AV:A/AC:L/PR:L/UI:N/S:U/C:N/I:N/A:L,0.5385,0.00373,0,info
CVE-2017-9248,9.8,CVSS:3.1/AV:N/AC:L/PR:N/UI:N/S:U/C:H/I:H/A:H,1.0,0.75098,1,rce
CVE-2017-9277,7.5,CVSS:3.0/AV:N/AC:L/PR:N/UI:N/S:U/C:N/I:H/A:N,1.0,0.01324,0,rce
CVE-2017-9386,6.5,CVSS:3.0/AV:N/AC:L/PR:L/UI:N/S:U/C:H/I:N/A:N,0.7179,0.0314,0,info
CVE-2017-9566,5.9,CVSS:3.0/AV:N/AC:H/PR:N/UI:N/S:U/C:H/I:N/A:N,0.5641,0.00486,0,info
CVE-2017-9578,5.9,CVSS:3.0/AV:N/AC:H/PR:N/UI:N/S:U/C:H/I:N/A:N,0.5641,0.00486,0,info
CVE-2017-9630,9.4,CVSS:3.0/AV:N/AC:L/PR:N/UI:N/S:U/C:L/I:H/A:H,1.0,0.01186,0,rce
CVE-2017-9759,8.8,CVSS:3.0/AV:N/AC:L/PR:L/UI:N/S:U/C:H/I:H/A:H,0.7179,0.01403,0,rce
CVE-2017-9791,9.8,CVSS:3.1/AV:N/AC:L/PR:N/UI:N/S:U/C:H/I:H/A:H,1.0,0.98908,1,rce
CVE-2017-9814,7.5,CVSS:3.1/AV:N/AC:L/PR:N/UI:N/S:U/C:N/I:N/A:H,1.0,0.03435,0,info
CVE-2017-9998,6.5,CVSS:3.1/AV:N/AC:L/PR:N/UI:R/S:U/C:N/I:N/A:H,0.7179,0.02018,0,info
CVE-2018-0154,7.5,CVSS:3.1/AV:N/AC:L/PR:N/UI:N/S:U/C:N/I:N/A:H,1.0,0.0707,1,info
CVE-2018-0172,8.6,CVSS:3.1/AV:N/AC:L/PR:N/UI:N/S:C/C:N/I:N/A:H,1.0,0.0782,1,info
CVE-2018-0174,8.6,CVSS:3.1/AV:N/AC:L/PR:N/UI:N/S:C/C:N/I:N/A:H,1.0,0.07608,1,info
CVE-2018-0179,5.9,CVSS:3.1/AV:N/AC:H/PR:N/UI:N/S:U/C:N/I:N/A:H,0.5641,0.04935,1,info
CVE-2018-0180,5.9,CVSS:3.1/AV:N/AC:H/PR:N/UI:N/S:U/C:N/I:N/A:H,0.5641,0.04935,1,info
CVE-2018-0183,6.7,CVSS:3.0/AV:L/AC:L/PR:H/UI:N/S:U/C:H/I:H/A:H,0.2051,0.00401,0,local
CVE-2018-0289,6.1,CVSS:3.0/AV:N/AC:L/PR:N/UI:R/S:C/C:L/I:L/A:N,0.7179,0.01747,0,info
CVE-2018-0622,7.4,CVSS:3.0/AV:N/AC:H/PR:N/UI:N/S:U/C:H/I:H/A:N,0.5641,0.00607,0,rce
CVE-2018-0833,5.3,CVSS:3.0/AV:N/AC:H/PR:L/UI:N/S:U/C:N/I:N/A:H,0.4103,0.39897,0,info
CVE-2018-1000556,6.1,CVSS:3.0/AV:N/AC:L/PR:N/UI:R/S:C/C:L/I:L/A:N,0.7179,0.00707,0,info
CVE-2018-1000857,8.8,CVSS:3.1/AV:N/AC:L/PR:L/UI:N/S:U/C:H/I:H/A:H,0.7179,0.03253,0,rce
CVE-2018-10189,7.5,CVSS:3.0/AV:N/AC:L/PR:N/UI:N/S:U/C:H/I:N/A:N,1.0,0.01158,0,info
CVE-2018-1062,5.3,CVSS:3.1/AV:N/AC:H/PR:L/UI:N/S:U/C:H/I:N/A:N,0.4103,0.01357,0,info
CVE-2018-10918,6.5,CVSS:3.0/AV:N/AC:L/PR:L/UI:N/S:U/C:N/I:N/A:H,0.7179,0.02546,0,info
CVE-2018-11019,7.5,CVSS:3.0/AV:N/AC:L/PR:N/UI:N/S:U/C:N/I:N/A:H,1.0,0.02957,0,info
CVE-2018-11021,7.5,CVSS:3.0/AV:N/AC:L/PR:N/UI:N/S:U/C:N/I:N/A:H,1.0,0.02957,0,info
CVE-2018-1112,8.8,CVSS:3.0/AV:N/AC:L/PR:L/UI:N/S:U/C:H/I:H/A:H,0.7179,0.02392,0,rce
CVE-2018-11255,5.5,CVSS:3.0/AV:L/AC:L/PR:N/UI:R/S:U/C:N/I:N/A:H,0.4615,0.01097,0,local
CVE-2018-11328,4.7,CVSS:3.0/AV:N/AC:H/PR:N/UI:R/S:C/C:L/I:L/A:N,0.4103,0.01361,0,info
CVE-2018-1166,7.8,CVSS:3.0/AV:L/AC:L/PR:L/UI:N/S:U/C:H/I:H/A:H,0.4615,0.00376,0,local
CVE-2018-11682,9.8,CVSS:3.1/AV:N/AC:L/PR:N/UI:N/S:U/C:H/I:H/A:H,1.0,0.04301,0,rce
CVE-2018-12483,8.8,CVSS:3.0/AV:N/AC:L/PR:L/UI:N/S:U/C:H/I:H/A:H,0.7179,0.0322,0,rce
CVE-2018-12599,8.8,CVSS:3.0/AV:N/AC:L/PR:N/UI:R/S:U/C:H/I:H/A:H,0.7179,0.03295,0,rce
CVE-2018-12895,8.8,CVSS:3.1/AV:N/AC:L/PR:L/UI:N/S:U/C:H/I:H/A:H,0.7179,0.62162,0,rce
CVE-2018-12911,9.8,CVSS:3.0/AV:N/AC:L/PR:N/UI:N/S:U/C:H/I:H/A:H,1.0,0.01728,0,rce
CVE-2018-12930,7.8,CVSS:3.0/AV:L/AC:L/PR:L/UI:N/S:U/C:H/I:H/A:H,0.4615,0.00427,0,local
CVE-2018-12942,8.8,CVSS:3.0/AV:N/AC:L/PR:L/UI:N/S:U/C:H/I:H/A:H,0.7179,0.01549,0,rce
CVE-2018-12971,6.5,CVSS:3.0/AV:N/AC:L/PR:N/UI:R/S:U/C:N/I:H/A:N,0.7179,0.00447,0,rce
CVE-2018-1310,7.5,CVSS:3.0/AV:N/AC:L/PR:N/UI:N/S:U/C:N/I:N/A:H,1.0,0.03176,0,info
CVE-2018-13382,7.5,CVSS:3.1/AV:N/AC:L/PR:N/UI:N/S:U/C:N/I:H/A:N,1.0,0.81691,1,rce
CVE-2018-13540,7.5,CVSS:3.0/AV:N/AC:L/PR:N/UI:N/S:U/C:N/I:H/A:N,1.0,0.01094,0,rce
CVE-2018-13673,7.5,CVSS:3.0/AV:N/AC:L/PR:N/UI:N/S:U/C:N/I:H/A:N,1.0,0.01094,0,rce
CVE-2018-13704,7.5,CVSS:3.0/AV:N/AC:L/PR:N/UI:N/S:U/C:N/I:H/A:N,1.0,0.01094,0,rce
CVE-2018-13860,7.5,CVSS:3.0/AV:N/AC:L/PR:N/UI:N/S:U/C:H/I:N/A:N,1.0,0.01405,0,info
CVE-2018-14468,7.5,CVSS:3.1/AV:N/AC:L/PR:N/UI:N/S:U/C:N/I:N/A:H,1.0,0.03985,0,info
CVE-2018-14665,6.6,CVSS:3.0/AV:P/AC:L/PR:L/UI:N/S:U/C:H/I:H/A:H,0.1795,0.2704,0,local
CVE-2018-14678,7.8,CVSS:3.1/AV:L/AC:L/PR:L/UI:N/S:U/C:H/I:H/A:H,0.4615,0.00409,0,local
CVE-2018-14768,8.8,CVSS:3.0/AV:N/AC:L/PR:L/UI:N/S:U/C:H/I:H/A:H,0.7179,0.02948,0,rce
CVE-2018-14883,7.5,CVSS:3.0/AV:N/AC:L/PR:N/UI:N/S:U/C:N/I:N/A:H,1.0,0.08975,0,info
CVE-2018-14945,7.8,CVSS:3.0/AV:L/AC:L/PR:N/UI:R/S:U/C:H/I:H/A:H,0.4615,0.0105,0,local
CVE-2018-1536,5.4,CVSS:3.0/AV:N/AC:L/PR:L/UI:R/S:C/C:L/I:L/A:N,0.5897,0.00666,0,info
CVE-2018-15581,6.1,CVSS:3.0/AV:N/AC:L/PR:N/UI:R/S:C/C:L/I:L/A:N,0.7179,0.01057,0,info
CVE-2018-15755,8.8,CVSS:3.0/AV:N/AC:L/PR:L/UI:N/S:U/C:H/I:H/A:H,0.7179,0.01282,0,rce
CVE-2018-15836,7.5,CVSS:3.0/AV:N/AC:L/PR:N/UI:N/S:U/C:N/I:H/A:N,1.0,0.01522,0,rce
CVE-2018-15982,7.8,CVSS:3.1/AV:L/AC:L/PR:N/UI:R/S:U/C:H/I:H/A:H,0.4615,0.89581,1,local
CVE-2018-16016,8.8,CVSS:3.0/AV:N/AC:L/PR:N/UI:R/S:U/C:H/I:H/A:H,0.7179,0.05573,0,rce
CVE-2018-16189,7.8,CVSS:3.0/AV:L/AC:L/PR:N/UI:R/S:U/C:H/I:H/A:H,0.4615,0.00944,0,local
CVE-2018-16350,6.1,CVSS:3.0/AV:N/AC:L/PR:N/UI:R/S:C/C:L/I:L/A:N,0.7179,0.00865,0,info
CVE-2018-16492,9.8,CVSS:3.0/AV:N/AC:L/PR:N/UI:N/S:U/C:H/I:H/A:H,1.0,0.0305,0,rce
CVE-2018-1656,6.5,CVSS:3.0/AV:N/AC:L/PR:N/UI:R/S:U/C:N/I:H/A:N,0.7179,0.04513,0,rce
CVE-2018-16712,6.5,CVSS:3.0/AV:N/AC:L/PR:L/UI:N/S:U/C:H/I:N/A:N,0.7179,0.01347,0,info
CVE-2018-16784,7.2,CVSS:3.0/AV:N/AC:L/PR:H/UI:N/S:U/C:H/I:H/A:H,0.3077,0.02329,0,rce
CVE-2018-16961,7.5,CVSS:3.0/AV:N/AC:L/PR:N/UI:N/S:U/C:H/I:N/A:N,1.0,0.02514,0,info
CVE-2018-17151,5.4,CVSS:3.0/AV:N/AC:L/PR:L/UI:N/S:U/C:L/I:L/A:N,0.7179,0.00705,0,info
CVE-2018-17429,8.8,CVSS:3.0/AV:N/AC:L/PR:N/UI:R/S:U/C:H/I:H/A:H,0.7179,0.00614,0,rce
CVE-2018-17783,5.4,CVSS:3.0/AV:N/AC:L/PR:L/UI:R/S:C/C:L/I:L/A:N,0.5897,0.00686,0,info
CVE-2018-18325,7.5,CVSS:3.1/AV:N/AC:L/PR:N/UI:N/S:U/C:H/I:N/A:N,1.0,0.74048,1,info
CVE-2018-1835,7.1,CVSS:3.0/AV:N/AC:L/PR:L/UI:N/S:U/C:H/I:N/A:L,0.7179,0.01853,0,info
CVE-2018-18391,8.8,CVSS:3.0/AV:N/AC:L/PR:L/UI:N/S:U/C:H/I:H/A:H,0.7179,0.01024,0,rce
CVE-2018-1882,4.7,CVSS:3.1/AV:L/AC:H/PR:L/UI:N/S:U/C:H/I:N/A:N,0.2564,0.00225,0,local
CVE-2018-18869,9.8,CVSS:3.0/AV:N/AC:L/PR:N/UI:N/S:U/C:H/I:H/A:H,1.0,0.03741,0,rce
CVE-2018-18965,4.9,CVSS:3.0/AV:N/AC:L/PR:H/UI:N/S:U/C:N/I:H/A:N,0.3077,0.00997,0,rce
CVE-2018-19012,7.8,CVSS:3.0/AV:L/AC:L/PR:L/UI:N/S:U/C:H/I:H/A:H,0.4615,0.00393,0,local
CVE-2018-19068,4.9,CVSS:3.0/AV:N/AC:L/PR:H/UI:N/S:U/C:N/I:H/A:N,0.3077,0.01008,0,rce
CVE-2018-19079,7.5,CVSS:3.0/AV:N/AC:L/PR:N/UI:N/S:U/C:N/I:N/A:H,1.0,0.01522,0,info
CVE-2018-19206,6.1,CVSS:3.0/AV:N/AC:L/PR:N/UI:R/S:C/C:L/I:L/A:N,0.7179,0.55852,0,info
CVE-2018-19320,7.8,CVSS:3.1/AV:L/AC:L/PR:L/UI:N/S:U/C:H/I:H/A:H,0.4615,0.03597,1,local
CVE-2018-19357,7.8,CVSS:3.0/AV:L/AC:L/PR:N/UI:R/S:U/C:H/I:H/A:H,0.4615,0.03109,0,local
CVE-2018-19361,9.8,CVSS:3.0/AV:N/AC:L/PR:N/UI:N/S:U/C:H/I:H/A:H,1.0,0.10599,0,rce
CVE-2018-19362,9.8,CVSS:3.0/AV:N/AC:L/PR:N/UI:N/S:U/C:H/I:H/A:H,1.0,0.10599,0,rce
CVE-2018-19410,9.8,CVSS:3.1/AV:N/AC:L/PR:N/UI:N/S:U/C:H/I:H/A:H,1.0,0.97939,1,rce
CVE-2018-19651,6.5,CVSS:3.0/AV:N/AC:L/PR:L/UI:N/S:U/C:H/I:N/A:N,0.7179,0.00848,0,info
CVE-2018-19723,7.5,CVSS:3.0/AV:N/AC:L/PR:N/UI:N/S:U/C:H/I:N/A:N,1.0,0.03555,0,info
CVE-2018-1977,6.5,CVSS:3.0/AV:N/AC:L/PR:L/UI:N/S:U/C:N/I:N/A:H,0.7179,0.01859,0,info
CVE-2018-19788,8.8,CVSS:3.0/AV:N/AC:L/PR:L/UI:N/S:U/C:H/I:H/A:H,0.7179,0.11483,0,rce
CVE-2018-19905,5.4,CVSS:3.1/AV:N/AC:L/PR:L/UI:R/S:C/C:L/I:L/A:N,0.5897,0.00667,0,info
CVE-2018-19990,9.8,CVSS:3.0/AV:N/AC:L/PR:N/UI:N/S:U/C:H/I:H/A:H,1.0,0.05264,0,rce
CVE-2018-20232,5.4,CVSS:3.0/AV:N/AC:L/PR:L/UI:R/S:C/C:L/I:L/A:N,0.5897,0.00911,0,info
CVE-2018-20379,4.7,CVSS:3.0/AV:N/AC:H/PR:N/UI:R/S:C/C:L/I:L/A:N,0.4103,0.00573,0,info
CVE-2018-20440,9.8,CVSS:3.0/AV:N/AC:L/PR:N/UI:N/S:U/C:H/I:H/A:H,1.0,0.01367,0,rce
CVE-2018-20461,5.5,CVSS:3.0/AV:L/AC:L/PR:N/UI:R/S:U/C:N/I:N/A:H,0.4615,0.01017,0,local
CVE-2018-20542,8.8,CVSS:3.0/AV:N/AC:L/PR:N/UI:R/S:U/C:H/I:H/A:H,0.7179,0.01913,0,rce
CVE-2018-20753,9.8,CVSS:3.1/AV:N/AC:L/PR:N/UI:N/S:U/C:H/I:H/A:H,1.0,0.29336,1,rce
CVE-2018-20843,7.5,CVSS:3.1/AV:N/AC:L/PR:N/UI:N/S:U/C:N/I:N/A:H,1.0,0.07107,0,info
CVE-2018-21196,6.8,CVSS:3.1/AV:A/AC:L/PR:H/UI:N/S:U/C:H/I:H/A:H,0.2308,0.00595,0,rce
CVE-2018-21220,8.8,CVSS:3.1/AV:A/AC:L/PR:N/UI:N/S:U/C:H/I:H/A:H,0.7179,0.00657,0,rce
CVE-2018-21222,8.8,CVSS:3.1/AV:A/AC:L/PR:N/UI:N/S:U/C:H/I:H/A:H,0.7179,0.00657,0,rce
CVE-2018-2369,5.3,CVSS:3.0/AV:N/AC:L/PR:N/UI:N/S:U/C:L/I:N/A:N,1.0,0.01487,0,info
CVE-2018-2441,5.5,CVSS:3.0/AV:N/AC:L/PR:H/UI:N/S:U/C:H/I:L/A:N,0.3077,0.01035,0,info
CVE-2018-2475,8.5,CVSS:3.0/AV:N/AC:H/PR:L/UI:N/S:C/C:H/I:H/A:H,0.4615,0.01348,0,rce
CVE-2018-25028,7.5,CVSS:3.1/AV:N/AC:L/PR:N/UI:N/S:U/C:N/I:N/A:H,1.0,0.01091,0,info
CVE-2018-25068,9.8,CVSS:3.1/AV:N/AC:L/PR:N/UI:N/S:U/C:H/I:H/A:H,1.0,0.00807,0,rce
CVE-2018-25073,6.1,CVSS:3.1/AV:N/AC:L/PR:N/UI:R/S:C/C:L/I:L/A:N,0.7179,0.0053,0,info
CVE-2018-25187,9.8,CVSS:3.1/AV:N/AC:L/PR:N/UI:N/S:U/C:H/I:H/A:H,1.0,0.00347,0,rce
CVE-2018-25411,8.2,CVSS:3.1/AV:N/AC:L/PR:N/UI:N/S:U/C:H/I:L/A:N,1.0,0.0027,0,info
CVE-2018-25421,6.5,CVSS:3.1/AV:N/AC:L/PR:L/UI:N/S:U/C:H/I:N/A:N,0.7179,0.00334,0,info
CVE-2018-2628,9.8,CVSS:3.1/AV:N/AC:L/PR:N/UI:N/S:U/C:H/I:H/A:H,1.0,0.99959,1,rce
CVE-2018-2787,5.5,CVSS:3.1/AV:N/AC:L/PR:H/UI:N/S:U/C:N/I:L/A:H,0.3077,0.02594,0,info
CVE-2018-3020,6.3,CVSS:3.0/AV:N/AC:L/PR:L/UI:N/S:U/C:L/I:L/A:L,0.7179,0.01437,0,info
CVE-2018-3137,6.5,CVSS:3.1/AV:N/AC:L/PR:L/UI:N/S:U/C:N/I:N/A:H,0.7179,0.02189,0,info
CVE-2018-3185,5.5,CVSS:3.1/AV:N/AC:L/PR:H/UI:N/S:U/C:N/I:L/A:H,0.3077,0.02563,0,info
CVE-2018-3202,5.3,CVSS:3.0/AV:N/AC:L/PR:N/UI:N/S:U/C:L/I:N/A:N,1.0,0.0211,0,info
CVE-2018-3284,4.4,CVSS:3.1/AV:N/AC:H/PR:H/UI:N/S:U/C:N/I:N/A:H,0.1795,0.023,0,info
CVE-2018-3296,8.6,CVSS:3.0/AV:L/AC:L/PR:N/UI:R/S:C/C:H/I:H/A:H,0.4615,0.00722,0,local
CVE-2018-3769,6.1,CVSS:3.1/AV:N/AC:L/PR:N/UI:R/S:C/C:L/I:L/A:N,0.7179,0.01428,0,info
CVE-2018-3784,9.8,CVSS:3.1/AV:N/AC:L/PR:N/UI:N/S:U/C:H/I:H/A:H,1.0,0.03252,0,rce
CVE-2018-3847,8.8,CVSS:3.1/AV:N/AC:L/PR:N/UI:R/S:U/C:H/I:H/A:H,0.7179,0.02842,0,rce
CVE-2018-3891,4.6,CVSS:3.1/AV:P/AC:L/PR:N/UI:N/S:U/C:N/I:H/A:N,0.2308,0.00402,0,local
CVE-2018-4011,7.5,CVSS:3.1/AV:N/AC:L/PR:N/UI:N/S:U/C:N/I:N/A:H,1.0,0.01323,0,info
CVE-2018-4094,7.8,CVSS:3.0/AV:L/AC:L/PR:N/UI:R/S:U/C:H/I:H/A:H,0.4615,0.01567,0,local
CVE-2018-4116,6.5,CVSS:3.0/AV:N/AC:L/PR:N/UI:R/S:U/C:N/I:H/A:N,0.7179,0.01206,0,rce
CVE-2018-4157,7.0,CVSS:3.0/AV:L/AC:H/PR:N/UI:R/S:U/C:H/I:H/A:H,0.2564,0.01109,0,local
CVE-2018-4224,5.5,CVSS:3.0/AV:L/AC:L/PR:L/UI:N/S:U/C:H/I:N/A:N,0.4615,0.0051,0,local
CVE-2018-4257,9.8,CVSS:3.0/AV:N/AC:L/PR:N/UI:N/S:U/C:H/I:H/A:H,1.0,0.01288,0,rce
CVE-2018-4433,5.5,CVSS:3.1/AV:L/AC:L/PR:N/UI:R/S:U/C:N/I:H/A:N,0.4615,0.00747,0,local
CVE-2018-4938,7.8,CVSS:3.1/AV:L/AC:L/PR:L/UI:N/S:U/C:H/I:H/A:H,0.4615,0.00701,0,local
CVE-2018-4939,9.8,CVSS:3.1/AV:N/AC:L/PR:N/UI:N/S:U/C:H/I:H/A:H,1.0,0.6167,1,rce
CVE-2018-5062,7.5,CVSS:3.0/AV:N/AC:L/PR:N/UI:N/S:U/C:H/I:N/A:N,1.0,0.0778,0,info
CVE-2018-5199,8.8,CVSS:3.1/AV:N/AC:L/PR:N/UI:R/S:U/C:H/I:H/A:H,0.7179,0.01671,0,rce
CVE-2018-5202,7.8,CVSS:3.0/AV:L/AC:L/PR:N/UI:R/S:U/C:H/I:H/A:H,0.4615,0.01548,0,local
CVE-2018-5229,5.4,CVSS:3.0/AV:N/AC:L/PR:L/UI:R/S:C/C:L/I:L/A:N,0.5897,0.00591,0,info
CVE-2018-5428,8.8,CVSS:3.0/AV:N/AC:L/PR:L/UI:N/S:U/C:H/I:H/A:H,0.7179,0.03006,0,rce
CVE-2018-5464,7.5,CVSS:3.0/AV:N/AC:L/PR:N/UI:N/S:U/C:H/I:N/A:N,1.0,0.01915,0,info
CVE-2018-5482,5.3,CVSS:3.0/AV:N/AC:L/PR:N/UI:N/S:U/C:L/I:N/A:N,1.0,0.00926,0,info
CVE-2018-6335,7.5,CVSS:3.1/AV:N/AC:L/PR:N/UI:N/S:U/C:N/I:N/A:H,1.0,0.01469,0,info
CVE-2018-6379,6.1,CVSS:3.0/AV:N/AC:L/PR:N/UI:R/S:C/C:L/I:L/A:N,0.7179,0.01665,0,info
CVE-2018-6468,6.1,CVSS:3.0/AV:N/AC:L/PR:N/UI:R/S:C/C:L/I:L/A:N,0.7179,0.00901,0,info
CVE-2018-6493,8.8,CVSS:3.1/AV:N/AC:L/PR:L/UI:N/S:U/C:H/I:H/A:H,0.7179,0.0201,0,rce
CVE-2018-6779,7.8,CVSS:3.0/AV:L/AC:L/PR:L/UI:N/S:U/C:H/I:H/A:H,0.4615,0.00399,0,local
CVE-2018-6882,6.1,CVSS:3.1/AV:N/AC:L/PR:N/UI:R/S:C/C:L/I:L/A:N,0.7179,0.29761,1,info
CVE-2018-7261,5.4,CVSS:3.0/AV:N/AC:L/PR:L/UI:R/S:C/C:L/I:L/A:N,0.5897,0.00597,0,info
CVE-2018-7325,7.5,CVSS:3.0/AV:N/AC:L/PR:N/UI:N/S:U/C:N/I:N/A:H,1.0,0.02341,0,info
CVE-2018-7759,7.5,CVSS:3.0/AV:N/AC:L/PR:N/UI:N/S:U/C:N/I:N/A:H,1.0,0.01315,0,info
CVE-2018-7825,8.8,CVSS:3.0/AV:N/AC:L/PR:L/UI:N/S:U/C:H/I:H/A:H,0.7179,0.0221,0,rce
CVE-2018-8286,7.5,CVSS:3.0/AV:N/AC:H/PR:N/UI:R/S:U/C:H/I:H/A:H,0.4103,0.20443,0,rce
CVE-2018-8298,7.5,CVSS:3.1/AV:N/AC:H/PR:N/UI:R/S:U/C:H/I:H/A:H,0.4103,0.74521,1,rce
CVE-2018-8315,4.2,CVSS:3.0/AV:N/AC:H/PR:N/UI:R/S:U/C:L/I:L/A:N,0.4103,0.03121,0,info
CVE-2018-8589,7.8,CVSS:3.1/AV:L/AC:L/PR:L/UI:N/S:U/C:H/I:H/A:H,0.4615,0.03023,1,local
CVE-2018-8725,7.8,CVSS:3.1/AV:L/AC:L/PR:L/UI:N/S:U/C:H/I:H/A:H,0.4615,0.00404,0,local
CVE-2018-8815,4.6,CVSS:3.0/AV:N/AC:L/PR:L/UI:R/S:U/C:L/I:L/A:N,0.5385,0.01329,0,info
CVE-2018-9085,4.9,CVSS:3.0/AV:N/AC:L/PR:H/UI:N/S:U/C:N/I:H/A:N,0.3077,0.00664,0,rce
CVE-2018-9183,5.4,CVSS:3.0/AV:N/AC:L/PR:L/UI:R/S:C/C:L/I:L/A:N,0.5897,0.02189,0,info
CVE-2018-9244,6.1,CVSS:3.0/AV:N/AC:L/PR:N/UI:R/S:C/C:L/I:L/A:N,0.7179,0.0079,0,info
CVE-2018-9337,5.4,CVSS:3.0/AV:N/AC:L/PR:L/UI:R/S:C/C:L/I:L/A:N,0.5897,0.0101,0,info
CVE-2018-9340,5.5,CVSS:3.1/AV:L/AC:L/PR:L/UI:N/S:U/C:H/I:N/A:N,0.4615,0.00151,0,local
CVE-2018-9578,9.8,CVSS:3.1/AV:N/AC:L/PR:N/UI:N/S:U/C:H/I:H/A:H,1.0,0.00844,0,rce
CVE-2018-9985,6.1,CVSS:3.0/AV:N/AC:L/PR:N/UI:R/S:C/C:L/I:L/A:N,0.7179,0.00683,0,info
CVE-2019-0274,7.5,CVSS:3.0/AV:N/AC:L/PR:N/UI:N/S:U/C:N/I:N/A:H,1.0,0.02425,0,info
CVE-2019-0716,5.8,CVSS:3.1/AV:N/AC:H/PR:H/UI:N/S:C/C:N/I:N/A:H,0.3333,0.04415,0,info
CVE-2019-0722,8.8,CVSS:3.1/AV:N/AC:L/PR:L/UI:N/S:U/C:H/I:H/A:H,0.7179,0.04716,0,rce
CVE-2019-0766,7.8,CVSS:3.0/AV:L/AC:L/PR:L/UI:N/S:U/C:H/I:H/A:H,0.4615,0.01084,0,local
CVE-2019-0797,7.8,CVSS:3.1/AV:L/AC:L/PR:L/UI:N/S:U/C:H/I:H/A:H,0.4615,0.0189,1,local
CVE-2019-0841,7.8,CVSS:3.1/AV:L/AC:L/PR:L/UI:N/S:U/C:H/I:H/A:H,0.4615,0.414,1,local
CVE-2019-0863,7.8,CVSS:3.1/AV:L/AC:L/PR:L/UI:N/S:U/C:H/I:H/A:H,0.4615,0.05207,1,local
CVE-2019-0992,4.2,CVSS:3.1/AV:N/AC:H/PR:N/UI:R/S:U/C:L/I:L/A:N,0.4103,0.0256,0,info
CVE-2019-1003030,9.9,CVSS:3.1/AV:N/AC:L/PR:L/UI:N/S:C/C:H/I:H/A:H,0.7949,0.96868,1,rce
CVE-2019-1003063,8.8,CVSS:3.1/AV:N/AC:L/PR:L/UI:N/S:U/C:H/I:H/A:H,0.7179,0.0134,0,rce
CVE-2019-1010266,6.5,CVSS:3.1/AV:N/AC:L/PR:L/UI:N/S:U/C:N/I:N/A:H,0.7179,0.03162,0,info
CVE-2019-1010305,5.5,CVSS:3.1/AV:L/AC:L/PR:N/UI:R/S:U/C:H/I:N/A:N,0.4615,0.01524,0,local
CVE-2019-10126,9.8,CVSS:3.1/AV:N/AC:L/PR:N/UI:N/S:U/C:H/I:H/A:H,1.0,0.06821,0,rce
CVE-2019-10338,8.8,CVSS:3.0/AV:N/AC:L/PR:N/UI:R/S:U/C:H/I:H/A:H,0.7179,0.01036,0,rce
CVE-2019-10352,6.5,CVSS:3.0/AV:N/AC:L/PR:L/UI:N/S:U/C:N/I:H/A:N,0.7179,0.10225,0,rce
CVE-2019-10484,5.5,CVSS:3.1/AV:L/AC:L/PR:L/UI:N/S:U/C:N/I:N/A:H,0.4615,0.0017,0,local
CVE-2019-10497,7.8,CVSS:3.1/AV:L/AC:L/PR:L/UI:N/S:U/C:H/I:H/A:H,0.4615,0.00192,0,local
CVE-2019-1056,7.5,CVSS:3.0/AV:N/AC:H/PR:N/UI:R/S:U/C:H/I:H/A:H,0.4103,0.07794,0,rce
CVE-2019-10629,7.8,CVSS:3.1/AV:L/AC:L/PR:L/UI:N/S:U/C:H/I:H/A:H,0.4615,0.00211,0,local
CVE-2019-10667,5.3,CVSS:3.1/AV:N/AC:L/PR:N/UI:N/S:U/C:L/I:N/A:N,1.0,0.01219,0,info
CVE-2019-1068,8.8,CVSS:3.1/AV:N/AC:L/PR:L/UI:N/S:U/C:H/I:H/A:H,0.7179,0.57906,1,rce
CVE-2019-1069,7.8,CVSS:3.1/AV:L/AC:L/PR:L/UI:N/S:U/C:H/I:H/A:H,0.4615,0.06117,1,local
CVE-2019-10741,4.3,CVSS:3.1/AV:N/AC:L/PR:N/UI:R/S:U/C:N/I:L/A:N,0.7179,0.00916,0,info
CVE-2019-10896,7.5,CVSS:3.1/AV:N/AC:L/PR:N/UI:N/S:U/C:N/I:N/A:H,1.0,0.05737,0,info
CVE-2019-10961,8.8,CVSS:3.1/AV:N/AC:L/PR:N/UI:R/S:U/C:H/I:H/A:H,0.7179,0.04127,0,rce
CVE-2019-11001,7.2,CVSS:3.1/AV:N/AC:L/PR:H/UI:N/S:U/C:H/I:H/A:H,0.3077,0.37542,1,rce
CVE-2019-11039,9.1,CVSS:3.1/AV:N/AC:L/PR:N/UI:N/S:U/C:H/I:N/A:H,1.0,0.0313,0,info
CVE-2019-11247,8.1,CVSS:3.1/AV:N/AC:L/PR:L/UI:N/S:U/C:H/I:H/A:N,0.7179,0.02092,0,rce
CVE-2019-1133,7.5,CVSS:3.1/AV:N/AC:H/PR:N/UI:R/S:U/C:H/I:H/A:H,0.4103,0.03306,0,rce
CVE-2019-11389,5.3,CVSS:3.1/AV:N/AC:L/PR:N/UI:N/S:U/C:N/I:N/A:L,1.0,0.01671,0,info
CVE-2019-11678,9.8,CVSS:3.0/AV:N/AC:L/PR:N/UI:N/S:U/C:H/I:H/A:H,1.0,0.0948,0,rce
CVE-2019-1246,7.8,CVSS:3.1/AV:L/AC:L/PR:N/UI:R/S:U/C:H/I:H/A:H,0.4615,0.12643,0,local
CVE-2019-12490,6.5,CVSS:3.1/AV:N/AC:L/PR:N/UI:R/S:U/C:H/I:N/A:N,0.7179,0.01304,0,info
CVE-2019-12594,9.8,CVSS:3.0/AV:N/AC:L/PR:N/UI:N/S:U/C:H/I:H/A:H,1.0,0.06685,0,rce
CVE-2019-12673,7.5,CVSS:3.1/AV:N/AC:L/PR:N/UI:N/S:U/C:N/I:N/A:H,1.0,0.01772,0,info
CVE-2019-12674,8.2,CVSS:3.1/AV:L/AC:L/PR:H/UI:N/S:C/C:H/I:H/A:H,0.3846,0.00781,0,local
CVE-2019-12838,9.8,CVSS:3.1/AV:N/AC:L/PR:N/UI:N/S:U/C:H/I:H/A:H,1.0,0.0268,0,rce
CVE-2019-12876,7.3,CVSS:3.0/AV:L/AC:L/PR:L/UI:R/S:U/C:H/I:H/A:H,0.3333,0.04607,0,local
CVE-2019-12967,6.5,CVSS:3.1/AV:N/AC:L/PR:N/UI:R/S:U/C:H/I:N/A:N,0.7179,0.00973,0,info
CVE-2019-13189,6.1,CVSS:3.0/AV:N/AC:L/PR:N/UI:R/S:C/C:L/I:L/A:N,0.7179,0.00943,0,info
CVE-2019-1322,7.8,CVSS:3.1/AV:L/AC:L/PR:L/UI:N/S:U/C:H/I:H/A:H,0.4615,0.19205,1,local
CVE-2019-1336,7.8,CVSS:3.1/AV:L/AC:L/PR:L/UI:N/S:U/C:H/I:H/A:H,0.4615,0.00967,0,local
CVE-2019-13364,9.6,CVSS:3.1/AV:N/AC:L/PR:N/UI:R/S:C/C:H/I:H/A:H,0.7179,0.01355,0,rce
CVE-2019-13476,5.4,CVSS:3.0/AV:N/AC:L/PR:L/UI:R/S:C/C:L/I:L/A:N,0.5897,0.06512,0,info
CVE-2019-13523,5.3,CVSS:3.1/AV:N/AC:L/PR:N/UI:N/S:U/C:L/I:N/A:N,1.0,0.0183,0,info
CVE-2019-13531,4.6,CVSS:3.1/AV:P/AC:L/PR:N/UI:N/S:U/C:N/I:H/A:N,0.2308,0.00388,0,local
CVE-2019-13608,7.5,CVSS:3.1/AV:N/AC:L/PR:N/UI:N/S:U/C:H/I:N/A:N,1.0,0.30041,1,info
CVE-2019-13673,7.4,CVSS:3.1/AV:N/AC:L/PR:N/UI:R/S:C/C:H/I:N/A:N,0.7179,0.00737,0,info
CVE-2019-13686,8.8,CVSS:3.1/AV:N/AC:L/PR:N/UI:R/S:U/C:H/I:H/A:H,0.7179,0.00906,0,rce
CVE-2019-13701,4.3,CVSS:3.1/AV:N/AC:L/PR:N/UI:R/S:U/C:N/I:L/A:N,0.7179,0.0092,0,info
CVE-2019-13934,5.4,CVSS:3.1/AV:N/AC:L/PR:L/UI:R/S:C/C:L/I:L/A:N,0.5897,0.00521,0,info
CVE-2019-14047,7.8,CVSS:3.1/AV:L/AC:L/PR:L/UI:N/S:U/C:H/I:H/A:H,0.4615,0.00221,0,local
CVE-2019-1405,7.8,CVSS:3.1/AV:L/AC:L/PR:L/UI:N/S:U/C:H/I:H/A:H,0.4615,0.2995,1,local
CVE-2019-14070,7.0,CVSS:3.1/AV:L/AC:H/PR:L/UI:N/S:U/C:H/I:H/A:H,0.2564,0.00146,0,local
CVE-2019-14195,9.8,CVSS:3.0/AV:N/AC:L/PR:N/UI:N/S:U/C:H/I:H/A:H,1.0,0.02514,0,rce
CVE-2019-14207,7.5,CVSS:3.0/AV:N/AC:L/PR:N/UI:N/S:U/C:N/I:N/A:H,1.0,0.02169,0,info
CVE-2019-14453,8.8,CVSS:3.1/AV:N/AC:L/PR:L/UI:N/S:U/C:H/I:H/A:H,0.7179,0.01231,0,rce
CVE-2019-14973,6.5,CVSS:3.1/AV:N/AC:L/PR:N/UI:R/S:U/C:N/I:N/A:H,0.7179,0.04204,0,info
CVE-2019-15107,9.8,CVSS:3.1/AV:N/AC:L/PR:N/UI:N/S:U/C:H/I:H/A:H,1.0,0.9971,1,rce
CVE-2019-15160,7.5,CVSS:3.0/AV:N/AC:L/PR:N/UI:N/S:U/C:N/I:N/A:H,1.0,0.01671,0,info
CVE-2019-15165,5.3,CVSS:3.1/AV:N/AC:L/PR:N/UI:N/S:U/C:N/I:L/A:N,1.0,0.02834,0,info
CVE-2019-15257,6.5,CVSS:3.1/AV:N/AC:L/PR:L/UI:N/S:U/C:H/I:N/A:N,0.7179,0.01088,0,info
CVE-2019-15298,8.8,CVSS:3.1/AV:N/AC:L/PR:L/UI:N/S:U/C:H/I:H/A:H,0.7179,0.26624,0,rce
CVE-2019-15300,8.8,CVSS:3.1/AV:N/AC:L/PR:L/UI:N/S:U/C:H/I:H/A:H,0.7179,0.02013,0,rce
CVE-2019-15330,7.5,CVSS:3.0/AV:N/AC:L/PR:N/UI:N/S:U/C:H/I:N/A:N,1.0,0.01779,0,info
CVE-2019-15339,3.3,CVSS:3.1/AV:L/AC:L/PR:L/UI:N/S:U/C:N/I:L/A:N,0.4615,0.00248,0,local
CVE-2019-15350,7.8,CVSS:3.1/AV:L/AC:L/PR:L/UI:N/S:U/C:H/I:H/A:H,0.4615,0.00332,0,local
CVE-2019-15450,7.8,CVSS:3.1/AV:L/AC:L/PR:L/UI:N/S:U/C:H/I:H/A:H,0.4615,0.00332,0,local
CVE-2019-15453,7.8,CVSS:3.1/AV:L/AC:L/PR:L/UI:N/S:U/C:H/I:H/A:H,0.4615,0.0031,0,local
CVE-2019-15460,7.8,CVSS:3.1/AV:L/AC:L/PR:L/UI:N/S:U/C:H/I:H/A:H,0.4615,0.0031,0,local
CVE-2019-15470,5.5,CVSS:3.1/AV:L/AC:L/PR:L/UI:N/S:U/C:H/I:N/A:N,0.4615,0.00305,0,local
CVE-2019-15562,9.8,CVSS:3.1/AV:N/AC:L/PR:N/UI:N/S:U/C:H/I:H/A:H,1.0,0.01658,0,rce
CVE-2019-15635,4.9,CVSS:3.1/AV:N/AC:L/PR:H/UI:N/S:U/C:H/I:N/A:N,0.3077,0.01889,0,info
CVE-2019-15752,7.8,CVSS:3.1/AV:L/AC:L/PR:N/UI:R/S:U/C:H/I:H/A:H,0.4615,0.48628,1,local
CVE-2019-15824,9.8,CVSS:3.0/AV:N/AC:L/PR:N/UI:N/S:U/C:H/I:H/A:H,1.0,0.03046,0,rce
CVE-2019-15893,7.2,CVSS:3.1/AV:N/AC:L/PR:H/UI:N/S:U/C:H/I:H/A:H,0.3077,0.02061,0,rce
CVE-2019-15949,8.8,CVSS:3.1/AV:N/AC:L/PR:L/UI:N/S:U/C:H/I:H/A:H,0.7179,0.77039,1,rce
CVE-2019-16180,5.3,CVSS:3.1/AV:N/AC:L/PR:N/UI:N/S:U/C:L/I:N/A:N,1.0,0.01697,0,info
CVE-2019-16223,5.4,CVSS:3.1/AV:N/AC:L/PR:L/UI:R/S:C/C:L/I:L/A:N,0.5897,0.05181,0,info
CVE-2019-16542,6.5,CVSS:3.1/AV:N/AC:L/PR:L/UI:N/S:U/C:H/I:N/A:N,0.7179,0.00852,0,info
CVE-2019-1668,6.1,CVSS:3.1/AV:N/AC:L/PR:N/UI:R/S:C/C:L/I:L/A:N,0.7179,0.01271,0,info
CVE-2019-17142,8.8,CVSS:3.1/AV:N/AC:L/PR:N/UI:R/S:U/C:H/I:H/A:H,0.7179,0.06261,0,rce
CVE-2019-17175,7.5,CVSS:3.1/AV:N/AC:L/PR:N/UI:N/S:U/C:H/I:N/A:N,1.0,0.01749,0,info
CVE-2019-17219,8.8,CVSS:3.1/AV:A/AC:L/PR:N/UI:N/S:U/C:H/I:H/A:H,0.7179,0.00557,0,rce
CVE-2019-17312,8.8,CVSS:3.1/AV:N/AC:L/PR:L/UI:N/S:U/C:H/I:H/A:H,0.7179,0.01981,0,rce
CVE-2019-17644,7.5,CVSS:3.1/AV:N/AC:L/PR:N/UI:N/S:U/C:H/I:N/A:N,1.0,0.0133,0,info
CVE-2019-18184,9.8,CVSS:3.1/AV:N/AC:L/PR:N/UI:N/S:U/C:H/I:H/A:H,1.0,0.08084,0,rce
CVE-2019-18256,4.6,CVSS:3.1/AV:P/AC:L/PR:N/UI:N/S:U/C:H/I:N/A:N,0.2308,0.00358,0,local
CVE-2019-18290,7.5,CVSS:3.1/AV:N/AC:L/PR:N/UI:N/S:U/C:N/I:N/A:H,1.0,0.02475,0,info
CVE-2019-18372,7.8,CVSS:3.1/AV:L/AC:L/PR:L/UI:N/S:U/C:H/I:H/A:H,0.4615,0.00401,0,local
CVE-2019-1869,7.5,CVSS:3.0/AV:N/AC:L/PR:N/UI:N/S:U/C:N/I:N/A:H,1.0,0.0264,0,info
CVE-2019-19006,9.8,CVSS:3.1/AV:N/AC:L/PR:N/UI:N/S:U/C:H/I:H/A:H,1.0,0.55946,1,rce
CVE-2019-19143,6.1,CVSS:3.1/AV:A/AC:L/PR:H/UI:N/S:U/C:H/I:H/A:N,0.2308,0.07306,0,rce
CVE-2019-19340,8.2,CVSS:3.1/AV:N/AC:L/PR:N/UI:N/S:U/C:H/I:N/A:L,1.0,0.01534,0,info
CVE-2019-19620,3.3,CVSS:3.1/AV:L/AC:L/PR:L/UI:N/S:U/C:N/I:L/A:N,0.4615,0.00436,0,local
CVE-2019-19743,6.5,CVSS:3.1/AV:N/AC:L/PR:L/UI:N/S:U/C:N/I:H/A:N,0.7179,0.08872,0,rce
CVE-2019-19839,9.8,CVSS:3.1/AV:N/AC:L/PR:N/UI:N/S:U/C:H/I:H/A:H,1.0,0.03282,0,rce
CVE-2019-20059,8.8,CVSS:3.1/AV:N/AC:L/PR:N/UI:R/S:U/C:H/I:H/A:H,0.7179,0.00937,0,rce
CVE-2019-20767,7.2,CVSS:3.1/AV:N/AC:L/PR:H/UI:N/S:U/C:H/I:H/A:H,0.3077,0.01078,0,rce
CVE-2019-20900,4.8,CVSS:3.1/AV:N/AC:L/PR:H/UI:R/S:C/C:L/I:L/A:N,0.4359,0.00918,0,info
CVE-2019-2324,9.8,CVSS:3.1/AV:N/AC:L/PR:N/UI:N/S:U/C:H/I:H/A:H,1.0,0.00907,0,rce
CVE-2019-25018,7.5,CVSS:3.1/AV:N/AC:L/PR:N/UI:N/S:U/C:N/I:H/A:N,1.0,0.0161,0,rce
CVE-2019-25147,6.1,CVSS:3.1/AV:N/AC:L/PR:N/UI:R/S:C/C:L/I:L/A:N,0.7179,0.00749,0,info
CVE-2019-25212,4.9,CVSS:3.1/AV:N/AC:L/PR:H/UI:N/S:U/C:H/I:N/A:N,0.3077,0.00497,0,info
CVE-2019-25432,7.5,CVSS:3.1/AV:N/AC:L/PR:N/UI:N/S:U/C:H/I:N/A:N,1.0,0.00364,0,info
CVE-2019-25470,7.5,CVSS:3.1/AV:N/AC:L/PR:N/UI:N/S:U/C:H/I:N/A:N,1.0,0.00389,0,info
CVE-2019-25639,8.2,CVSS:3.1/AV:N/AC:L/PR:N/UI:N/S:U/C:H/I:L/A:N,1.0,0.00334,0,info
CVE-2019-2620,4.9,CVSS:3.1/AV:N/AC:L/PR:H/UI:N/S:U/C:N/I:N/A:H,0.3077,0.02105,0,info
CVE-2019-2634,5.1,CVSS:3.1/AV:L/AC:H/PR:N/UI:N/S:U/C:N/I:N/A:H,0.359,0.00431,0,local
CVE-2019-2936,6.8,CVSS:3.1/AV:N/AC:H/PR:L/UI:N/S:U/C:H/I:H/A:N,0.4103,0.01341,0,rce
CVE-2019-3010,8.8,CVSS:3.1/AV:L/AC:L/PR:L/UI:N/S:C/C:H/I:H/A:H,0.5128,0.13399,1,local
CVE-2019-3395,9.8,CVSS:3.0/AV:N/AC:L/PR:N/UI:N/S:U/C:H/I:H/A:H,1.0,0.06712,0,rce
CVE-2019-3398,8.8,CVSS:3.1/AV:N/AC:L/PR:L/UI:N/S:U/C:H/I:H/A:H,0.7179,0.96837,1,rce
CVE-2019-3556,8.1,CVSS:3.1/AV:N/AC:L/PR:L/UI:N/S:U/C:N/I:H/A:H,0.7179,0.01789,0,rce
CVE-2019-3762,7.5,CVSS:3.1/AV:N/AC:L/PR:N/UI:N/S:U/C:N/I:H/A:N,1.0,0.00648,0,rce
CVE-2019-3786,7.1,CVSS:3.1/AV:N/AC:L/PR:L/UI:N/S:U/C:L/I:H/A:N,0.7179,0.00581,0,rce
CVE-2019-4008,9.8,CVSS:3.1/AV:N/AC:L/PR:N/UI:N/S:U/C:H/I:H/A:H,1.0,0.02272,0,rce
CVE-2019-4118,4.4,CVSS:3.1/AV:L/AC:L/PR:H/UI:N/S:U/C:H/I:N/A:N,0.2051,0.00381,0,local
CVE-2019-4322,7.8,CVSS:3.1/AV:L/AC:L/PR:L/UI:N/S:U/C:H/I:H/A:H,0.4615,0.00531,0,local
CVE-2019-4497,5.4,CVSS:3.1/AV:N/AC:L/PR:L/UI:R/S:C/C:L/I:L/A:N,0.5897,0.00679,0,info
CVE-2019-4632,6.1,CVSS:3.1/AV:N/AC:L/PR:N/UI:R/S:C/C:L/I:L/A:N,0.7179,0.0073,0,info
CVE-2019-4669,6.3,CVSS:3.1/AV:N/AC:L/PR:L/UI:N/S:U/C:L/I:L/A:L,0.7179,0.00835,0,info
CVE-2019-4716,9.8,CVSS:3.1/AV:N/AC:L/PR:N/UI:N/S:U/C:H/I:H/A:H,1.0,0.86441,1,rce
CVE-2019-4730,7.1,CVSS:3.1/AV:N/AC:L/PR:L/UI:N/S:U/C:H/I:N/A:L,0.7179,0.0197,0,info
CVE-2019-5010,7.5,CVSS:3.1/AV:N/AC:L/PR:N/UI:N/S:U/C:N/I:N/A:H,1.0,0.20743,0,info
CVE-2019-5014,6.5,CVSS:3.1/AV:A/AC:L/PR:N/UI:N/S:U/C:N/I:N/A:H,0.7179,0.00645,0,info
CVE-2019-5030,8.8,CVSS:3.1/AV:N/AC:L/PR:N/UI:R/S:U/C:H/I:H/A:H,0.7179,0.02866,0,rce
CVE-2019-5236,6.3,CVSS:3.0/AV:N/AC:L/PR:N/UI:R/S:U/C:L/I:L/A:L,0.7179,0.00585,0,info
CVE-2019-5425,8.8,CVSS:3.0/AV:N/AC:L/PR:L/UI:N/S:U/C:H/I:H/A:H,0.7179,0.01906,0,rce
CVE-2019-5451,4.6,CVSS:3.1/AV:P/AC:L/PR:N/UI:N/S:U/C:H/I:N/A:N,0.2308,0.00385,0,local
CVE-2019-5755,8.1,CVSS:3.0/AV:N/AC:L/PR:N/UI:R/S:U/C:H/I:H/A:N,0.7179,0.01905,0,rce
CVE-2019-5910,7.5,CVSS:3.0/AV:N/AC:L/PR:N/UI:N/S:U/C:H/I:N/A:N,1.0,0.02158,0,info
CVE-2019-5914,5.3,CVSS:3.0/AV:A/AC:H/PR:N/UI:N/S:U/C:N/I:N/A:H,0.4103,0.00475,0,info
CVE-2019-6032,7.4,CVSS:3.1/AV:N/AC:H/PR:N/UI:N/S:U/C:H/I:H/A:N,0.5641,0.0052,0,rce
CVE-2019-6117,6.1,CVSS:3.0/AV:N/AC:L/PR:N/UI:R/S:C/C:L/I:L/A:N,0.7179,0.00951,0,info
CVE-2019-6497,9.8,CVSS:3.0/AV:N/AC:L/PR:N/UI:N/S:U/C:H/I:H/A:H,1.0,0.0104,0,rce
CVE-2019-6614,6.5,CVSS:3.1/AV:N/AC:L/PR:H/UI:N/S:U/C:N/I:H/A:H,0.3077,0.01408,0,rce
CVE-2019-6746,5.5,CVSS:3.1/AV:L/AC:L/PR:N/UI:R/S:U/C:H/I:N/A:N,0.4615,0.02649,0,local
CVE-2019-6784,6.1,CVSS:3.1/AV:N/AC:L/PR:N/UI:R/S:C/C:L/I:L/A:N,0.7179,0.01055,0,info
CVE-2019-7194,9.8,CVSS:3.1/AV:N/AC:L/PR:N/UI:N/S:U/C:H/I:H/A:H,1.0,0.83124,1,rce
CVE-2019-7481,7.5,CVSS:3.1/AV:N/AC:L/PR:N/UI:N/S:U/C:H/I:N/A:N,1.0,0.99906,1,info
CVE-2019-7548,7.8,CVSS:3.1/AV:L/AC:L/PR:N/UI:R/S:U/C:H/I:H/A:H,0.4615,0.01777,0,local
CVE-2019-7806,9.8,CVSS:3.0/AV:N/AC:L/PR:N/UI:N/S:U/C:H/I:H/A:H,1.0,0.06581,0,rce
CVE-2019-7880,4.8,CVSS:3.0/AV:N/AC:L/PR:H/UI:R/S:C/C:L/I:L/A:N,0.4359,0.00557,0,info
CVE-2019-8025,9.8,CVSS:3.1/AV:N/AC:L/PR:N/UI:N/S:U/C:H/I:H/A:H,1.0,0.04371,0,rce
CVE-2019-8124,4.9,CVSS:3.1/AV:N/AC:L/PR:H/UI:N/S:U/C:N/I:H/A:N,0.3077,0.00964,0,rce
CVE-2019-8163,4.3,CVSS:3.1/AV:N/AC:L/PR:N/UI:R/S:U/C:L/I:N/A:N,0.7179,0.01995,0,info
CVE-2019-8533,7.8,CVSS:3.1/AV:L/AC:L/PR:L/UI:N/S:U/C:H/I:H/A:H,0.4615,0.00276,0,local
CVE-2019-8605,7.8,CVSS:3.1/AV:L/AC:L/PR:N/UI:R/S:U/C:H/I:H/A:H,0.4615,0.17609,1,local
CVE-2019-8665,7.5,CVSS:3.1/AV:N/AC:L/PR:N/UI:N/S:U/C:N/I:N/A:H,1.0,0.01674,0,info
CVE-2019-8676,8.8,CVSS:3.1/AV:N/AC:L/PR:N/UI:R/S:U/C:H/I:H/A:H,0.7179,0.02482,0,rce
CVE-2019-8753,6.1,CVSS:3.1/AV:N/AC:L/PR:N/UI:R/S:C/C:L/I:L/A:N,0.7179,0.00662,0,info
CVE-2019-8908,9.8,CVSS:3.0/AV:N/AC:L/PR:N/UI:N/S:U/C:H/I:H/A:H,1.0,0.02283,0,rce
CVE-2019-8926,6.1,CVSS:3.0/AV:N/AC:L/PR:N/UI:R/S:C/C:L/I:L/A:N,0.7179,0.06311,0,info
CVE-2019-8950,9.8,CVSS:3.0/AV:N/AC:L/PR:N/UI:N/S:U/C:H/I:H/A:H,1.0,0.02618,0,rce
CVE-2019-9132,8.8,CVSS:3.0/AV:N/AC:L/PR:N/UI:R/S:U/C:H/I:H/A:H,0.7179,0.02319,0,rce
CVE-2019-9172,5.9,CVSS:3.0/AV:N/AC:H/PR:N/UI:N/S:U/C:H/I:N/A:N,0.5641,0.01649,0,info
CVE-2019-9260,7.5,CVSS:3.1/AV:N/AC:L/PR:N/UI:N/S:U/C:H/I:N/A:N,1.0,0.00804,0,info
CVE-2019-9354,6.5,CVSS:3.1/AV:N/AC:L/PR:N/UI:R/S:U/C:H/I:N/A:N,0.7179,0.00652,0,info
CVE-2019-9621,7.5,CVSS:3.1/AV:N/AC:L/PR:N/UI:N/S:U/C:H/I:N/A:N,1.0,0.81037,1,info
CVE-2019-9648,5.3,CVSS:3.0/AV:N/AC:L/PR:N/UI:N/S:U/C:L/I:N/A:N,1.0,0.1433,0,info
CVE-2019-9875,8.8,CVSS:3.1/AV:N/AC:L/PR:L/UI:N/S:U/C:H/I:H/A:H,0.7179,0.13795,1,rce
CVE-2019-9967,7.8,CVSS:3.0/AV:L/AC:L/PR:N/UI:R/S:U/C:H/I:H/A:H,0.4615,0.01381,0,local
CVE-2020-0133,7.3,CVSS:3.1/AV:L/AC:L/PR:L/UI:R/S:U/C:H/I:H/A:H,0.3333,0.00202,0,local
CVE-2020-0172,6.5,CVSS:3.1/AV:N/AC:L/PR:N/UI:R/S:U/C:N/I:N/A:H,0.7179,0.00762,0,info
CVE-2020-0309,6.7,CVSS:3.1/AV:L/AC:L/PR:H/UI:N/S:U/C:H/I:H/A:H,0.2051,0.00137,0,local
CVE-2020-0450,6.5,CVSS:3.1/AV:N/AC:L/PR:N/UI:R/S:U/C:H/I:N/A:N,0.7179,0.00877,0,info
CVE-2020-0477,5.5,CVSS:3.1/AV:L/AC:L/PR:L/UI:N/S:U/C:H/I:N/A:N,0.4615,0.00132,0,local
CVE-2020-0537,4.9,CVSS:3.1/AV:N/AC:L/PR:H/UI:N/S:U/C:N/I:N/A:H,0.3077,0.01587,0,info
CVE-2020-0646,9.8,CVSS:3.1/AV:N/AC:L/PR:N/UI:N/S:U/C:H/I:H/A:H,1.0,0.99222,1,rce
CVE-2020-0708,7.8,CVSS:3.1/AV:L/AC:L/PR:N/UI:R/S:U/C:H/I:H/A:H,0.4615,0.13506,0,local
CVE-2020-0976,5.4,CVSS:3.1/AV:N/AC:L/PR:L/UI:R/S:C/C:L/I:L/A:N,0.5897,0.0216,0,info
CVE-2020-0986,7.8,CVSS:3.1/AV:L/AC:L/PR:L/UI:N/S:U/C:H/I:H/A:H,0.4615,0.15932,1,local
CVE-2020-10058,7.8,CVSS:3.1/AV:L/AC:L/PR:L/UI:N/S:U/C:H/I:H/A:H,0.4615,0.00396,0,local
CVE-2020-10077,9.8,CVSS:3.1/AV:N/AC:L/PR:N/UI:N/S:U/C:H/I:H/A:H,1.0,0.01185,0,rce
CVE-2020-10096,7.5,CVSS:3.1/AV:N/AC:L/PR:N/UI:N/S:U/C:H/I:N/A:N,1.0,0.01139,0,info
CVE-2020-10140,7.3,CVSS:3.1/AV:L/AC:L/PR:L/UI:R/S:U/C:H/I:H/A:H,0.3333,0.00381,0,local
CVE-2020-10181,9.8,CVSS:3.1/AV:N/AC:L/PR:N/UI:N/S:U/C:H/I:H/A:H,1.0,0.14666,1,rce
CVE-2020-10189,9.8,CVSS:3.1/AV:N/AC:L/PR:N/UI:N/S:U/C:H/I:H/A:H,1.0,0.99941,1,rce
CVE-2020-1027,7.8,CVSS:3.1/AV:L/AC:L/PR:L/UI:N/S:U/C:H/I:H/A:H,0.4615,0.04547,1,local
CVE-2020-10398,4.8,CVSS:3.1/AV:N/AC:L/PR:H/UI:R/S:C/C:L/I:L/A:N,0.4359,0.00733,0,info
CVE-2020-10517,4.3,CVSS:3.1/AV:N/AC:L/PR:L/UI:N/S:U/C:L/I:N/A:N,0.7179,0.0105,0,info
CVE-2020-1054,7.0,CVSS:3.1/AV:L/AC:H/PR:L/UI:N/S:U/C:H/I:H/A:H,0.2564,0.54158,1,local
CVE-2020-10744,5.0,CVSS:3.1/AV:L/AC:H/PR:L/UI:R/S:C/C:L/I:L/A:L,0.2051,0.00255,0,local
CVE-2020-10823,9.8,CVSS:3.1/AV:N/AC:L/PR:N/UI:N/S:U/C:H/I:H/A:H,1.0,0.04425,0,rce
CVE-2020-11047,5.9,CVSS:3.1/AV:N/AC:H/PR:H/UI:N/S:U/C:H/I:N/A:H,0.1795,0.01713,0,info
CVE-2020-1107,5.4,CVSS:3.1/AV:N/AC:L/PR:L/UI:R/S:C/C:L/I:L/A:N,0.5897,0.01489,0,info
CVE-2020-11096,6.5,CVSS:3.1/AV:N/AC:L/PR:N/UI:N/S:U/C:L/I:N/A:L,1.0,0.01837,0,info
CVE-2020-11205,7.8,CVSS:3.1/AV:L/AC:L/PR:L/UI:N/S:U/C:H/I:H/A:H,0.4615,0.00202,0,local
CVE-2020-11292,7.8,CVSS:3.1/AV:L/AC:L/PR:L/UI:N/S:U/C:H/I:H/A:H,0.4615,0.00814,0,local
CVE-2020-11296,7.5,CVSS:3.1/AV:N/AC:L/PR:N/UI:N/S:U/C:N/I:N/A:H,1.0,0.00616,0,info
CVE-2020-11512,5.4,CVSS:3.1/AV:N/AC:L/PR:L/UI:R/S:C/C:L/I:L/A:N,0.5897,0.00723,0,info
CVE-2020-11585,4.3,CVSS:3.1/AV:N/AC:L/PR:L/UI:N/S:U/C:L/I:N/A:N,0.7179,0.00694,0,info
CVE-2020-11605,7.5,CVSS:3.1/AV:N/AC:L/PR:N/UI:N/S:U/C:H/I:N/A:N,1.0,0.00431,0,info
CVE-2020-11768,4.8,CVSS:3.1/AV:N/AC:L/PR:H/UI:R/S:C/C:L/I:L/A:N,0.4359,0.00506,0,info
CVE-2020-12116,7.5,CVSS:3.1/AV:N/AC:L/PR:N/UI:N/S:U/C:H/I:N/A:N,1.0,0.97418,0,info
CVE-2020-12403,9.1,CVSS:3.1/AV:N/AC:L/PR:N/UI:N/S:U/C:H/I:N/A:H,1.0,0.01541,0,info
CVE-2020-12812,9.8,CVSS:3.1/AV:N/AC:L/PR:N/UI:N/S:U/C:H/I:H/A:H,1.0,0.49344,1,rce
CVE-2020-13483,6.1,CVSS:3.1/AV:N/AC:L/PR:N/UI:R/S:C/C:L/I:L/A:N,0.7179,0.04511,0,info
CVE-2020-1357,7.8,CVSS:3.1/AV:L/AC:L/PR:L/UI:N/S:U/C:H/I:H/A:H,0.4615,0.00738,0,local
CVE-2020-13700,7.5,CVSS:3.1/AV:N/AC:L/PR:N/UI:N/S:U/C:H/I:N/A:N,1.0,0.13463,0,info
CVE-2020-13957,9.8,CVSS:3.1/AV:N/AC:L/PR:N/UI:N/S:U/C:H/I:H/A:H,1.0,0.79342,0,rce
CVE-2020-14008,7.2,CVSS:3.1/AV:N/AC:L/PR:H/UI:N/S:U/C:H/I:H/A:H,0.3077,0.37525,0,rce
CVE-2020-14065,6.5,CVSS:3.1/AV:N/AC:L/PR:L/UI:N/S:U/C:N/I:N/A:H,0.7179,0.01462,0,info
CVE-2020-14101,7.5,CVSS:3.1/AV:N/AC:L/PR:N/UI:N/S:U/C:H/I:N/A:N,1.0,0.01058,0,info
CVE-2020-14144,7.2,CVSS:3.1/AV:N/AC:L/PR:H/UI:N/S:U/C:H/I:H/A:H,0.3077,0.95357,0,rce
CVE-2020-14608,8.2,CVSS:3.1/AV:N/AC:L/PR:N/UI:N/S:U/C:L/I:H/A:N,1.0,0.01283,0,rce
CVE-2020-14644,9.8,CVSS:3.1/AV:N/AC:L/PR:N/UI:N/S:U/C:H/I:H/A:H,1.0,0.94548,1,rce
CVE-2020-14720,7.7,CVSS:3.1/AV:N/AC:L/PR:L/UI:N/S:C/C:H/I:N/A:N,0.7949,0.01324,0,info
CVE-2020-14780,7.1,CVSS:3.1/AV:N/AC:L/PR:N/UI:R/S:U/C:H/I:L/A:N,0.7179,0.01432,0,info
CVE-2020-14861,4.9,CVSS:3.1/AV:N/AC:L/PR:H/UI:N/S:U/C:N/I:N/A:H,0.3077,0.01852,0,info
CVE-2020-14882,9.8,CVSS:3.1/AV:N/AC:L/PR:N/UI:N/S:U/C:H/I:H/A:H,1.0,0.99997,1,rce
CVE-2020-14883,7.2,CVSS:3.1/AV:N/AC:L/PR:H/UI:N/S:U/C:H/I:H/A:H,0.3077,0.97929,1,rce
CVE-2020-1492,7.8,CVSS:3.1/AV:L/AC:L/PR:N/UI:R/S:U/C:H/I:H/A:H,0.4615,0.03463,0,local
CVE-2020-14947,8.8,CVSS:3.1/AV:N/AC:L/PR:L/UI:N/S:U/C:H/I:H/A:H,0.7179,0.19481,0,rce
CVE-2020-15247,5.2,CVSS:3.1/AV:L/AC:L/PR:H/UI:R/S:C/C:L/I:L/A:L,0.2821,0.00294,0,local
CVE-2020-15276,8.7,CVSS:3.1/AV:N/AC:L/PR:L/UI:R/S:C/C:H/I:H/A:N,0.5897,0.01002,0,rce
CVE-2020-15304,5.5,CVSS:3.1/AV:L/AC:L/PR:L/UI:N/S:U/C:N/I:N/A:H,0.4615,0.00399,0,local
CVE-2020-15339,6.1,CVSS:3.1/AV:N/AC:L/PR:N/UI:R/S:C/C:L/I:L/A:N,0.7179,0.00714,0,info
CVE-2020-15471,9.1,CVSS:3.1/AV:N/AC:L/PR:N/UI:N/S:U/C:H/I:N/A:H,1.0,0.01288,0,info
CVE-2020-15540,9.8,CVSS:3.1/AV:N/AC:L/PR:N/UI:N/S:U/C:H/I:H/A:H,1.0,0.01762,0,rce
CVE-2020-15579,7.5,CVSS:3.1/AV:N/AC:L/PR:N/UI:N/S:U/C:N/I:H/A:N,1.0,0.00364,0,rce
CVE-2020-1580,5.4,CVSS:3.1/AV:N/AC:L/PR:L/UI:R/S:C/C:L/I:L/A:N,0.5897,0.01586,0,info
CVE-2020-15906,9.8,CVSS:3.1/AV:N/AC:L/PR:N/UI:N/S:U/C:H/I:H/A:H,1.0,0.2716,0,rce
CVE-2020-15944,5.4,CVSS:3.1/AV:N/AC:L/PR:L/UI:R/S:C/C:L/I:L/A:N,0.5897,0.01348,0,info
CVE-2020-15999,9.6,CVSS:3.1/AV:N/AC:L/PR:N/UI:R/S:C/C:H/I:H/A:H,0.7179,0.44303,1,rce
CVE-2020-16009,8.8,CVSS:3.1/AV:N/AC:L/PR:N/UI:R/S:U/C:H/I:H/A:H,0.7179,0.48293,1,rce
CVE-2020-16128,3.8,CVSS:3.1/AV:L/AC:L/PR:L/UI:N/S:C/C:L/I:N/A:N,0.5128,0.00339,0,local
CVE-2020-16152,9.8,CVSS:3.1/AV:N/AC:L/PR:N/UI:N/S:U/C:H/I:H/A:H,1.0,0.35515,0,rce
CVE-2020-16990,6.2,CVSS:3.1/AV:L/AC:L/PR:N/UI:N/S:U/C:H/I:N/A:N,0.641,0.01464,0,local
CVE-2020-17089,7.1,CVSS:3.1/AV:N/AC:H/PR:L/UI:R/S:U/C:H/I:H/A:H,0.3077,0.02892,0,rce
CVE-2020-17144,8.4,CVSS:3.1/AV:N/AC:L/PR:H/UI:R/S:C/C:H/I:H/A:H,0.4359,0.36514,1,rce
CVE-2020-17364,6.1,CVSS:3.1/AV:N/AC:L/PR:N/UI:R/S:C/C:L/I:L/A:N,0.7179,0.00784,0,info
CVE-2020-17406,8.8,CVSS:3.1/AV:N/AC:L/PR:L/UI:N/S:U/C:H/I:H/A:H,0.7179,0.05342,0,rce
CVE-2020-1742,7.0,CVSS:3.1/AV:L/AC:H/PR:L/UI:N/S:U/C:H/I:H/A:H,0.2564,0.00256,0,local
CVE-2020-17443,7.5,CVSS:3.1/AV:N/AC:L/PR:N/UI:N/S:U/C:N/I:N/A:H,1.0,0.02832,0,info
CVE-2020-17456,9.8,CVSS:3.1/AV:N/AC:L/PR:N/UI:N/S:U/C:H/I:H/A:H,1.0,0.73635,0,rce
CVE-2020-18185,9.8,CVSS:3.1/AV:N/AC:L/PR:N/UI:N/S:U/C:H/I:H/A:H,1.0,0.01771,0,rce
CVE-2020-18659,6.1,CVSS:3.1/AV:N/AC:L/PR:N/UI:R/S:C/C:L/I:L/A:N,0.7179,0.01298,0,info
CVE-2020-1902,7.5,CVSS:3.1/AV:N/AC:L/PR:N/UI:N/S:U/C:H/I:N/A:N,1.0,0.00666,0,info
CVE-2020-19109,9.8,CVSS:3.1/AV:N/AC:L/PR:N/UI:N/S:U/C:H/I:H/A:H,1.0,0.01944,0,rce
CVE-2020-1940,7.5,CVSS:3.1/AV:N/AC:L/PR:N/UI:N/S:U/C:H/I:N/A:N,1.0,0.04511,0,info
CVE-2020-19682,8.8,CVSS:3.1/AV:N/AC:L/PR:N/UI:R/S:U/C:H/I:H/A:H,0.7179,0.00526,0,rce
CVE-2020-19699,6.1,CVSS:3.1/AV:N/AC:L/PR:N/UI:R/S:C/C:L/I:L/A:N,0.7179,0.00593,0,info
CVE-2020-2035,3.0,CVSS:3.1/AV:N/AC:H/PR:H/UI:N/S:C/C:N/I:L/A:N,0.3333,0.0078,0,info
CVE-2020-20662,6.5,CVSS:3.1/AV:N/AC:L/PR:N/UI:R/S:U/C:N/I:N/A:H,0.7179,0.00846,0,info
CVE-2020-20990,5.4,CVSS:3.1/AV:N/AC:L/PR:L/UI:R/S:C/C:L/I:L/A:N,0.5897,0.00595,0,info
CVE-2020-21082,6.1,CVSS:3.1/AV:N/AC:L/PR:N/UI:R/S:C/C:L/I:L/A:N,0.7179,0.00662,0,info
CVE-2020-2169,6.1,CVSS:3.1/AV:N/AC:L/PR:N/UI:R/S:C/C:L/I:L/A:N,0.7179,0.01066,0,info
CVE-2020-21816,8.8,CVSS:3.1/AV:N/AC:L/PR:N/UI:R/S:U/C:H/I:H/A:H,0.7179,0.01133,0,rce
CVE-2020-21896,5.5,CVSS:3.1/AV:L/AC:L/PR:N/UI:R/S:U/C:N/I:N/A:H,0.4615,0.00507,0,local
CVE-2020-2203,4.3,CVSS:3.1/AV:N/AC:L/PR:N/UI:R/S:U/C:N/I:L/A:N,0.7179,0.00665,0,info
CVE-2020-22166,7.5,CVSS:3.1/AV:N/AC:L/PR:N/UI:N/S:U/C:H/I:N/A:N,1.0,0.02188,0,info
CVE-2020-22175,7.5,CVSS:3.1/AV:N/AC:L/PR:N/UI:N/S:U/C:H/I:N/A:N,1.0,0.02188,0,info
CVE-2020-22218,7.5,CVSS:3.1/AV:N/AC:L/PR:N/UI:N/S:U/C:N/I:N/A:H,1.0,0.01099,0,info
CVE-2020-22284,7.5,CVSS:3.1/AV:N/AC:L/PR:N/UI:N/S:U/C:H/I:N/A:N,1.0,0.01183,0,info
CVE-2020-2229,5.4,CVSS:3.1/AV:N/AC:L/PR:L/UI:R/S:C/C:L/I:L/A:N,0.5897,0.06765,0,info
CVE-2020-2256,5.4,CVSS:3.1/AV:N/AC:L/PR:L/UI:R/S:C/C:L/I:L/A:N,0.5897,0.00735,0,info
CVE-2020-2271,5.4,CVSS:3.1/AV:N/AC:L/PR:L/UI:R/S:C/C:L/I:L/A:N,0.5897,0.00735,0,info
CVE-2020-22845,7.5,CVSS:3.1/AV:N/AC:L/PR:N/UI:N/S:U/C:N/I:N/A:H,1.0,0.0125,0,info
CVE-2020-2301,9.8,CVSS:3.1/AV:N/AC:L/PR:N/UI:N/S:U/C:H/I:H/A:H,1.0,0.017,0,rce
CVE-2020-23308,7.5,CVSS:3.1/AV:N/AC:L/PR:N/UI:N/S:U/C:N/I:N/A:H,1.0,0.01083,0,info
CVE-2020-24102,7.6,CVSS:3.1/AV:N/AC:L/PR:L/UI:N/S:U/C:H/I:L/A:L,0.7179,0.00925,0,info
CVE-2020-24363,8.8,CVSS:3.1/AV:A/AC:L/PR:N/UI:N/S:U/C:H/I:H/A:H,0.7179,0.20689,1,rce
CVE-2020-24412,7.8,CVSS:3.1/AV:L/AC:L/PR:N/UI:R/S:U/C:H/I:H/A:H,0.4615,0.02801,0,local
CVE-2020-24424,7.8,CVSS:3.1/AV:L/AC:L/PR:N/UI:R/S:U/C:H/I:H/A:H,0.4615,0.01159,0,local
CVE-2020-24474,8.0,CVSS:3.1/AV:A/AC:L/PR:L/UI:N/S:U/C:H/I:H/A:H,0.5385,0.00389,0,rce
CVE-2020-24580,7.5,CVSS:3.1/AV:A/AC:H/PR:N/UI:N/S:U/C:H/I:H/A:H,0.4103,0.01347,0,rce
CVE-2020-24765,7.5,CVSS:3.1/AV:N/AC:L/PR:N/UI:N/S:U/C:H/I:N/A:N,1.0,0.06798,0,info
CVE-2020-25078,7.5,CVSS:3.1/AV:N/AC:L/PR:N/UI:N/S:U/C:H/I:N/A:N,1.0,0.97511,1,info
CVE-2020-2509,9.8,CVSS:3.1/AV:N/AC:L/PR:N/UI:N/S:U/C:H/I:H/A:H,1.0,0.33987,1,rce
CVE-2020-25119,4.8,CVSS:3.1/AV:N/AC:L/PR:H/UI:R/S:C/C:L/I:L/A:N,0.4359,0.00663,0,info
CVE-2020-25148,6.1,CVSS:3.1/AV:N/AC:L/PR:N/UI:R/S:C/C:L/I:L/A:N,0.7179,0.00836,0,info
CVE-2020-25237,8.1,CVSS:3.1/AV:N/AC:L/PR:L/UI:N/S:U/C:N/I:H/A:H,0.7179,0.20616,0,rce
CVE-2020-25466,9.8,CVSS:3.1/AV:N/AC:L/PR:N/UI:N/S:U/C:H/I:H/A:H,1.0,0.02551,0,rce
CVE-2020-26132,7.8,CVSS:3.1/AV:L/AC:L/PR:L/UI:N/S:U/C:H/I:H/A:H,0.4615,0.00323,0,local
CVE-2020-26181,7.8,CVSS:3.1/AV:L/AC:L/PR:L/UI:N/S:U/C:H/I:H/A:H,0.4615,0.00254,0,local
CVE-2020-26652,7.5,CVSS:3.1/AV:N/AC:L/PR:N/UI:N/S:U/C:N/I:N/A:H,1.0,0.00741,0,info
CVE-2020-26801,5.4,CVSS:3.1/AV:N/AC:L/PR:L/UI:R/S:C/C:L/I:L/A:N,0.5897,0.00523,0,info
CVE-2020-26988,8.8,CVSS:3.1/AV:N/AC:L/PR:N/UI:R/S:U/C:H/I:H/A:H,0.7179,0.0308,0,rce
CVE-2020-27014,6.4,CVSS:3.1/AV:L/AC:H/PR:H/UI:N/S:U/C:H/I:H/A:H,0.1282,0.00322,0,local
CVE-2020-27015,4.4,CVSS:3.1/AV:L/AC:L/PR:H/UI:N/S:U/C:H/I:N/A:N,0.2051,0.00896,0,local
CVE-2020-27028,4.4,CVSS:3.1/AV:L/AC:L/PR:H/UI:N/S:U/C:H/I:N/A:N,0.2051,0.00157,0,local
CVE-2020-2707,5.4,CVSS:3.1/AV:N/AC:L/PR:L/UI:R/S:C/C:L/I:L/A:N,0.5897,0.0074,0,info
CVE-2020-27097,5.5,CVSS:3.1/AV:L/AC:L/PR:L/UI:N/S:U/C:H/I:N/A:N,0.4615,0.00135,0,local
CVE-2020-27229,8.8,CVSS:3.1/AV:N/AC:L/PR:L/UI:N/S:U/C:H/I:H/A:H,0.7179,0.00806,0,rce
CVE-2020-2735,8.0,CVSS:3.1/AV:N/AC:H/PR:L/UI:R/S:C/C:H/I:H/A:H,0.3333,0.01125,0,rce
CVE-2020-28246,9.8,CVSS:3.1/AV:N/AC:L/PR:N/UI:N/S:U/C:H/I:H/A:H,1.0,0.02289,0,rce
CVE-2020-28395,5.9,CVSS:3.1/AV:N/AC:H/PR:N/UI:N/S:U/C:H/I:N/A:N,0.5641,0.01176,0,info
CVE-2020-28413,6.5,CVSS:3.1/AV:N/AC:L/PR:L/UI:N/S:U/C:H/I:N/A:N,0.7179,0.04782,0,info
CVE-2020-28573,5.3,CVSS:3.1/AV:N/AC:L/PR:N/UI:N/S:U/C:L/I:N/A:N,1.0,0.03245,0,info
CVE-2020-28993,7.5,CVSS:3.1/AV:N/AC:L/PR:N/UI:N/S:U/C:H/I:N/A:N,1.0,0.028,0,info
CVE-2020-29031,8.1,CVSS:3.1/AV:N/AC:L/PR:L/UI:N/S:U/C:H/I:H/A:N,0.7179,0.00747,0,rce
CVE-2020-29304,6.1,CVSS:3.1/AV:N/AC:L/PR:N/UI:R/S:C/C:L/I:L/A:N,0.7179,0.0555,0,info
CVE-2020-29574,9.8,CVSS:3.1/AV:N/AC:L/PR:N/UI:N/S:U/C:H/I:H/A:H,1.0,0.04658,1,rce
CVE-2020-3118,8.8,CVSS:3.1/AV:A/AC:L/PR:N/UI:N/S:U/C:H/I:H/A:H,0.7179,0.11685,1,rce
CVE-2020-3197,5.3,CVSS:3.1/AV:N/AC:L/PR:N/UI:N/S:U/C:L/I:N/A:N,1.0,0.00991,0,info
CVE-2020-3240,7.3,CVSS:3.1/AV:L/AC:L/PR:L/UI:R/S:U/C:H/I:H/A:H,0.3333,0.38693,0,local
CVE-2020-35175,5.3,CVSS:3.1/AV:N/AC:L/PR:N/UI:N/S:U/C:N/I:L/A:N,1.0,0.00894,0,info
CVE-2020-35205,9.8,CVSS:3.1/AV:N/AC:L/PR:N/UI:N/S:U/C:H/I:H/A:H,1.0,0.01909,0,rce
CVE-2020-3569,8.6,CVSS:3.1/AV:N/AC:L/PR:N/UI:N/S:C/C:N/I:N/A:H,1.0,0.0332,1,info
CVE-2020-35834,4.8,CVSS:3.1/AV:N/AC:L/PR:H/UI:R/S:C/C:L/I:L/A:N,0.4359,0.0056,0,info
CVE-2020-35911,4.7,CVSS:3.1/AV:L/AC:H/PR:L/UI:N/S:U/C:N/I:N/A:H,0.2564,0.00209,0,local
CVE-2020-35946,5.4,CVSS:3.1/AV:N/AC:L/PR:L/UI:R/S:C/C:L/I:L/A:N,0.5897,0.00837,0,info
CVE-2020-3601,6.7,CVSS:3.1/AV:L/AC:L/PR:H/UI:N/S:U/C:H/I:H/A:H,0.2051,0.00377,0,local
CVE-2020-36062,9.8,CVSS:3.1/AV:N/AC:L/PR:N/UI:N/S:U/C:H/I:H/A:H,1.0,0.02349,0,rce
CVE-2020-36125,7.1,CVSS:3.1/AV:N/AC:L/PR:L/UI:N/S:U/C:H/I:L/A:N,0.7179,0.00939,0,info
CVE-2020-36227,7.5,CVSS:3.1/AV:N/AC:L/PR:N/UI:N/S:U/C:N/I:N/A:H,1.0,0.77738,0,info
CVE-2020-3653,9.1,CVSS:3.1/AV:N/AC:L/PR:N/UI:N/S:U/C:H/I:N/A:H,1.0,0.00915,0,info
CVE-2020-36553,5.4,CVSS:3.1/AV:N/AC:L/PR:L/UI:R/S:C/C:L/I:L/A:N,0.5897,0.01035,0,info
CVE-2020-3658,9.1,CVSS:3.1/AV:N/AC:L/PR:N/UI:N/S:U/C:H/I:N/A:H,1.0,0.00923,0,info
CVE-2020-36831,6.5,CVSS:3.1/AV:N/AC:L/PR:L/UI:N/S:U/C:N/I:H/A:N,0.7179,0.00501,0,rce
CVE-2020-36943,7.5,CVSS:3.1/AV:N/AC:L/PR:N/UI:N/S:U/C:N/I:N/A:H,1.0,0.00286,0,info
CVE-2020-36953,7.8,CVSS:3.1/AV:L/AC:L/PR:L/UI:N/S:U/C:H/I:H/A:H,0.4615,0.00189,0,local
CVE-2020-36989,7.8,CVSS:3.1/AV:L/AC:L/PR:L/UI:N/S:U/C:H/I:H/A:H,0.4615,0.00176,0,local
CVE-2020-37072,6.1,CVSS:3.1/AV:N/AC:L/PR:N/UI:R/S:C/C:L/I:L/A:N,0.7179,0.00248,0,info
CVE-2020-37091,5.3,CVSS:3.1/AV:N/AC:L/PR:N/UI:N/S:U/C:N/I:L/A:N,1.0,0.00159,0,info
CVE-2020-37191,7.5,CVSS:3.1/AV:N/AC:L/PR:N/UI:N/S:U/C:H/I:N/A:N,1.0,0.00293,0,info
CVE-2020-3722,8.8,CVSS:3.1/AV:N/AC:L/PR:N/UI:R/S:U/C:H/I:H/A:H,0.7179,0.0391,0,rce
CVE-2020-3723,8.8,CVSS:3.1/AV:N/AC:L/PR:N/UI:R/S:U/C:H/I:H/A:H,0.7179,0.03966,0,rce
CVE-2020-3740,9.8,CVSS:3.1/AV:N/AC:L/PR:N/UI:N/S:U/C:H/I:H/A:H,1.0,0.05003,0,rce
CVE-2020-3861,7.1,CVSS:3.1/AV:L/AC:L/PR:L/UI:N/S:U/C:H/I:H/A:N,0.4615,0.00403,0,local
CVE-2020-3964,4.7,CVSS:3.1/AV:L/AC:H/PR:L/UI:N/S:U/C:H/I:N/A:N,0.2564,0.00471,0,local
CVE-2020-4006,9.1,CVSS:3.1/AV:N/AC:L/PR:H/UI:N/S:C/C:H/I:H/A:H,0.5897,0.17302,1,rce
CVE-2020-4212,9.8,CVSS:3.1/AV:N/AC:L/PR:N/UI:N/S:U/C:H/I:H/A:H,1.0,0.14968,0,rce
CVE-2020-4347,7.3,CVSS:3.1/AV:N/AC:L/PR:N/UI:N/S:U/C:L/I:L/A:L,1.0,0.01809,0,info
CVE-2020-4380,5.4,CVSS:3.1/AV:N/AC:L/PR:L/UI:R/S:C/C:L/I:L/A:N,0.5897,0.00561,0,info
CVE-2020-4427,9.8,CVSS:3.1/AV:N/AC:L/PR:N/UI:N/S:U/C:H/I:H/A:H,1.0,0.70031,1,rce
CVE-2020-5256,8.8,CVSS:3.1/AV:N/AC:L/PR:L/UI:N/S:U/C:H/I:H/A:H,0.7179,0.01969,0,rce
CVE-2020-5286,6.1,CVSS:3.1/AV:N/AC:L/PR:N/UI:R/S:C/C:L/I:L/A:N,0.7179,0.00661,0,info
CVE-2020-5366,6.5,CVSS:3.1/AV:N/AC:L/PR:L/UI:N/S:U/C:H/I:N/A:N,0.7179,0.01808,0,info
CVE-2020-5419,6.7,CVSS:3.1/AV:L/AC:L/PR:H/UI:N/S:U/C:H/I:H/A:H,0.2051,0.00452,0,local
CVE-2020-5513,6.8,CVSS:3.1/AV:N/AC:L/PR:H/UI:N/S:C/C:H/I:N/A:N,0.5897,0.25792,0,info
CVE-2020-5606,6.1,CVSS:3.1/AV:N/AC:L/PR:N/UI:R/S:C/C:L/I:L/A:N,0.7179,0.00781,0,info
CVE-2020-5677,6.1,CVSS:3.1/AV:N/AC:L/PR:N/UI:R/S:C/C:L/I:L/A:N,0.7179,0.01161,0,info
CVE-2020-5727,4.6,CVSS:3.1/AV:P/AC:L/PR:N/UI:N/S:U/C:N/I:H/A:N,0.2308,0.00389,0,local
CVE-2020-5730,6.1,CVSS:3.1/AV:N/AC:L/PR:N/UI:R/S:C/C:L/I:L/A:N,0.7179,0.01143,0,info
CVE-2020-5833,3.3,CVSS:3.1/AV:L/AC:L/PR:L/UI:N/S:U/C:L/I:N/A:N,0.4615,0.00359,0,local
CVE-2020-5847,9.8,CVSS:3.1/AV:N/AC:L/PR:N/UI:N/S:U/C:H/I:H/A:H,1.0,0.95844,1,rce
CVE-2020-6061,9.8,CVSS:3.1/AV:N/AC:L/PR:N/UI:N/S:U/C:H/I:H/A:H,1.0,0.05116,0,rce
CVE-2020-6178,5.4,CVSS:3.1/AV:N/AC:L/PR:L/UI:N/S:U/C:L/I:L/A:N,0.7179,0.00726,0,info
CVE-2020-6366,6.5,CVSS:3.1/AV:N/AC:L/PR:H/UI:N/S:U/C:H/I:N/A:H,0.3077,0.01075,0,info
CVE-2020-6409,8.8,CVSS:3.1/AV:N/AC:L/PR:N/UI:R/S:U/C:H/I:H/A:H,0.7179,0.01742,0,rce
CVE-2020-6611,6.5,CVSS:3.1/AV:N/AC:L/PR:N/UI:R/S:U/C:N/I:N/A:H,0.7179,0.01525,0,info
CVE-2020-6806,8.8,CVSS:3.1/AV:N/AC:L/PR:N/UI:R/S:U/C:H/I:H/A:H,0.7179,0.02607,0,rce
CVE-2020-6856,6.5,CVSS:3.1/AV:N/AC:L/PR:L/UI:N/S:U/C:H/I:N/A:N,0.7179,0.00926,0,info
CVE-2020-7107,6.1,CVSS:3.1/AV:N/AC:L/PR:N/UI:R/S:C/C:L/I:L/A:N,0.7179,0.02195,0,info
CVE-2020-7156,9.8,CVSS:3.1/AV:N/AC:L/PR:N/UI:N/S:U/C:H/I:H/A:H,1.0,0.06994,0,rce
CVE-2020-7228,5.4,CVSS:3.1/AV:N/AC:L/PR:L/UI:R/S:C/C:L/I:L/A:N,0.5897,0.00991,0,info
CVE-2020-7238,7.5,CVSS:3.1/AV:N/AC:L/PR:N/UI:N/S:U/C:N/I:H/A:N,1.0,0.03647,0,rce
CVE-2020-7352,8.8,CVSS:3.1/AV:L/AC:L/PR:L/UI:N/S:C/C:H/I:H/A:H,0.5128,0.03778,0,local
CVE-2020-7504,5.3,CVSS:3.1/AV:N/AC:L/PR:N/UI:N/S:U/C:N/I:N/A:L,1.0,0.01256,0,info
CVE-2020-7506,7.5,CVSS:3.1/AV:N/AC:L/PR:N/UI:N/S:U/C:H/I:N/A:N,1.0,0.0131,0,info
CVE-2020-7611,9.8,CVSS:3.1/AV:N/AC:L/PR:N/UI:N/S:U/C:H/I:H/A:H,1.0,0.01814,0,rce
CVE-2020-7708,9.8,CVSS:3.1/AV:N/AC:L/PR:N/UI:N/S:U/C:H/I:H/A:H,1.0,0.02821,0,rce
CVE-2020-7764,7.5,CVSS:3.1/AV:N/AC:L/PR:N/UI:N/S:U/C:N/I:N/A:H,1.0,0.01726,0,info
CVE-2020-7931,8.8,CVSS:3.1/AV:N/AC:L/PR:L/UI:N/S:U/C:H/I:H/A:H,0.7179,0.0549,0,rce
CVE-2020-8127,6.1,CVSS:3.1/AV:N/AC:L/PR:N/UI:R/S:C/C:L/I:L/A:N,0.7179,0.01197,0,info
CVE-2020-8196,4.3,CVSS:3.1/AV:N/AC:L/PR:L/UI:N/S:U/C:L/I:N/A:N,0.7179,0.26333,1,info
CVE-2020-8461,8.8,CVSS:3.1/AV:N/AC:L/PR:N/UI:R/S:U/C:H/I:H/A:H,0.7179,0.0115,0,rce
CVE-2020-8467,8.8,CVSS:3.1/AV:N/AC:L/PR:L/UI:N/S:U/C:H/I:H/A:H,0.7179,0.109,1,rce
CVE-2020-8625,8.1,CVSS:3.1/AV:N/AC:H/PR:N/UI:N/S:U/C:H/I:H/A:H,0.5641,0.64161,0,rce
CVE-2020-8644,9.8,CVSS:3.1/AV:N/AC:L/PR:N/UI:N/S:U/C:H/I:H/A:H,1.0,0.86689,1,rce
CVE-2020-8734,6.7,CVSS:3.1/AV:L/AC:L/PR:H/UI:N/S:U/C:H/I:H/A:H,0.2051,0.00318,0,local
CVE-2020-8764,6.7,CVSS:3.1/AV:L/AC:L/PR:H/UI:N/S:U/C:H/I:H/A:H,0.2051,0.00417,0,local
CVE-2020-8767,5.5,CVSS:3.1/AV:L/AC:L/PR:L/UI:N/S:U/C:N/I:N/A:H,0.4615,0.00275,0,local
CVE-2020-8976,8.8,CVSS:3.1/AV:N/AC:L/PR:N/UI:R/S:U/C:H/I:H/A:H,0.7179,0.00527,0,rce
CVE-2020-9054,9.8,CVSS:3.1/AV:N/AC:L/PR:N/UI:N/S:U/C:H/I:H/A:H,1.0,0.99988,1,rce
CVE-2020-9208,6.5,CVSS:3.1/AV:N/AC:L/PR:L/UI:N/S:U/C:H/I:N/A:N,0.7179,0.0063,0,info
CVE-2020-9296,9.8,CVSS:3.1/AV:N/AC:L/PR:N/UI:N/S:U/C:H/I:H/A:H,1.0,0.01673,0,rce
CVE-2020-9344,6.1,CVSS:3.1/AV:N/AC:L/PR:N/UI:R/S:C/C:L/I:L/A:N,0.7179,0.05198,0,info
CVE-2020-9388,6.5,CVSS:3.1/AV:N/AC:L/PR:N/UI:R/S:U/C:N/I:H/A:N,0.7179,0.00777,0,rce
CVE-2020-9398,9.8,CVSS:3.1/AV:N/AC:L/PR:N/UI:N/S:U/C:H/I:H/A:H,1.0,0.01266,0,rce
CVE-2020-9682,9.8,CVSS:3.1/AV:N/AC:L/PR:N/UI:N/S:U/C:H/I:H/A:H,1.0,0.04306,0,rce
CVE-2020-9688,7.8,CVSS:3.1/AV:L/AC:L/PR:N/UI:R/S:U/C:H/I:H/A:H,0.4615,0.04847,0,local
CVE-2020-9985,7.8,CVSS:3.1/AV:L/AC:L/PR:N/UI:R/S:U/C:H/I:H/A:H,0.4615,0.0141,0,local
CVE-2021-0116,7.8,CVSS:3.1/AV:L/AC:L/PR:L/UI:N/S:U/C:H/I:H/A:H,0.4615,0.00301,0,local
CVE-2021-0244,7.4,CVSS:3.1/AV:N/AC:L/PR:N/UI:R/S:C/C:N/I:N/A:H,0.7179,0.00637,0,info
CVE-2021-0508,7.0,CVSS:3.1/AV:L/AC:H/PR:L/UI:N/S:U/C:H/I:H/A:H,0.2564,0.00178,0,local
CVE-2021-0961,4.4,CVSS:3.1/AV:L/AC:L/PR:H/UI:N/S:U/C:H/I:N/A:N,0.2051,0.00144,0,local
CVE-2021-1153,4.8,CVSS:3.1/AV:N/AC:L/PR:H/UI:R/S:C/C:L/I:L/A:N,0.4359,0.00552,0,info
CVE-2021-1397,6.1,CVSS:3.1/AV:N/AC:L/PR:N/UI:R/S:C/C:L/I:L/A:N,0.7179,0.00831,0,info
CVE-2021-1440,6.8,CVSS:3.1/AV:N/AC:H/PR:N/UI:N/S:C/C:N/I:N/A:H,0.5641,0.00805,0,info
CVE-2021-1457,4.8,CVSS:3.1/AV:N/AC:L/PR:H/UI:R/S:C/C:L/I:L/A:N,0.4359,0.00616,0,info
CVE-2021-1497,9.8,CVSS:3.1/AV:N/AC:L/PR:N/UI:N/S:U/C:H/I:H/A:H,1.0,0.9993,1,rce
CVE-2021-1532,6.5,CVSS:3.1/AV:N/AC:L/PR:L/UI:N/S:U/C:H/I:N/A:N,0.7179,0.01432,0,info
CVE-2021-1558,6.7,CVSS:3.1/AV:L/AC:L/PR:H/UI:N/S:U/C:H/I:H/A:H,0.2051,0.00325,0,local
CVE-2021-1763,7.8,CVSS:3.1/AV:L/AC:L/PR:N/UI:R/S:U/C:H/I:H/A:H,0.4615,0.01264,0,local
CVE-2021-1831,5.5,CVSS:3.1/AV:L/AC:L/PR:N/UI:R/S:U/C:H/I:N/A:N,0.4615,0.0097,0,local
CVE-2021-1935,5.5,CVSS:3.1/AV:L/AC:L/PR:L/UI:N/S:U/C:N/I:N/A:H,0.4615,0.00134,0,local
CVE-2021-20035,6.5,CVSS:3.1/AV:N/AC:L/PR:L/UI:N/S:U/C:N/I:N/A:H,0.7179,0.04181,1,info
CVE-2021-20038,9.8,CVSS:3.1/AV:N/AC:L/PR:N/UI:N/S:U/C:H/I:H/A:H,1.0,0.99912,1,rce
CVE-2021-20123,7.5,CVSS:3.1/AV:N/AC:L/PR:N/UI:N/S:U/C:H/I:N/A:N,1.0,0.90234,1,info
CVE-2021-20219,5.5,CVSS:3.1/AV:L/AC:L/PR:L/UI:N/S:U/C:N/I:N/A:H,0.4615,0.00401,0,local
CVE-2021-20244,5.5,CVSS:3.1/AV:L/AC:L/PR:N/UI:R/S:U/C:N/I:N/A:H,0.4615,0.01209,0,local
CVE-2021-20322,7.4,CVSS:3.1/AV:N/AC:H/PR:N/UI:N/S:U/C:H/I:H/A:N,0.5641,0.06902,0,rce
CVE-2021-20403,8.8,CVSS:3.1/AV:N/AC:L/PR:N/UI:R/S:U/C:H/I:H/A:H,0.7179,0.00386,0,rce
CVE-2021-20536,6.2,CVSS:3.1/AV:L/AC:L/PR:N/UI:N/S:U/C:H/I:N/A:N,0.641,0.00266,0,local
CVE-2021-20622,6.1,CVSS:3.1/AV:N/AC:L/PR:N/UI:R/S:C/C:L/I:L/A:N,0.7179,0.01044,0,info
CVE-2021-2066,8.6,CVSS:3.1/AV:N/AC:L/PR:N/UI:N/S:U/C:L/I:H/A:L,1.0,0.01355,0,rce
CVE-2021-20846,8.8,CVSS:3.1/AV:N/AC:L/PR:N/UI:R/S:U/C:H/I:H/A:H,0.7179,0.00674,0,rce
CVE-2021-21025,9.1,CVSS:3.0/AV:N/AC:L/PR:H/UI:N/S:C/C:H/I:H/A:H,0.5897,0.03269,0,rce
CVE-2021-21116,8.8,CVSS:3.1/AV:N/AC:L/PR:N/UI:R/S:U/C:H/I:H/A:H,0.7179,0.01434,0,rce
CVE-2021-21135,6.5,CVSS:3.1/AV:N/AC:L/PR:N/UI:R/S:U/C:H/I:N/A:N,0.7179,0.19228,0,info
CVE-2021-21193,8.8,CVSS:3.1/AV:N/AC:L/PR:N/UI:R/S:U/C:H/I:H/A:H,0.7179,0.0987,1,rce
CVE-2021-21308,9.1,CVSS:3.1/AV:N/AC:L/PR:N/UI:N/S:U/C:H/I:H/A:N,1.0,0.01854,0,rce
CVE-2021-21315,7.8,CVSS:3.1/AV:L/AC:L/PR:L/UI:N/S:U/C:H/I:H/A:H,0.4615,0.90675,1,local
CVE-2021-21538,10.0,CVSS:3.1/AV:N/AC:L/PR:N/UI:N/S:C/C:H/I:H/A:H,1.0,0.01726,0,rce
CVE-2021-2161,5.9,CVSS:3.1/AV:N/AC:H/PR:N/UI:N/S:U/C:N/I:H/A:N,0.5641,0.03487,0,rce
CVE-2021-21658,9.1,CVSS:3.1/AV:N/AC:L/PR:N/UI:N/S:U/C:H/I:H/A:N,1.0,0.01536,0,rce
CVE-2021-21853,8.8,CVSS:3.1/AV:N/AC:L/PR:N/UI:R/S:U/C:H/I:H/A:H,0.7179,0.01695,0,rce
CVE-2021-2196,4.9,CVSS:3.1/AV:N/AC:L/PR:H/UI:N/S:U/C:N/I:N/A:H,0.3077,0.02126,0,info
CVE-2021-22005,9.8,CVSS:3.1/AV:N/AC:L/PR:N/UI:N/S:U/C:H/I:H/A:H,1.0,0.99999,1,rce
CVE-2021-22017,5.3,CVSS:3.1/AV:N/AC:L/PR:N/UI:N/S:U/C:L/I:N/A:N,1.0,0.49177,1,info
CVE-2021-22205,10.0,CVSS:3.1/AV:N/AC:L/PR:N/UI:N/S:C/C:H/I:H/A:H,1.0,0.99731,1,rce
CVE-2021-22439,8.1,CVSS:3.1/AV:N/AC:H/PR:N/UI:N/S:U/C:H/I:H/A:H,0.5641,0.00833,0,rce
CVE-2021-22646,9.8,CVSS:3.1/AV:N/AC:L/PR:N/UI:N/S:U/C:H/I:H/A:H,1.0,0.01396,0,rce
CVE-2021-22678,7.8,CVSS:3.1/AV:L/AC:L/PR:N/UI:R/S:U/C:H/I:H/A:H,0.4615,0.0103,0,local
CVE-2021-22885,7.5,CVSS:3.1/AV:N/AC:L/PR:N/UI:N/S:U/C:H/I:N/A:N,1.0,0.04162,0,info
CVE-2021-23342,6.1,CVSS:3.1/AV:N/AC:L/PR:N/UI:R/S:C/C:L/I:L/A:N,0.7179,0.01657,0,info
CVE-2021-23399,9.8,CVSS:3.1/AV:N/AC:L/PR:N/UI:N/S:U/C:H/I:H/A:H,1.0,0.01336,0,rce
CVE-2021-23426,7.5,CVSS:3.1/AV:N/AC:L/PR:N/UI:N/S:U/C:N/I:H/A:N,1.0,0.00861,0,rce
CVE-2021-24008,5.3,CVSS:3.1/AV:N/AC:L/PR:N/UI:N/S:U/C:L/I:N/A:N,1.0,0.00495,0,info
CVE-2021-24086,7.5,CVSS:3.1/AV:N/AC:L/PR:N/UI:N/S:U/C:N/I:N/A:H,1.0,0.58961,0,info
CVE-2021-24124,6.1,CVSS:3.1/AV:N/AC:L/PR:N/UI:R/S:C/C:L/I:L/A:N,0.7179,0.01148,0,info
CVE-2021-24218,8.8,CVSS:3.1/AV:N/AC:L/PR:N/UI:R/S:U/C:H/I:H/A:H,0.7179,0.00699,0,rce
CVE-2021-24238,6.5,CVSS:3.1/AV:N/AC:L/PR:L/UI:N/S:U/C:N/I:H/A:N,0.7179,0.01114,0,rce
CVE-2021-24556,6.1,CVSS:3.1/AV:N/AC:L/PR:N/UI:R/S:C/C:L/I:L/A:N,0.7179,0.01344,0,info
CVE-2021-24611,5.4,CVSS:3.1/AV:N/AC:L/PR:L/UI:R/S:C/C:L/I:L/A:N,0.5897,0.00319,0,info
CVE-2021-24793,4.8,CVSS:3.1/AV:N/AC:L/PR:H/UI:R/S:C/C:L/I:L/A:N,0.4359,0.00643,0,info
CVE-2021-24942,7.2,CVSS:3.1/AV:N/AC:L/PR:H/UI:N/S:U/C:H/I:H/A:H,0.3077,0.01225,0,rce
CVE-2021-25298,8.8,CVSS:3.1/AV:N/AC:L/PR:L/UI:N/S:U/C:H/I:H/A:H,0.7179,0.75148,1,rce
CVE-2021-25359,3.3,CVSS:3.1/AV:L/AC:L/PR:L/UI:N/S:U/C:L/I:N/A:N,0.4615,0.00106,0,local
CVE-2021-25370,4.4,CVSS:3.1/AV:L/AC:L/PR:H/UI:N/S:U/C:N/I:N/A:H,0.2051,0.0089,1,local
CVE-2021-25371,6.7,CVSS:3.1/AV:L/AC:L/PR:H/UI:N/S:U/C:H/I:H/A:H,0.2051,0.00802,1,local
CVE-2021-25439,3.3,CVSS:3.1/AV:L/AC:L/PR:L/UI:N/S:U/C:L/I:N/A:N,0.4615,0.00225,0,local
CVE-2021-26028,5.5,CVSS:3.1/AV:L/AC:L/PR:N/UI:R/S:U/C:N/I:H/A:N,0.4615,0.01011,0,local
CVE-2021-26308,7.5,CVSS:3.1/AV:N/AC:L/PR:N/UI:N/S:U/C:H/I:N/A:N,1.0,0.01498,0,info
CVE-2021-26432,9.8,CVSS:3.1/AV:N/AC:L/PR:N/UI:N/S:U/C:H/I:H/A:H,1.0,0.11343,0,rce
CVE-2021-26969,6.5,CVSS:3.1/AV:N/AC:L/PR:H/UI:N/S:U/C:H/I:N/A:H,0.3077,0.01462,0,info
CVE-2021-27048,7.8,CVSS:3.1/AV:L/AC:L/PR:N/UI:R/S:U/C:H/I:H/A:H,0.4615,0.02505,0,local
CVE-2021-27085,8.8,CVSS:3.1/AV:N/AC:L/PR:N/UI:R/S:C/C:L/I:H/A:L,0.7179,0.05448,1,rce
CVE-2021-27103,9.8,CVSS:3.1/AV:N/AC:L/PR:N/UI:N/S:U/C:H/I:H/A:H,1.0,0.11406,1,rce
CVE-2021-27376,9.8,CVSS:3.1/AV:N/AC:L/PR:N/UI:N/S:U/C:H/I:H/A:H,1.0,0.01448,0,rce
CVE-2021-27438,8.8,CVSS:3.1/AV:N/AC:L/PR:L/UI:N/S:U/C:H/I:H/A:H,0.7179,0.01211,0,rce
CVE-2021-27562,5.5,CVSS:3.1/AV:L/AC:L/PR:L/UI:N/S:U/C:N/I:N/A:H,0.4615,0.03093,1,local
CVE-2021-27623,5.9,CVSS:3.1/AV:N/AC:H/PR:N/UI:N/S:U/C:N/I:N/A:H,0.5641,0.00863,0,info
CVE-2021-27767,7.8,CVSS:3.1/AV:L/AC:L/PR:L/UI:N/S:U/C:H/I:H/A:H,0.4615,0.00195,0,local
CVE-2021-27771,7.6,CVSS:3.1/AV:N/AC:L/PR:L/UI:N/S:U/C:L/I:L/A:H,0.7179,0.00721,0,info
CVE-2021-27796,6.5,CVSS:3.1/AV:N/AC:L/PR:L/UI:N/S:U/C:H/I:N/A:N,0.7179,0.00907,0,info
CVE-2021-27877,9.8,CVSS:3.1/AV:N/AC:L/PR:N/UI:N/S:U/C:H/I:H/A:H,1.0,0.6491,1,rce
CVE-2021-27878,8.8,CVSS:3.1/AV:N/AC:L/PR:L/UI:N/S:U/C:H/I:H/A:H,0.7179,0.23952,1,rce
CVE-2021-28180,4.9,CVSS:3.1/AV:N/AC:L/PR:H/UI:N/S:U/C:N/I:N/A:H,0.3077,0.0181,0,info
CVE-2021-28327,8.8,CVSS:3.1/AV:N/AC:L/PR:L/UI:N/S:U/C:H/I:H/A:H,0.7179,0.02536,0,rce
CVE-2021-28488,6.5,CVSS:3.1/AV:N/AC:L/PR:L/UI:N/S:U/C:H/I:N/A:N,0.7179,0.01118,0,info
CVE-2021-28547,7.8,CVSS:3.0/AV:L/AC:L/PR:L/UI:N/S:U/C:H/I:H/A:H,0.4615,0.0052,0,local
CVE-2021-28609,5.5,CVSS:3.0/AV:L/AC:L/PR:N/UI:R/S:U/C:H/I:N/A:N,0.4615,0.02489,0,local
CVE-2021-29008,4.8,CVSS:3.1/AV:N/AC:L/PR:H/UI:R/S:C/C:L/I:L/A:N,0.4359,0.00755,0,info
CVE-2021-29258,7.5,CVSS:3.1/AV:N/AC:L/PR:N/UI:N/S:U/C:N/I:N/A:H,1.0,0.01772,0,info
CVE-2021-29272,6.1,CVSS:3.1/AV:N/AC:L/PR:N/UI:R/S:C/C:L/I:L/A:N,0.7179,0.00929,0,info
CVE-2021-29506,6.5,CVSS:3.1/AV:N/AC:L/PR:L/UI:N/S:U/C:N/I:N/A:H,0.7179,0.01404,0,info
CVE-2021-29655,9.8,CVSS:3.1/AV:N/AC:L/PR:N/UI:N/S:U/C:H/I:H/A:H,1.0,0.00537,0,rce
CVE-2021-29666,5.4,CVSS:3.1/AV:N/AC:L/PR:L/UI:R/S:C/C:L/I:L/A:N,0.5897,0.00495,0,info
CVE-2021-29670,5.4,CVSS:3.1/AV:N/AC:L/PR:L/UI:R/S:C/C:L/I:L/A:N,0.5897,0.00495,0,info
CVE-2021-29742,8.0,CVSS:3.1/AV:A/AC:L/PR:L/UI:N/S:U/C:H/I:H/A:H,0.5385,0.00367,0,rce
CVE-2021-29769,4.3,CVSS:3.1/AV:N/AC:L/PR:N/UI:R/S:U/C:L/I:N/A:N,0.7179,0.00511,0,info
CVE-2021-29951,6.5,CVSS:3.1/AV:N/AC:L/PR:N/UI:N/S:U/C:L/I:L/A:N,1.0,0.01852,0,info
CVE-2021-30287,7.5,CVSS:3.1/AV:N/AC:L/PR:N/UI:N/S:U/C:N/I:N/A:H,1.0,0.00568,0,info
CVE-2021-30526,8.8,CVSS:3.1/AV:N/AC:L/PR:N/UI:R/S:U/C:H/I:H/A:H,0.7179,0.00989,0,rce
CVE-2021-30551,8.8,CVSS:3.1/AV:N/AC:L/PR:N/UI:R/S:U/C:H/I:H/A:H,0.7179,0.64701,1,rce
CVE-2021-30581,8.8,CVSS:3.1/AV:N/AC:L/PR:N/UI:R/S:U/C:H/I:H/A:H,0.7179,0.01233,0,rce
CVE-2021-30761,8.8,CVSS:3.1/AV:N/AC:L/PR:N/UI:R/S:U/C:H/I:H/A:H,0.7179,0.10545,1,rce
CVE-2021-30763,5.5,CVSS:3.1/AV:L/AC:L/PR:N/UI:R/S:U/C:N/I:H/A:N,0.4615,0.0083,0,local
CVE-2021-30775,7.8,CVSS:3.1/AV:L/AC:L/PR:N/UI:R/S:U/C:H/I:H/A:H,0.4615,0.01222,0,local
CVE-2021-30915,2.4,CVSS:3.1/AV:P/AC:L/PR:N/UI:N/S:U/C:L/I:N/A:N,0.2308,0.00328,0,local
CVE-2021-31196,7.2,CVSS:3.1/AV:N/AC:L/PR:H/UI:N/S:U/C:H/I:H/A:H,0.3077,0.54056,1,rce
CVE-2021-31294,5.9,CVSS:3.1/AV:N/AC:H/PR:N/UI:N/S:U/C:N/I:N/A:H,0.5641,0.01309,0,info
CVE-2021-31435,7.8,CVSS:3.1/AV:L/AC:L/PR:N/UI:R/S:U/C:H/I:H/A:H,0.4615,0.02761,0,local
CVE-2021-31512,7.8,CVSS:3.1/AV:L/AC:L/PR:N/UI:R/S:U/C:H/I:H/A:H,0.4615,0.01811,0,local
CVE-2021-31613,6.5,CVSS:3.1/AV:A/AC:L/PR:N/UI:N/S:U/C:N/I:N/A:H,0.7179,0.00575,0,info
CVE-2021-31617,9.8,CVSS:3.1/AV:N/AC:L/PR:N/UI:N/S:U/C:H/I:H/A:H,1.0,0.02089,0,rce
CVE-2021-31679,6.5,CVSS:3.1/AV:N/AC:L/PR:N/UI:R/S:U/C:N/I:H/A:N,0.7179,0.00564,0,rce
CVE-2021-31680,7.8,CVSS:3.1/AV:L/AC:L/PR:N/UI:R/S:U/C:H/I:H/A:H,0.4615,0.0042,0,local
CVE-2021-31785,6.5,CVSS:3.1/AV:A/AC:L/PR:N/UI:N/S:U/C:N/I:N/A:H,0.7179,0.00443,0,info
CVE-2021-31826,7.5,CVSS:3.1/AV:N/AC:L/PR:N/UI:N/S:U/C:N/I:N/A:H,1.0,0.02,0,info
CVE-2021-31909,9.8,CVSS:3.1/AV:N/AC:L/PR:N/UI:N/S:U/C:H/I:H/A:H,1.0,0.03207,0,rce
CVE-2021-32465,8.8,CVSS:3.1/AV:N/AC:L/PR:L/UI:N/S:U/C:H/I:H/A:H,0.7179,0.04341,0,rce
CVE-2021-3287,9.8,CVSS:3.1/AV:N/AC:L/PR:N/UI:N/S:U/C:H/I:H/A:H,1.0,0.51332,0,rce
CVE-2021-32964,5.3,CVSS:3.1/AV:N/AC:L/PR:N/UI:N/S:U/C:L/I:N/A:N,1.0,0.00836,0,info
CVE-2021-33009,7.5,CVSS:3.1/AV:N/AC:L/PR:N/UI:N/S:U/C:N/I:H/A:N,1.0,0.01251,0,rce
CVE-2021-33499,7.5,CVSS:3.1/AV:N/AC:L/PR:N/UI:N/S:U/C:N/I:N/A:H,1.0,0.01245,0,info
CVE-2021-33560,7.5,CVSS:3.1/AV:N/AC:L/PR:N/UI:N/S:U/C:H/I:N/A:N,1.0,0.02342,0,info
CVE-2021-33589,7.5,CVSS:3.1/AV:N/AC:L/PR:N/UI:N/S:U/C:H/I:N/A:N,1.0,0.00492,0,info
CVE-2021-33631,7.8,CVSS:3.1/AV:L/AC:L/PR:L/UI:N/S:U/C:H/I:H/A:H,0.4615,0.00371,0,local
CVE-2021-33766,7.3,CVSS:3.1/AV:N/AC:L/PR:N/UI:N/S:U/C:L/I:L/A:L,1.0,0.98136,1,info
CVE-2021-33983,7.8,CVSS:3.1/AV:L/AC:L/PR:L/UI:N/S:U/C:H/I:H/A:H,0.4615,0.00313,0,local
CVE-2021-34360,8.8,CVSS:3.1/AV:N/AC:L/PR:N/UI:R/S:U/C:H/I:H/A:H,0.7179,0.00471,0,rce
CVE-2021-34423,9.8,CVSS:3.1/AV:N/AC:L/PR:N/UI:N/S:U/C:H/I:H/A:H,1.0,0.03268,0,rce
CVE-2021-34434,5.3,CVSS:3.1/AV:N/AC:L/PR:N/UI:N/S:U/C:L/I:N/A:N,1.0,0.0133,0,info
CVE-2021-34486,7.8,CVSS:3.1/AV:L/AC:L/PR:L/UI:N/S:U/C:H/I:H/A:H,0.4615,0.09253,1,local
CVE-2021-34524,8.1,CVSS:3.1/AV:N/AC:L/PR:L/UI:N/S:U/C:H/I:H/A:N,0.7179,0.03586,0,rce
CVE-2021-34586,7.5,CVSS:3.1/AV:N/AC:L/PR:N/UI:N/S:U/C:N/I:N/A:H,1.0,0.14109,0,info
CVE-2021-34718,8.1,CVSS:3.1/AV:N/AC:L/PR:L/UI:N/S:U/C:H/I:H/A:N,0.7179,0.01581,0,rce
CVE-2021-34737,7.5,CVSS:3.1/AV:N/AC:L/PR:N/UI:N/S:U/C:N/I:N/A:H,1.0,0.01328,0,info
CVE-2021-34781,7.5,CVSS:3.1/AV:N/AC:L/PR:N/UI:N/S:U/C:N/I:N/A:H,1.0,0.01391,0,info
CVE-2021-35211,10.0,CVSS:3.1/AV:N/AC:L/PR:N/UI:N/S:C/C:H/I:H/A:H,1.0,0.9116,1,rce
CVE-2021-35236,5.3,CVSS:3.1/AV:N/AC:L/PR:N/UI:N/S:U/C:L/I:N/A:N,1.0,0.00519,0,info
CVE-2021-35247,5.3,CVSS:3.1/AV:N/AC:L/PR:N/UI:N/S:U/C:N/I:L/A:N,1.0,0.03453,1,info
CVE-2021-35388,5.4,CVSS:3.1/AV:N/AC:L/PR:L/UI:R/S:C/C:L/I:L/A:N,0.5897,0.00446,0,info
CVE-2021-35395,9.8,CVSS:3.1/AV:N/AC:L/PR:N/UI:N/S:U/C:H/I:H/A:H,1.0,0.97961,1,rce
CVE-2021-35464,9.8,CVSS:3.1/AV:N/AC:L/PR:N/UI:N/S:U/C:H/I:H/A:H,1.0,0.99999,1,rce
CVE-2021-35587,9.8,CVSS:3.1/AV:N/AC:L/PR:N/UI:N/S:U/C:H/I:H/A:H,1.0,0.96284,1,rce
CVE-2021-35649,5.4,CVSS:3.1/AV:N/AC:L/PR:L/UI:N/S:U/C:L/I:N/A:L,0.7179,0.00805,0,info
CVE-2021-35947,5.3,CVSS:3.1/AV:N/AC:L/PR:N/UI:N/S:U/C:L/I:N/A:N,1.0,0.01267,0,info
CVE-2021-3608,6.0,CVSS:3.1/AV:L/AC:L/PR:H/UI:N/S:C/C:N/I:N/A:H,0.3846,0.00363,0,local
CVE-2021-36145,7.5,CVSS:3.1/AV:N/AC:L/PR:N/UI:N/S:U/C:N/I:N/A:H,1.0,0.00961,0,info
CVE-2021-3617,7.2,CVSS:3.1/AV:N/AC:L/PR:H/UI:N/S:U/C:H/I:H/A:H,0.3077,0.01666,0,rce
CVE-2021-36334,6.8,CVSS:3.1/AV:N/AC:L/PR:H/UI:R/S:U/C:H/I:H/A:H,0.2308,0.00726,0,rce
CVE-2021-36569,8.8,CVSS:3.1/AV:N/AC:L/PR:N/UI:R/S:U/C:H/I:H/A:H,0.7179,0.00428,0,rce
CVE-2021-36721,5.3,CVSS:3.1/AV:N/AC:L/PR:N/UI:N/S:U/C:L/I:N/A:N,1.0,0.00444,0,info
CVE-2021-36723,7.5,CVSS:3.1/AV:N/AC:L/PR:N/UI:N/S:U/C:H/I:N/A:N,1.0,0.0053,0,info
CVE-2021-36742,7.8,CVSS:3.1/AV:L/AC:L/PR:L/UI:N/S:U/C:H/I:H/A:H,0.4615,0.01482,1,local
CVE-2021-36786,7.5,CVSS:3.1/AV:N/AC:L/PR:N/UI:N/S:U/C:H/I:N/A:N,1.0,0.00996,0,info
CVE-2021-36916,9.8,CVSS:3.1/AV:N/AC:L/PR:N/UI:N/S:U/C:H/I:H/A:H,1.0,0.01861,0,rce
CVE-2021-36934,7.8,CVSS:3.1/AV:L/AC:L/PR:L/UI:N/S:U/C:H/I:H/A:H,0.4615,0.67252,1,local
CVE-2021-37036,5.5,CVSS:3.1/AV:L/AC:L/PR:L/UI:N/S:U/C:H/I:N/A:N,0.4615,0.00172,0,local
CVE-2021-37133,7.5,CVSS:3.1/AV:N/AC:L/PR:N/UI:N/S:U/C:H/I:N/A:N,1.0,0.00679,0,info
CVE-2021-37213,4.3,CVSS:3.1/AV:N/AC:L/PR:L/UI:N/S:U/C:L/I:N/A:N,0.7179,0.00764,0,info
CVE-2021-37415,9.8,CVSS:3.1/AV:N/AC:L/PR:N/UI:N/S:U/C:H/I:H/A:H,1.0,0.99825,1,rce
CVE-2021-37640,5.5,CVSS:3.1/AV:L/AC:L/PR:L/UI:N/S:U/C:N/I:N/A:H,0.4615,0.00152,0,local
CVE-2021-37759,9.8,CVSS:3.1/AV:N/AC:L/PR:N/UI:N/S:U/C:H/I:H/A:H,1.0,0.01286,0,rce
CVE-2021-37942,7.8,CVSS:3.1/AV:L/AC:L/PR:L/UI:N/S:U/C:H/I:H/A:H,0.4615,0.00249,0,local
CVE-2021-37975,8.8,CVSS:3.1/AV:N/AC:L/PR:N/UI:R/S:U/C:H/I:H/A:H,0.7179,0.34887,1,rce
CVE-2021-3798,5.5,CVSS:3.1/AV:L/AC:L/PR:L/UI:N/S:U/C:H/I:N/A:N,0.4615,0.00274,0,local
CVE-2021-38419,7.8,CVSS:3.1/AV:L/AC:L/PR:N/UI:R/S:U/C:H/I:H/A:H,0.4615,0.00912,0,local
CVE-2021-38486,8.5,CVSS:3.1/AV:N/AC:H/PR:L/UI:N/S:C/C:H/I:H/A:H,0.4615,0.00799,0,rce
CVE-2021-38559,6.1,CVSS:3.1/AV:N/AC:L/PR:N/UI:R/S:C/C:L/I:L/A:N,0.7179,0.01005,0,info
CVE-2021-38568,9.8,CVSS:3.1/AV:N/AC:L/PR:N/UI:N/S:U/C:H/I:H/A:H,1.0,0.01087,0,rce
CVE-2021-38649,7.0,CVSS:3.1/AV:L/AC:H/PR:L/UI:N/S:U/C:H/I:H/A:H,0.2564,0.02887,1,local
CVE-2021-38840,9.8,CVSS:3.1/AV:N/AC:L/PR:N/UI:N/S:U/C:H/I:H/A:H,1.0,0.02548,0,rce
CVE-2021-39043,5.4,CVSS:3.1/AV:N/AC:L/PR:L/UI:R/S:C/C:L/I:L/A:N,0.5897,0.00472,0,info
CVE-2021-39055,5.4,CVSS:3.1/AV:N/AC:L/PR:L/UI:R/S:C/C:L/I:L/A:N,0.5897,0.0048,0,info
CVE-2021-39057,8.1,CVSS:3.1/AV:N/AC:L/PR:L/UI:N/S:U/C:H/I:H/A:N,0.7179,0.00486,0,rce
CVE-2021-39144,8.5,CVSS:3.1/AV:N/AC:H/PR:L/UI:N/S:C/C:H/I:H/A:H,0.4615,0.98124,1,rce
CVE-2021-39271,8.8,CVSS:3.1/AV:N/AC:L/PR:L/UI:N/S:U/C:H/I:H/A:H,0.7179,0.03679,0,rce
CVE-2021-39317,8.8,CVSS:3.1/AV:N/AC:L/PR:L/UI:N/S:U/C:H/I:H/A:H,0.7179,0.01706,0,rce
CVE-2021-39377,9.8,CVSS:3.1/AV:N/AC:L/PR:N/UI:N/S:U/C:H/I:H/A:H,1.0,0.03604,0,rce
CVE-2021-39666,5.5,CVSS:3.1/AV:L/AC:L/PR:L/UI:N/S:U/C:H/I:N/A:N,0.4615,0.00111,0,local
CVE-2021-39696,7.8,CVSS:3.1/AV:L/AC:L/PR:N/UI:R/S:U/C:H/I:H/A:H,0.4615,0.00236,0,local
CVE-2021-39896,3.8,CVSS:3.1/AV:N/AC:L/PR:H/UI:N/S:U/C:L/I:L/A:N,0.3077,0.00618,0,info
CVE-2021-39939,6.5,CVSS:3.1/AV:N/AC:L/PR:L/UI:N/S:U/C:N/I:N/A:H,0.7179,0.00907,0,info
CVE-2021-39982,9.1,CVSS:3.1/AV:N/AC:L/PR:N/UI:N/S:U/C:H/I:H/A:N,1.0,0.00637,0,rce
CVE-2021-40008,7.5,CVSS:3.1/AV:N/AC:L/PR:N/UI:N/S:U/C:N/I:N/A:H,1.0,0.00655,0,info
CVE-2021-40021,7.5,CVSS:3.1/AV:N/AC:L/PR:N/UI:N/S:U/C:H/I:N/A:N,1.0,0.00672,0,info
CVE-2021-40036,9.8,CVSS:3.1/AV:N/AC:L/PR:N/UI:N/S:U/C:H/I:H/A:H,1.0,0.01006,0,rce
CVE-2021-40438,9.0,CVSS:3.1/AV:N/AC:H/PR:N/UI:N/S:C/C:H/I:H/A:H,0.5641,0.99999,1,rce
CVE-2021-40562,5.5,CVSS:3.1/AV:L/AC:L/PR:N/UI:R/S:U/C:N/I:N/A:H,0.4615,0.00847,0,local
CVE-2021-40566,5.5,CVSS:3.1/AV:L/AC:L/PR:N/UI:R/S:U/C:N/I:N/A:H,0.4615,0.00834,0,local
CVE-2021-40731,7.8,CVSS:3.0/AV:L/AC:L/PR:N/UI:R/S:U/C:H/I:H/A:H,0.4615,0.08264,0,local
CVE-2021-40870,9.8,CVSS:3.1/AV:N/AC:L/PR:N/UI:N/S:U/C:H/I:H/A:H,1.0,0.93019,1,rce
CVE-2021-4089,4.3,CVSS:3.1/AV:N/AC:L/PR:L/UI:N/S:U/C:L/I:N/A:N,0.7179,0.00697,0,info
CVE-2021-40959,6.1,CVSS:3.1/AV:N/AC:L/PR:N/UI:R/S:C/C:L/I:L/A:N,0.7179,0.00233,0,info
CVE-2021-41151,4.9,CVSS:3.1/AV:N/AC:L/PR:H/UI:N/S:U/C:H/I:N/A:N,0.3077,0.01315,0,info
CVE-2021-41156,5.4,CVSS:3.1/AV:N/AC:L/PR:L/UI:R/S:C/C:L/I:L/A:N,0.5897,0.00494,0,info
CVE-2021-41276,7.2,CVSS:3.1/AV:N/AC:L/PR:H/UI:N/S:U/C:H/I:H/A:H,0.3077,0.0148,0,rce
CVE-2021-41309,5.3,CVSS:3.1/AV:N/AC:L/PR:N/UI:N/S:U/C:L/I:N/A:N,1.0,0.00804,0,info
CVE-2021-41342,6.8,CVSS:3.1/AV:N/AC:H/PR:N/UI:R/S:U/C:H/I:H/A:N,0.4103,0.01629,0,rce
CVE-2021-41346,5.3,CVSS:3.1/AV:L/AC:L/PR:L/UI:N/S:U/C:L/I:L/A:L,0.4615,0.00552,0,local
CVE-2021-41379,5.5,CVSS:3.1/AV:L/AC:L/PR:L/UI:N/S:U/C:N/I:N/A:H,0.4615,0.19452,1,local
CVE-2021-41396,7.5,CVSS:3.1/AV:N/AC:L/PR:N/UI:N/S:U/C:N/I:N/A:H,1.0,0.01335,0,info
CVE-2021-41511,9.8,CVSS:3.1/AV:N/AC:L/PR:N/UI:N/S:U/C:H/I:H/A:H,1.0,0.03342,0,rce
CVE-2021-41749,9.8,CVSS:3.1/AV:N/AC:L/PR:N/UI:N/S:U/C:H/I:H/A:H,1.0,0.18122,0,rce
CVE-2021-41773,9.8,CVSS:3.1/AV:N/AC:L/PR:N/UI:N/S:U/C:H/I:H/A:H,1.0,0.99992,1,rce
CVE-2021-42013,9.8,CVSS:3.1/AV:N/AC:L/PR:N/UI:N/S:U/C:H/I:H/A:H,1.0,0.99964,1,rce
CVE-2021-42218,7.5,CVSS:3.1/AV:N/AC:L/PR:N/UI:N/S:U/C:N/I:N/A:H,1.0,0.01066,0,info
CVE-2021-42232,9.8,CVSS:3.1/AV:N/AC:L/PR:N/UI:N/S:U/C:H/I:H/A:H,1.0,0.04256,0,rce
CVE-2021-42258,9.8,CVSS:3.1/AV:N/AC:L/PR:N/UI:N/S:U/C:H/I:H/A:H,1.0,0.74426,1,rce
CVE-2021-42292,7.8,CVSS:3.1/AV:L/AC:L/PR:N/UI:R/S:U/C:H/I:H/A:H,0.4615,0.43005,1,local
CVE-2021-42562,8.1,CVSS:3.1/AV:N/AC:L/PR:L/UI:N/S:U/C:H/I:H/A:N,0.7179,0.0119,0,rce
CVE-2021-42723,7.8,CVSS:3.1/AV:L/AC:L/PR:N/UI:R/S:U/C:H/I:H/A:H,0.4615,0.02474,0,local
CVE-2021-42728,7.8,CVSS:3.1/AV:L/AC:L/PR:N/UI:R/S:U/C:H/I:H/A:H,0.4615,0.03972,0,local
CVE-2021-42884,9.8,CVSS:3.1/AV:N/AC:L/PR:N/UI:N/S:U/C:H/I:H/A:H,1.0,0.02428,0,rce
CVE-2021-43062,6.1,CVSS:3.1/AV:N/AC:L/PR:N/UI:R/S:C/C:L/I:L/A:N,0.7179,0.12936,0,info
CVE-2021-43209,7.8,CVSS:3.1/AV:L/AC:L/PR:N/UI:R/S:U/C:H/I:H/A:H,0.4615,0.06771,0,local
CVE-2021-43297,9.8,CVSS:3.1/AV:N/AC:L/PR:N/UI:N/S:U/C:H/I:H/A:H,1.0,0.16969,0,rce
CVE-2021-43389,5.5,CVSS:3.1/AV:L/AC:L/PR:L/UI:N/S:U/C:N/I:N/A:H,0.4615,0.00719,0,local
CVE-2021-43512,5.5,CVSS:3.1/AV:L/AC:L/PR:L/UI:N/S:U/C:H/I:N/A:N,0.4615,0.00244,0,local
CVE-2021-43570,9.8,CVSS:3.1/AV:N/AC:L/PR:N/UI:N/S:U/C:H/I:H/A:H,1.0,0.01027,0,rce
CVE-2021-43692,6.1,CVSS:3.1/AV:N/AC:L/PR:N/UI:R/S:C/C:L/I:L/A:N,0.7179,0.00662,0,info
CVE-2021-43814,7.8,CVSS:3.1/AV:L/AC:L/PR:N/UI:R/S:U/C:H/I:H/A:H,0.4615,0.00846,0,local
CVE-2021-4386,4.3,CVSS:3.1/AV:N/AC:L/PR:N/UI:R/S:U/C:N/I:L/A:N,0.7179,0.00384,0,info
CVE-2021-4400,4.3,CVSS:3.1/AV:N/AC:L/PR:N/UI:R/S:U/C:N/I:L/A:N,0.7179,0.0039,0,info
CVE-2021-44026,9.8,CVSS:3.1/AV:N/AC:L/PR:N/UI:N/S:U/C:H/I:H/A:H,1.0,0.69882,1,rce
CVE-2021-44255,7.2,CVSS:3.1/AV:N/AC:L/PR:H/UI:N/S:U/C:H/I:H/A:H,0.3077,0.03138,0,rce
CVE-2021-44431,3.3,CVSS:3.1/AV:L/AC:L/PR:N/UI:R/S:U/C:L/I:N/A:N,0.4615,0.0053,0,local
CVE-2021-44444,3.3,CVSS:3.1/AV:L/AC:L/PR:N/UI:R/S:U/C:L/I:N/A:N,0.4615,0.011,0,local
CVE-2021-44448,3.3,CVSS:3.1/AV:L/AC:L/PR:N/UI:R/S:U/C:L/I:N/A:N,0.4615,0.0053,0,local
CVE-2021-44500,7.5,CVSS:3.1/AV:N/AC:L/PR:N/UI:N/S:U/C:N/I:N/A:H,1.0,0.01709,0,info
CVE-2021-44529,9.8,CVSS:3.1/AV:N/AC:L/PR:N/UI:N/S:U/C:H/I:H/A:H,1.0,0.99105,1,rce
CVE-2021-4460,7.1,CVSS:3.1/AV:L/AC:L/PR:L/UI:N/S:U/C:H/I:N/A:H,0.4615,0.00163,0,local
CVE-2021-44900,7.8,CVSS:3.1/AV:L/AC:L/PR:L/UI:N/S:U/C:H/I:H/A:H,0.4615,0.00258,0,local
CVE-2021-45097,5.5,CVSS:3.1/AV:L/AC:L/PR:L/UI:N/S:U/C:H/I:N/A:N,0.4615,0.00216,0,local
CVE-2021-45345,7.5,CVSS:3.1/AV:N/AC:L/PR:N/UI:N/S:U/C:N/I:N/A:H,1.0,0.01325,0,info
CVE-2021-45480,5.5,CVSS:3.1/AV:L/AC:L/PR:L/UI:N/S:U/C:N/I:N/A:H,0.4615,0.00353,0,local
CVE-2021-45584,8.4,CVSS:3.1/AV:A/AC:L/PR:H/UI:N/S:C/C:H/I:H/A:H,0.4359,0.0058,0,rce
CVE-2021-45806,8.8,CVSS:3.1/AV:N/AC:L/PR:L/UI:N/S:U/C:H/I:H/A:H,0.7179,0.01355,0,rce
CVE-2021-45812,6.1,CVSS:3.1/AV:N/AC:L/PR:N/UI:R/S:C/C:L/I:L/A:N,0.7179,0.008,0,info
CVE-2021-45978,7.8,CVSS:3.1/AV:L/AC:L/PR:N/UI:R/S:U/C:H/I:H/A:H,0.4615,0.015,0,local
CVE-2021-46444,9.8,CVSS:3.1/AV:N/AC:L/PR:N/UI:N/S:U/C:H/I:H/A:H,1.0,0.01195,0,rce
CVE-2021-46539,5.5,CVSS:3.1/AV:L/AC:L/PR:N/UI:R/S:U/C:N/I:N/A:H,0.4615,0.00614,0,local
CVE-2021-46594,5.5,CVSS:3.1/AV:L/AC:L/PR:N/UI:R/S:U/C:H/I:N/A:N,0.4615,0.01699,0,local
CVE-2021-46627,7.8,CVSS:3.1/AV:L/AC:L/PR:N/UI:R/S:U/C:H/I:H/A:H,0.4615,0.02005,0,local
CVE-2021-46676,6.1,CVSS:3.1/AV:N/AC:L/PR:N/UI:R/S:C/C:L/I:L/A:N,0.7179,0.00412,0,info
CVE-2021-46885,7.5,CVSS:3.1/AV:N/AC:L/PR:N/UI:N/S:U/C:N/I:N/A:H,1.0,0.00434,0,info
CVE-2021-46943,7.8,CVSS:3.1/AV:L/AC:L/PR:L/UI:N/S:U/C:H/I:H/A:H,0.4615,0.00234,0,local
CVE-2021-46950,7.8,CVSS:3.1/AV:L/AC:L/PR:L/UI:N/S:U/C:H/I:H/A:H,0.4615,0.00248,0,local
CVE-2021-47025,7.8,CVSS:3.1/AV:L/AC:L/PR:L/UI:N/S:U/C:H/I:H/A:H,0.4615,0.0023,0,local
CVE-2021-47463,5.5,CVSS:3.1/AV:L/AC:L/PR:L/UI:N/S:U/C:N/I:N/A:H,0.4615,0.0018,0,local
CVE-2021-47713,7.5,CVSS:3.1/AV:N/AC:L/PR:N/UI:N/S:U/C:N/I:N/A:H,1.0,0.00481,0,info
CVE-2021-47756,8.4,CVSS:3.1/AV:L/AC:L/PR:N/UI:N/S:U/C:H/I:H/A:H,0.641,0.00206,0,local
CVE-2021-47856,6.4,CVSS:3.1/AV:N/AC:L/PR:L/UI:N/S:C/C:L/I:L/A:N,0.7949,0.00324,0,info
CVE-2022-0011,6.5,CVSS:3.1/AV:N/AC:L/PR:L/UI:N/S:U/C:N/I:H/A:N,0.7179,0.00663,0,rce
CVE-2022-0020,5.4,CVSS:3.1/AV:N/AC:L/PR:L/UI:R/S:C/C:L/I:L/A:N,0.5897,0.01711,0,info
CVE-2022-0181,6.1,CVSS:3.1/AV:N/AC:L/PR:N/UI:R/S:C/C:L/I:L/A:N,0.7179,0.01277,0,info
CVE-2022-0847,7.8,CVSS:3.1/AV:L/AC:L/PR:L/UI:N/S:U/C:H/I:H/A:H,0.4615,0.92795,1,local
CVE-2022-0854,5.5,CVSS:3.1/AV:L/AC:L/PR:L/UI:N/S:U/C:H/I:N/A:N,0.4615,0.00462,0,local
CVE-2022-0902,9.8,CVSS:3.1/AV:N/AC:L/PR:N/UI:N/S:U/C:H/I:H/A:H,1.0,0.16459,0,rce
CVE-2022-0996,6.5,CVSS:3.1/AV:N/AC:L/PR:L/UI:N/S:U/C:H/I:N/A:N,0.7179,0.01531,0,info
CVE-2022-1043,8.8,CVSS:3.1/AV:L/AC:L/PR:L/UI:N/S:C/C:H/I:H/A:H,0.5128,0.03865,0,local
CVE-2022-1070,8.1,CVSS:3.1/AV:N/AC:H/PR:N/UI:N/S:U/C:H/I:H/A:H,0.5641,0.0064,0,rce
CVE-2022-1386,9.8,CVSS:3.1/AV:N/AC:L/PR:N/UI:N/S:U/C:H/I:H/A:H,1.0,0.71427,0,rce
CVE-2022-1395,4.8,CVSS:3.1/AV:N/AC:L/PR:H/UI:R/S:C/C:L/I:L/A:N,0.4359,0.00588,0,info
CVE-2022-1571,6.1,CVSS:3.1/AV:N/AC:L/PR:N/UI:R/S:C/C:L/I:L/A:N,0.7179,0.0087,0,info
CVE-2022-1633,8.8,CVSS:3.1/AV:N/AC:L/PR:N/UI:R/S:U/C:H/I:H/A:H,0.7179,0.00813,0,rce
CVE-2022-20068,6.7,CVSS:3.1/AV:L/AC:L/PR:H/UI:N/S:U/C:H/I:H/A:H,0.2051,0.00128,0,local
CVE-2022-20091,6.4,CVSS:3.1/AV:L/AC:H/PR:H/UI:N/S:U/C:H/I:H/A:H,0.1282,0.00084,0,local
CVE-2022-20229,9.8,CVSS:3.1/AV:N/AC:L/PR:N/UI:N/S:U/C:H/I:H/A:H,1.0,0.03021,0,rce
CVE-2022-20338,3.3,CVSS:3.1/AV:L/AC:L/PR:L/UI:N/S:U/C:N/I:L/A:N,0.4615,0.00221,0,local
CVE-2022-2036,5.4,CVSS:3.1/AV:N/AC:L/PR:L/UI:R/S:C/C:L/I:L/A:N,0.5897,0.00888,0,info
CVE-2022-20433,7.8,CVSS:3.1/AV:L/AC:L/PR:L/UI:N/S:U/C:H/I:H/A:H,0.4615,0.00162,0,local
CVE-2022-20435,7.8,CVSS:3.1/AV:L/AC:L/PR:L/UI:N/S:U/C:H/I:H/A:H,0.4615,0.00162,0,local
CVE-2022-20479,7.8,CVSS:3.1/AV:L/AC:L/PR:L/UI:N/S:U/C:H/I:H/A:H,0.4615,0.00173,0,local
CVE-2022-20562,3.3,CVSS:3.1/AV:L/AC:L/PR:L/UI:N/S:U/C:L/I:N/A:N,0.4615,0.00174,0,local
CVE-2022-20637,6.1,CVSS:3.1/AV:N/AC:L/PR:N/UI:R/S:C/C:L/I:L/A:N,0.7179,0.00759,0,info
CVE-2022-20703,8.0,CVSS:3.1/AV:A/AC:L/PR:N/UI:R/S:U/C:H/I:H/A:H,0.5385,0.09203,1,rce
CVE-2022-20767,7.5,CVSS:3.1/AV:N/AC:L/PR:N/UI:N/S:U/C:N/I:N/A:H,1.0,0.01671,0,info
CVE-2022-20876,7.2,CVSS:3.1/AV:N/AC:L/PR:H/UI:N/S:U/C:H/I:H/A:H,0.3077,0.01293,0,rce
CVE-2022-21583,6.4,CVSS:3.1/AV:N/AC:H/PR:L/UI:N/S:U/C:H/I:L/A:L,0.4103,0.00591,0,info
CVE-2022-21816,5.5,CVSS:3.1/AV:L/AC:L/PR:L/UI:N/S:U/C:N/I:N/A:H,0.4615,0.0019,0,local
CVE-2022-22071,7.8,CVSS:3.1/AV:L/AC:L/PR:L/UI:N/S:U/C:H/I:H/A:H,0.4615,0.00455,1,local
CVE-2022-22239,8.8,CVSS:3.1/AV:L/AC:L/PR:L/UI:N/S:C/C:H/I:H/A:H,0.5128,0.00184,0,local
CVE-2022-22326,3.3,CVSS:3.1/AV:L/AC:L/PR:L/UI:N/S:U/C:L/I:N/A:N,0.4615,0.00201,0,local
CVE-2022-22520,5.3,CVSS:3.1/AV:N/AC:L/PR:N/UI:N/S:U/C:L/I:N/A:N,1.0,0.00985,0,info
CVE-2022-22539,6.5,CVSS:3.1/AV:N/AC:L/PR:N/UI:R/S:U/C:N/I:N/A:H,0.7179,0.01041,0,info
CVE-2022-22594,6.5,CVSS:3.1/AV:N/AC:L/PR:N/UI:R/S:U/C:H/I:N/A:N,0.7179,0.00885,0,info
CVE-2022-22674,5.5,CVSS:3.1/AV:L/AC:L/PR:L/UI:N/S:U/C:H/I:N/A:N,0.4615,0.01133,1,local
CVE-2022-22821,4.4,CVSS:3.1/AV:L/AC:L/PR:H/UI:N/S:U/C:N/I:H/A:N,0.2051,0.003,0,local
CVE-2022-22947,10.0,CVSS:3.1/AV:N/AC:L/PR:N/UI:N/S:C/C:H/I:H/A:H,1.0,0.98253,1,rce
CVE-2022-22960,7.8,CVSS:3.1/AV:L/AC:L/PR:L/UI:N/S:U/C:H/I:H/A:H,0.4615,0.35519,1,local
CVE-2022-23134,5.3,CVSS:3.1/AV:N/AC:L/PR:N/UI:N/S:U/C:N/I:L/A:N,1.0,0.9526,1,info
CVE-2022-23176,8.8,CVSS:3.1/AV:N/AC:L/PR:L/UI:N/S:U/C:H/I:H/A:H,0.7179,0.10805,1,rce
CVE-2022-23241,8.1,CVSS:3.1/AV:N/AC:L/PR:L/UI:N/S:U/C:N/I:H/A:H,0.7179,0.00748,0,rce
CVE-2022-23274,8.8,CVSS:3.1/AV:N/AC:L/PR:L/UI:N/S:U/C:H/I:H/A:H,0.7179,0.02145,0,rce
CVE-2022-23391,6.1,CVSS:3.1/AV:N/AC:L/PR:N/UI:R/S:C/C:L/I:L/A:N,0.7179,0.00621,0,info
CVE-2022-23403,5.5,CVSS:3.1/AV:L/AC:L/PR:L/UI:N/S:U/C:N/I:N/A:H,0.4615,0.00195,0,local
CVE-2022-23553,7.5,CVSS:3.1/AV:N/AC:L/PR:N/UI:N/S:U/C:H/I:N/A:N,1.0,0.0084,0,info
CVE-2022-23608,9.8,CVSS:3.1/AV:N/AC:L/PR:N/UI:N/S:U/C:H/I:H/A:H,1.0,0.04055,0,rce
CVE-2022-23617,6.5,CVSS:3.1/AV:N/AC:L/PR:L/UI:N/S:U/C:H/I:N/A:N,0.7179,0.00945,0,info
CVE-2022-23622,6.1,CVSS:3.1/AV:N/AC:L/PR:N/UI:R/S:C/C:L/I:L/A:N,0.7179,0.01008,0,info
CVE-2022-24012,9.8,CVSS:3.1/AV:N/AC:L/PR:N/UI:N/S:U/C:H/I:H/A:H,1.0,0.0124,0,rce
CVE-2022-24112,9.8,CVSS:3.1/AV:N/AC:L/PR:N/UI:N/S:U/C:H/I:H/A:H,1.0,0.96069,1,rce
CVE-2022-24165,9.8,CVSS:3.1/AV:N/AC:L/PR:N/UI:N/S:U/C:H/I:H/A:H,1.0,0.02956,0,rce
CVE-2022-24415,7.8,CVSS:3.1/AV:L/AC:L/PR:L/UI:N/S:U/C:H/I:H/A:H,0.4615,0.00292,0,local
CVE-2022-2468,8.8,CVSS:3.1/AV:N/AC:L/PR:L/UI:N/S:U/C:H/I:H/A:H,0.7179,0.00874,0,rce
CVE-2022-24682,6.1,CVSS:3.1/AV:N/AC:L/PR:N/UI:R/S:C/C:L/I:L/A:N,0.7179,0.30931,1,info
CVE-2022-24691,7.1,CVSS:3.1/AV:N/AC:L/PR:L/UI:N/S:U/C:H/I:L/A:N,0.7179,0.00905,0,info
CVE-2022-24706,9.8,CVSS:3.1/AV:N/AC:L/PR:N/UI:N/S:U/C:H/I:H/A:H,1.0,0.9251,1,rce
CVE-2022-24950,7.5,CVSS:3.1/AV:N/AC:H/PR:L/UI:N/S:U/C:H/I:H/A:H,0.4103,0.01272,0,rce
CVE-2022-24990,7.5,CVSS:3.1/AV:N/AC:L/PR:N/UI:N/S:U/C:H/I:N/A:N,1.0,0.83043,1,info
CVE-2022-25150,7.8,CVSS:3.1/AV:L/AC:L/PR:L/UI:N/S:U/C:H/I:H/A:H,0.4615,0.00453,0,local
CVE-2022-25327,5.5,CVSS:3.1/AV:L/AC:L/PR:L/UI:N/S:U/C:N/I:N/A:H,0.4615,0.00112,0,local
CVE-2022-25511,6.5,CVSS:3.1/AV:N/AC:L/PR:L/UI:N/S:U/C:N/I:H/A:N,0.7179,0.00737,0,rce
CVE-2022-25556,7.5,CVSS:3.1/AV:N/AC:L/PR:N/UI:N/S:U/C:N/I:N/A:H,1.0,0.01238,0,info
CVE-2022-25644,9.8,CVSS:3.1/AV:N/AC:L/PR:N/UI:N/S:U/C:H/I:H/A:H,1.0,0.01548,0,rce
CVE-2022-25660,7.8,CVSS:3.1/AV:L/AC:L/PR:L/UI:N/S:U/C:H/I:H/A:H,0.4615,0.00127,0,local
CVE-2022-25670,7.5,CVSS:3.1/AV:N/AC:L/PR:N/UI:N/S:U/C:N/I:N/A:H,1.0,0.00585,0,info
CVE-2022-25677,7.8,CVSS:3.1/AV:L/AC:L/PR:L/UI:N/S:U/C:H/I:H/A:H,0.4615,0.00126,0,local
CVE-2022-25720,9.8,CVSS:3.1/AV:N/AC:L/PR:N/UI:N/S:U/C:H/I:H/A:H,1.0,0.00458,0,rce
CVE-2022-2591,7.5,CVSS:3.1/AV:N/AC:L/PR:N/UI:N/S:U/C:N/I:N/A:H,1.0,0.08898,0,info
CVE-2022-26138,9.8,CVSS:3.1/AV:N/AC:L/PR:N/UI:N/S:U/C:H/I:H/A:H,1.0,0.9817,1,rce
CVE-2022-26170,9.8,CVSS:3.1/AV:N/AC:L/PR:N/UI:N/S:U/C:H/I:H/A:H,1.0,0.01275,0,rce
CVE-2022-26210,9.8,CVSS:3.1/AV:N/AC:L/PR:N/UI:N/S:U/C:H/I:H/A:H,1.0,0.05693,0,rce
CVE-2022-26258,9.8,CVSS:3.1/AV:N/AC:L/PR:N/UI:N/S:U/C:H/I:H/A:H,1.0,0.91981,1,rce
CVE-2022-2651,9.8,CVSS:3.1/AV:N/AC:L/PR:N/UI:N/S:U/C:H/I:H/A:H,1.0,0.15434,0,rce
CVE-2022-26798,7.8,CVSS:3.1/AV:L/AC:L/PR:L/UI:N/S:U/C:H/I:H/A:H,0.4615,0.00851,0,local
CVE-2022-26940,6.5,CVSS:3.1/AV:N/AC:L/PR:L/UI:N/S:U/C:H/I:N/A:N,0.7179,0.02498,0,info
CVE-2022-27008,7.5,CVSS:3.1/AV:N/AC:L/PR:N/UI:N/S:U/C:N/I:N/A:H,1.0,0.01725,0,info
CVE-2022-27041,7.5,CVSS:3.1/AV:N/AC:L/PR:N/UI:N/S:U/C:H/I:N/A:N,1.0,0.01333,0,info
CVE-2022-27124,9.8,CVSS:3.1/AV:N/AC:L/PR:N/UI:N/S:U/C:H/I:H/A:H,1.0,0.01096,0,rce
CVE-2022-27451,7.5,CVSS:3.1/AV:N/AC:L/PR:N/UI:N/S:U/C:N/I:N/A:H,1.0,0.01663,0,info
CVE-2022-2756,6.5,CVSS:3.1/AV:N/AC:L/PR:L/UI:N/S:U/C:H/I:N/A:N,0.7179,0.03109,0,info
CVE-2022-28077,6.1,CVSS:3.1/AV:N/AC:L/PR:N/UI:R/S:C/C:L/I:L/A:N,0.7179,0.00813,0,info
CVE-2022-28258,5.5,CVSS:3.1/AV:L/AC:L/PR:N/UI:R/S:U/C:H/I:N/A:N,0.4615,0.10121,0,local
CVE-2022-28612,5.4,CVSS:3.1/AV:N/AC:L/PR:L/UI:R/S:C/C:L/I:L/A:N,0.5897,0.00479,0,info
CVE-2022-28630,7.3,CVSS:3.1/AV:L/AC:L/PR:N/UI:R/S:U/C:H/I:H/A:L,0.4615,0.00242,0,local
CVE-2022-28863,8.8,CVSS:3.1/AV:N/AC:L/PR:L/UI:N/S:U/C:H/I:H/A:H,0.7179,0.01285,0,rce
CVE-2022-29105,7.8,CVSS:3.1/AV:L/AC:L/PR:N/UI:R/S:U/C:H/I:H/A:H,0.4615,0.02738,0,local
CVE-2022-29234,4.3,CVSS:3.1/AV:N/AC:L/PR:L/UI:N/S:U/C:N/I:L/A:N,0.7179,0.00817,0,info
CVE-2022-2941,4.8,CVSS:3.1/AV:N/AC:L/PR:H/UI:R/S:C/C:L/I:L/A:N,0.4359,0.07301,0,info
CVE-2022-29416,6.1,CVSS:3.1/AV:N/AC:L/PR:N/UI:R/S:C/C:L/I:L/A:N,0.7179,0.00427,0,info
CVE-2022-29505,7.8,CVSS:3.1/AV:L/AC:L/PR:N/UI:R/S:U/C:H/I:H/A:H,0.4615,0.00488,0,local
CVE-2022-29538,5.3,CVSS:3.1/AV:N/AC:L/PR:N/UI:N/S:U/C:L/I:N/A:N,1.0,0.00865,0,info
CVE-2022-29643,7.5,CVSS:3.1/AV:N/AC:L/PR:N/UI:N/S:U/C:N/I:N/A:H,1.0,0.01157,0,info
CVE-2022-29793,7.5,CVSS:3.1/AV:N/AC:L/PR:N/UI:N/S:U/C:N/I:N/A:H,1.0,0.00926,0,info
CVE-2022-30239,7.8,CVSS:3.1/AV:L/AC:L/PR:L/UI:N/S:U/C:H/I:H/A:H,0.4615,0.00465,0,local
CVE-2022-30243,8.8,CVSS:3.1/AV:N/AC:L/PR:L/UI:N/S:U/C:H/I:H/A:H,0.7179,0.0176,0,rce
CVE-2022-30279,7.5,CVSS:3.1/AV:N/AC:L/PR:N/UI:N/S:U/C:N/I:N/A:H,1.0,0.00972,0,info
CVE-2022-30693,5.3,CVSS:3.1/AV:N/AC:L/PR:N/UI:N/S:U/C:L/I:N/A:N,1.0,0.00897,0,info
CVE-2022-3088,7.8,CVSS:3.1/AV:L/AC:L/PR:L/UI:N/S:U/C:H/I:H/A:H,0.4615,0.00198,0,local
CVE-2022-31099,6.5,CVSS:3.1/AV:N/AC:L/PR:L/UI:N/S:U/C:N/I:N/A:H,0.7179,0.00946,0,info
CVE-2022-31151,6.5,CVSS:3.1/AV:N/AC:L/PR:N/UI:N/S:U/C:L/I:L/A:N,1.0,0.00717,0,info
CVE-2022-31247,9.1,CVSS:3.1/AV:N/AC:L/PR:H/UI:N/S:C/C:H/I:H/A:H,0.5897,0.00978,0,rce
CVE-2022-31390,9.1,CVSS:3.1/AV:N/AC:L/PR:N/UI:N/S:U/C:H/I:H/A:N,1.0,0.01007,0,rce
CVE-2022-3145,4.7,CVSS:3.1/AV:N/AC:L/PR:N/UI:R/S:C/C:N/I:L/A:N,0.7179,0.00413,0,info
CVE-2022-3159,7.8,CVSS:3.1/AV:L/AC:L/PR:N/UI:R/S:U/C:H/I:H/A:H,0.4615,0.00472,0,local
CVE-2022-31624,5.5,CVSS:3.1/AV:L/AC:L/PR:L/UI:N/S:U/C:N/I:N/A:H,0.4615,0.00214,0,local
CVE-2022-31756,5.5,CVSS:3.1/AV:L/AC:L/PR:L/UI:N/S:U/C:H/I:N/A:N,0.4615,0.00164,0,local
CVE-2022-31802,9.8,CVSS:3.1/AV:N/AC:L/PR:N/UI:N/S:U/C:H/I:H/A:H,1.0,0.01301,0,rce
CVE-2022-32030,7.5,CVSS:3.1/AV:N/AC:L/PR:N/UI:N/S:U/C:N/I:N/A:H,1.0,0.01157,0,info
CVE-2022-32031,7.5,CVSS:3.1/AV:N/AC:L/PR:N/UI:N/S:U/C:N/I:N/A:H,1.0,0.01157,0,info
CVE-2022-32142,8.1,CVSS:3.1/AV:N/AC:L/PR:L/UI:N/S:U/C:N/I:H/A:H,0.7179,0.01053,0,rce
CVE-2022-32168,7.8,CVSS:3.1/AV:L/AC:L/PR:N/UI:R/S:U/C:H/I:H/A:H,0.4615,0.0075,0,local
CVE-2022-32392,8.8,CVSS:3.1/AV:N/AC:L/PR:L/UI:N/S:U/C:H/I:H/A:H,0.7179,0.01261,0,rce
CVE-2022-32617,6.8,CVSS:3.1/AV:P/AC:L/PR:N/UI:N/S:U/C:H/I:H/A:H,0.2308,0.00211,0,local
CVE-2022-32832,6.7,CVSS:3.1/AV:L/AC:L/PR:H/UI:N/S:U/C:H/I:H/A:H,0.2051,0.00995,0,local
CVE-2022-32893,8.8,CVSS:3.1/AV:N/AC:L/PR:N/UI:R/S:U/C:H/I:H/A:H,0.7179,0.09931,1,rce
CVE-2022-32961,6.8,CVSS:3.1/AV:P/AC:L/PR:N/UI:N/S:U/C:H/I:H/A:H,0.2308,0.00235,0,local
CVE-2022-32997,9.8,CVSS:3.1/AV:N/AC:L/PR:N/UI:N/S:U/C:H/I:H/A:H,1.0,0.02,0,rce
CVE-2022-33011,8.8,CVSS:3.1/AV:N/AC:L/PR:N/UI:R/S:U/C:H/I:H/A:H,0.7179,0.01525,0,rce
CVE-2022-33235,7.5,CVSS:3.1/AV:N/AC:L/PR:N/UI:N/S:U/C:H/I:N/A:N,1.0,0.00389,0,info
CVE-2022-33694,3.3,CVSS:3.1/AV:L/AC:L/PR:L/UI:N/S:U/C:L/I:N/A:N,0.4615,0.00099,0,local
CVE-2022-33726,3.3,CVSS:3.1/AV:L/AC:L/PR:L/UI:N/S:U/C:N/I:L/A:N,0.4615,0.0009,0,local
CVE-2022-3392,4.8,CVSS:3.1/AV:N/AC:L/PR:H/UI:R/S:C/C:L/I:L/A:N,0.4359,0.00618,0,info
CVE-2022-33939,7.5,CVSS:3.1/AV:N/AC:L/PR:N/UI:N/S:U/C:N/I:N/A:H,1.0,0.01174,0,info
CVE-2022-33947,6.5,CVSS:3.1/AV:N/AC:L/PR:L/UI:N/S:U/C:N/I:N/A:H,0.7179,0.00685,0,info
CVE-2022-34047,7.5,CVSS:3.1/AV:N/AC:L/PR:N/UI:N/S:U/C:H/I:N/A:N,1.0,0.21815,0,info
CVE-2022-34171,5.4,CVSS:3.1/AV:N/AC:L/PR:L/UI:R/S:C/C:L/I:L/A:N,0.5897,0.01431,0,info
CVE-2022-34181,9.1,CVSS:3.1/AV:N/AC:L/PR:N/UI:N/S:U/C:H/I:H/A:N,1.0,0.01312,0,rce
CVE-2022-34259,5.3,CVSS:3.1/AV:N/AC:L/PR:N/UI:N/S:U/C:N/I:N/A:L,1.0,0.01582,0,info
CVE-2022-34474,6.1,CVSS:3.1/AV:N/AC:L/PR:N/UI:R/S:C/C:L/I:L/A:N,0.7179,0.00406,0,info
CVE-2022-34482,8.8,CVSS:3.1/AV:N/AC:L/PR:N/UI:R/S:U/C:H/I:H/A:H,0.7179,0.00721,0,rce
CVE-2022-34605,9.8,CVSS:3.1/AV:N/AC:L/PR:N/UI:N/S:U/C:H/I:H/A:H,1.0,0.01152,0,rce
CVE-2022-34724,7.5,CVSS:3.1/AV:N/AC:L/PR:N/UI:N/S:U/C:N/I:N/A:H,1.0,0.03704,0,info
CVE-2022-34789,6.5,CVSS:3.1/AV:N/AC:L/PR:N/UI:R/S:U/C:N/I:H/A:N,0.7179,0.00523,0,rce
CVE-2022-34945,9.8,CVSS:3.1/AV:N/AC:L/PR:N/UI:N/S:U/C:H/I:H/A:H,1.0,0.00914,0,rce
CVE-2022-35268,7.5,CVSS:3.1/AV:N/AC:L/PR:N/UI:N/S:U/C:N/I:N/A:H,1.0,0.00948,0,info
CVE-2022-3543,5.5,CVSS:3.1/AV:L/AC:L/PR:L/UI:N/S:U/C:N/I:N/A:H,0.4615,0.00272,0,local
CVE-2022-3546,4.8,CVSS:3.1/AV:N/AC:L/PR:H/UI:R/S:C/C:L/I:L/A:N,0.4359,0.00587,0,info
CVE-2022-35499,7.1,CVSS:3.1/AV:N/AC:L/PR:N/UI:R/S:C/C:L/I:L/A:L,0.7179,0.00287,0,info
CVE-2022-35805,8.8,CVSS:3.1/AV:N/AC:L/PR:L/UI:N/S:U/C:H/I:H/A:H,0.7179,0.03017,0,rce
CVE-2022-35914,9.8,CVSS:3.1/AV:N/AC:L/PR:N/UI:N/S:U/C:H/I:H/A:H,1.0,0.9988,1,rce
CVE-2022-36073,8.8,CVSS:3.1/AV:N/AC:L/PR:L/UI:N/S:U/C:H/I:H/A:H,0.7179,0.01017,0,rce
CVE-2022-36225,8.8,CVSS:3.1/AV:N/AC:L/PR:N/UI:R/S:U/C:H/I:H/A:H,0.7179,0.00468,0,rce
CVE-2022-36389,8.8,CVSS:3.1/AV:N/AC:L/PR:N/UI:R/S:U/C:H/I:H/A:H,0.7179,0.0038,0,rce
CVE-2022-36504,7.8,CVSS:3.1/AV:L/AC:L/PR:L/UI:N/S:U/C:H/I:H/A:H,0.4615,0.00798,0,local
CVE-2022-36545,9.8,CVSS:3.1/AV:N/AC:L/PR:N/UI:N/S:U/C:H/I:H/A:H,1.0,0.0119,0,rce
CVE-2022-36687,6.5,CVSS:3.1/AV:N/AC:L/PR:H/UI:N/S:U/C:N/I:H/A:H,0.3077,0.0104,0,rce
CVE-2022-36763,7.8,CVSS:3.1/AV:L/AC:L/PR:L/UI:N/S:U/C:H/I:H/A:H,0.4615,0.00291,0,local
CVE-2022-36780,5.3,CVSS:3.1/AV:N/AC:L/PR:N/UI:N/S:U/C:L/I:N/A:N,1.0,0.00491,0,info
CVE-2022-36804,8.8,CVSS:3.1/AV:N/AC:L/PR:L/UI:N/S:U/C:H/I:H/A:H,0.7179,0.99174,1,rce
CVE-2022-36842,7.8,CVSS:3.1/AV:L/AC:L/PR:L/UI:N/S:U/C:H/I:H/A:H,0.4615,0.00106,0,local
CVE-2022-36876,2.4,CVSS:3.1/AV:P/AC:L/PR:N/UI:N/S:U/C:L/I:N/A:N,0.2308,0.00346,0,local
CVE-2022-36886,4.3,CVSS:3.1/AV:N/AC:L/PR:N/UI:R/S:U/C:N/I:L/A:N,0.7179,0.00403,0,info
CVE-2022-36927,7.8,CVSS:3.1/AV:L/AC:L/PR:L/UI:N/S:U/C:H/I:H/A:H,0.4615,0.00207,0,local
CVE-2022-36995,4.3,CVSS:3.1/AV:N/AC:L/PR:L/UI:N/S:U/C:N/I:L/A:N,0.7179,0.00506,0,info
CVE-2022-3700,6.3,CVSS:3.1/AV:L/AC:H/PR:L/UI:N/S:U/C:N/I:H/A:H,0.2564,0.00105,0,local
CVE-2022-37342,4.8,CVSS:3.1/AV:N/AC:L/PR:H/UI:R/S:C/C:L/I:L/A:N,0.4359,0.00681,0,info
CVE-2022-37361,5.5,CVSS:3.1/AV:L/AC:L/PR:N/UI:R/S:U/C:H/I:N/A:N,0.4615,0.00736,0,local
CVE-2022-37621,9.8,CVSS:3.1/AV:N/AC:L/PR:N/UI:N/S:U/C:H/I:H/A:H,1.0,0.0112,0,rce
CVE-2022-38028,7.8,CVSS:3.1/AV:L/AC:L/PR:L/UI:N/S:U/C:H/I:H/A:H,0.4615,0.14949,1,local
CVE-2022-3821,5.5,CVSS:3.1/AV:L/AC:L/PR:L/UI:N/S:U/C:N/I:N/A:H,0.4615,0.0042,0,local
CVE-2022-38355,5.5,CVSS:3.1/AV:L/AC:L/PR:L/UI:N/S:U/C:H/I:N/A:N,0.4615,0.00417,0,local
CVE-2022-3844,6.1,CVSS:3.1/AV:N/AC:L/PR:N/UI:R/S:C/C:L/I:L/A:N,0.7179,0.00647,0,info
CVE-2022-38496,5.5,CVSS:3.1/AV:L/AC:L/PR:N/UI:R/S:U/C:N/I:N/A:H,0.4615,0.003,0,local
CVE-2022-38618,8.8,CVSS:3.1/AV:N/AC:L/PR:L/UI:N/S:U/C:H/I:H/A:H,0.7179,0.00756,0,rce
CVE-2022-39229,4.3,CVSS:3.1/AV:N/AC:L/PR:L/UI:N/S:U/C:N/I:N/A:L,0.7179,0.00909,0,info
CVE-2022-39272,4.3,CVSS:3.1/AV:N/AC:L/PR:L/UI:N/S:U/C:N/I:N/A:L,0.7179,0.00658,0,info
CVE-2022-39819,8.8,CVSS:3.1/AV:N/AC:L/PR:L/UI:N/S:U/C:H/I:H/A:H,0.7179,0.01483,0,rce
CVE-2022-39842,6.1,CVSS:3.1/AV:L/AC:L/PR:L/UI:N/S:U/C:N/I:L/A:H,0.4615,0.0059,0,local
CVE-2022-3985,5.4,CVSS:3.1/AV:N/AC:L/PR:L/UI:R/S:C/C:L/I:L/A:N,0.5897,0.00471,0,info
CVE-2022-39856,3.3,CVSS:3.1/AV:L/AC:L/PR:L/UI:N/S:U/C:L/I:N/A:N,0.4615,0.00118,0,local
CVE-2022-39891,7.5,CVSS:3.1/AV:N/AC:L/PR:N/UI:N/S:U/C:H/I:N/A:N,1.0,0.00412,0,info
CVE-2022-3991,5.4,CVSS:3.1/AV:N/AC:L/PR:L/UI:R/S:C/C:L/I:L/A:N,0.5897,0.00646,0,info
CVE-2022-40126,7.8,CVSS:3.1/AV:L/AC:L/PR:L/UI:N/S:U/C:H/I:H/A:H,0.4615,0.00316,0,local
CVE-2022-40308,7.5,CVSS:3.1/AV:N/AC:L/PR:N/UI:N/S:U/C:H/I:N/A:N,1.0,0.0127,0,info
CVE-2022-40717,8.8,CVSS:3.1/AV:A/AC:L/PR:N/UI:N/S:U/C:H/I:H/A:H,0.7179,0.00615,0,rce
CVE-2022-40723,6.5,CVSS:3.1/AV:N/AC:L/PR:L/UI:N/S:U/C:N/I:H/A:N,0.7179,0.00522,0,rce
CVE-2022-40799,8.8,CVSS:3.1/AV:N/AC:L/PR:L/UI:N/S:U/C:H/I:H/A:H,0.7179,0.3365,1,rce
CVE-2022-40839,7.5,CVSS:3.1/AV:N/AC:L/PR:N/UI:N/S:U/C:H/I:N/A:N,1.0,0.00935,0,info
CVE-2022-40874,7.5,CVSS:3.1/AV:N/AC:L/PR:N/UI:N/S:U/C:N/I:N/A:H,1.0,0.00862,0,info
CVE-2022-41082,8.0,CVSS:3.1/AV:A/AC:L/PR:L/UI:N/S:U/C:H/I:H/A:H,0.5385,0.9997,1,rce
CVE-2022-41185,7.8,CVSS:3.1/AV:L/AC:L/PR:N/UI:R/S:U/C:H/I:H/A:H,0.4615,0.00395,0,local
CVE-2022-4135,9.6,CVSS:3.1/AV:N/AC:L/PR:N/UI:R/S:C/C:H/I:H/A:H,0.7179,0.31864,1,rce
CVE-2022-41406,7.2,CVSS:3.1/AV:N/AC:L/PR:H/UI:N/S:U/C:H/I:H/A:H,0.3077,0.01156,0,rce
CVE-2022-41412,8.6,CVSS:3.1/AV:N/AC:L/PR:N/UI:N/S:C/C:H/I:N/A:N,1.0,0.04204,0,info
CVE-2022-41495,9.8,CVSS:3.1/AV:N/AC:L/PR:N/UI:N/S:U/C:H/I:H/A:H,1.0,0.00951,0,rce
CVE-2022-41592,3.4,CVSS:3.1/AV:L/AC:L/PR:H/UI:N/S:U/C:N/I:L/A:L,0.2051,0.00151,0,local
CVE-2022-41705,9.8,CVSS:3.1/AV:N/AC:L/PR:N/UI:N/S:U/C:H/I:H/A:H,1.0,0.01962,0,rce
CVE-2022-41720,7.5,CVSS:3.1/AV:N/AC:L/PR:N/UI:N/S:U/C:H/I:N/A:N,1.0,0.01232,0,info
CVE-2022-41943,7.2,CVSS:3.1/AV:N/AC:L/PR:H/UI:N/S:U/C:H/I:H/A:H,0.3077,0.01797,0,rce
CVE-2022-4218,4.3,CVSS:3.1/AV:N/AC:L/PR:N/UI:R/S:U/C:N/I:L/A:N,0.7179,0.00435,0,info
CVE-2022-42352,5.4,CVSS:3.1/AV:N/AC:L/PR:L/UI:R/S:C/C:L/I:L/A:N,0.5897,0.0048,0,info
CVE-2022-42377,7.8,CVSS:3.1/AV:L/AC:L/PR:N/UI:R/S:U/C:H/I:H/A:H,0.4615,0.00339,0,local
CVE-2022-42442,3.3,CVSS:3.1/AV:L/AC:L/PR:L/UI:N/S:U/C:L/I:N/A:N,0.4615,0.00184,0,local
CVE-2022-42518,6.7,CVSS:3.1/AV:L/AC:L/PR:H/UI:N/S:U/C:H/I:H/A:H,0.2051,0.00165,0,local
CVE-2022-42543,4.4,CVSS:3.1/AV:L/AC:L/PR:H/UI:N/S:U/C:H/I:N/A:N,0.2051,0.00131,0,local
CVE-2022-42834,3.3,CVSS:3.1/AV:L/AC:L/PR:N/UI:R/S:U/C:L/I:N/A:N,0.4615,0.00233,0,local
CVE-2022-42842,9.8,CVSS:3.1/AV:N/AC:L/PR:N/UI:N/S:U/C:H/I:H/A:H,1.0,0.02319,0,rce
CVE-2022-42953,7.5,CVSS:3.1/AV:N/AC:L/PR:N/UI:N/S:U/C:H/I:N/A:N,1.0,0.04834,0,info
CVE-2022-4320,6.1,CVSS:3.1/AV:N/AC:L/PR:N/UI:R/S:C/C:L/I:L/A:N,0.7179,0.00891,0,info
CVE-2022-4321,6.1,CVSS:3.1/AV:N/AC:L/PR:N/UI:R/S:C/C:L/I:L/A:N,0.7179,0.01193,0,info
CVE-2022-43390,8.8,CVSS:3.1/AV:N/AC:L/PR:L/UI:N/S:U/C:H/I:H/A:H,0.7179,0.01084,0,rce
CVE-2022-43454,7.8,CVSS:3.1/AV:L/AC:L/PR:N/UI:R/S:U/C:H/I:H/A:H,0.4615,0.00211,0,local
CVE-2022-43535,7.8,CVSS:3.1/AV:L/AC:L/PR:L/UI:N/S:U/C:H/I:H/A:H,0.4615,0.0018,0,local
CVE-2022-43575,5.4,CVSS:3.1/AV:N/AC:L/PR:L/UI:R/S:C/C:L/I:L/A:N,0.5897,0.00249,0,info
CVE-2022-43769,7.2,CVSS:3.1/AV:N/AC:L/PR:H/UI:N/S:U/C:H/I:H/A:H,0.3077,0.9767,1,rce
CVE-2022-43831,7.8,CVSS:3.1/AV:L/AC:L/PR:L/UI:N/S:U/C:H/I:H/A:H,0.4615,0.00175,0,local
CVE-2022-43952,5.4,CVSS:3.1/AV:N/AC:L/PR:L/UI:R/S:C/C:L/I:L/A:N,0.5897,0.00392,0,info
CVE-2022-4407,6.1,CVSS:3.1/AV:N/AC:L/PR:N/UI:R/S:C/C:L/I:L/A:N,0.7179,0.04581,0,info
CVE-2022-44178,9.8,CVSS:3.1/AV:N/AC:L/PR:N/UI:N/S:U/C:H/I:H/A:H,1.0,0.00727,0,rce
CVE-2022-44201,9.8,CVSS:3.1/AV:N/AC:L/PR:N/UI:N/S:U/C:H/I:H/A:H,1.0,0.01271,0,rce
CVE-2022-44213,4.8,CVSS:3.1/AV:N/AC:L/PR:H/UI:R/S:C/C:L/I:L/A:N,0.4359,0.00413,0,info
CVE-2022-44256,8.8,CVSS:3.1/AV:N/AC:L/PR:L/UI:N/S:U/C:H/I:H/A:H,0.7179,0.02212,0,rce
CVE-2022-44258,8.8,CVSS:3.1/AV:N/AC:L/PR:L/UI:N/S:U/C:H/I:H/A:H,0.7179,0.02446,0,rce
CVE-2022-44897,6.1,CVSS:3.1/AV:N/AC:L/PR:N/UI:R/S:C/C:L/I:L/A:N,0.7179,0.00811,0,info
CVE-2022-44938,9.8,CVSS:3.1/AV:N/AC:L/PR:N/UI:N/S:U/C:H/I:H/A:H,1.0,0.00972,0,rce
CVE-2022-4496,6.1,CVSS:3.1/AV:N/AC:L/PR:N/UI:R/S:C/C:L/I:L/A:N,0.7179,0.0061,0,info
CVE-2022-44962,5.4,CVSS:3.1/AV:N/AC:L/PR:L/UI:R/S:C/C:L/I:L/A:N,0.5897,0.00407,0,info
CVE-2022-45227,7.5,CVSS:3.1/AV:N/AC:L/PR:N/UI:N/S:U/C:H/I:N/A:N,1.0,0.00724,0,info
CVE-2022-4548,6.5,CVSS:3.1/AV:N/AC:L/PR:N/UI:R/S:U/C:N/I:H/A:N,0.7179,0.00332,0,rce
CVE-2022-45504,7.5,CVSS:3.1/AV:N/AC:L/PR:N/UI:N/S:U/C:N/I:N/A:H,1.0,0.1827,0,info
CVE-2022-45822,9.8,CVSS:3.1/AV:N/AC:L/PR:N/UI:N/S:U/C:H/I:H/A:H,1.0,0.00769,0,rce
CVE-2022-45827,4.8,CVSS:3.1/AV:N/AC:L/PR:H/UI:R/S:C/C:L/I:L/A:N,0.4359,0.00369,0,info
CVE-2022-45896,9.8,CVSS:3.1/AV:N/AC:L/PR:N/UI:N/S:U/C:H/I:H/A:H,1.0,0.01108,0,rce
CVE-2022-46346,7.8,CVSS:3.1/AV:L/AC:L/PR:N/UI:R/S:U/C:H/I:H/A:H,0.4615,0.00338,0,local
CVE-2022-46485,7.5,CVSS:3.1/AV:N/AC:L/PR:N/UI:N/S:U/C:N/I:N/A:H,1.0,0.01247,0,info
CVE-2022-46648,8.0,CVSS:3.1/AV:N/AC:L/PR:L/UI:R/S:U/C:H/I:H/A:H,0.5385,0.01351,0,rce
CVE-2022-46769,5.4,CVSS:3.1/AV:N/AC:L/PR:L/UI:R/S:C/C:L/I:L/A:N,0.5897,0.01382,0,info
CVE-2022-46819,4.8,CVSS:3.1/AV:N/AC:L/PR:H/UI:R/S:C/C:L/I:L/A:N,0.4359,0.00392,0,info
CVE-2022-46889,5.4,CVSS:3.1/AV:N/AC:L/PR:L/UI:R/S:C/C:L/I:L/A:N,0.5897,0.60115,0,info
CVE-2022-46914,8.8,CVSS:3.1/AV:N/AC:L/PR:N/UI:R/S:U/C:H/I:H/A:H,0.7179,0.00967,0,rce
CVE-2022-4708,6.5,CVSS:3.1/AV:N/AC:L/PR:L/UI:N/S:U/C:N/I:H/A:N,0.7179,0.00603,0,rce
CVE-2022-47127,9.8,CVSS:3.1/AV:N/AC:L/PR:N/UI:N/S:U/C:H/I:H/A:H,1.0,0.00873,0,rce
CVE-2022-4725,9.8,CVSS:3.1/AV:N/AC:L/PR:N/UI:N/S:U/C:H/I:H/A:H,1.0,0.00669,0,rce
CVE-2022-47324,5.5,CVSS:3.1/AV:L/AC:L/PR:L/UI:N/S:U/C:H/I:N/A:N,0.4615,0.00085,0,local
CVE-2022-47448,8.8,CVSS:3.1/AV:N/AC:L/PR:N/UI:R/S:U/C:H/I:H/A:H,0.7179,0.00269,0,rce
CVE-2022-4809,8.8,CVSS:3.1/AV:N/AC:L/PR:L/UI:N/S:U/C:H/I:H/A:H,0.7179,0.00911,0,rce
CVE-2022-48195,9.8,CVSS:3.1/AV:N/AC:L/PR:N/UI:N/S:U/C:H/I:H/A:H,1.0,0.0089,0,rce
CVE-2022-48390,7.8,CVSS:3.1/AV:L/AC:L/PR:L/UI:N/S:U/C:H/I:H/A:H,0.4615,0.00084,0,local
CVE-2022-48391,5.5,CVSS:3.1/AV:L/AC:L/PR:L/UI:N/S:U/C:N/I:N/A:H,0.4615,0.00083,0,local
CVE-2022-48470,4.0,CVSS:3.1/AV:L/AC:H/PR:N/UI:N/S:U/C:N/I:L/A:L,0.359,0.00141,0,local
CVE-2022-48656,5.5,CVSS:3.1/AV:L/AC:L/PR:L/UI:N/S:U/C:N/I:N/A:H,0.4615,0.00262,0,local
CVE-2022-48687,5.5,CVSS:3.1/AV:L/AC:L/PR:L/UI:N/S:U/C:H/I:N/A:N,0.4615,0.00242,0,local
CVE-2022-48714,7.1,CVSS:3.1/AV:L/AC:L/PR:L/UI:N/S:U/C:H/I:N/A:H,0.4615,0.00238,0,local
CVE-2022-48717,7.8,CVSS:3.1/AV:L/AC:L/PR:L/UI:N/S:U/C:H/I:H/A:H,0.4615,0.00219,0,local
CVE-2022-48769,5.5,CVSS:3.1/AV:L/AC:L/PR:L/UI:N/S:U/C:N/I:N/A:H,0.4615,0.00219,0,local
CVE-2022-49037,6.5,CVSS:3.1/AV:N/AC:L/PR:L/UI:N/S:U/C:H/I:N/A:N,0.7179,0.00547,0,info
CVE-2022-49050,5.5,CVSS:3.1/AV:L/AC:L/PR:L/UI:N/S:U/C:N/I:N/A:H,0.4615,0.00268,0,local
CVE-2022-49138,5.7,CVSS:3.1/AV:A/AC:L/PR:L/UI:N/S:U/C:N/I:N/A:H,0.5385,0.004,0,info
CVE-2022-49467,5.5,CVSS:3.1/AV:L/AC:L/PR:L/UI:N/S:U/C:N/I:N/A:H,0.4615,0.00269,0,local
CVE-2022-4954,4.8,CVSS:3.1/AV:N/AC:L/PR:H/UI:R/S:C/C:L/I:L/A:N,0.4359,0.00332,0,info
CVE-2022-49597,4.7,CVSS:3.1/AV:L/AC:H/PR:L/UI:N/S:U/C:N/I:N/A:H,0.2564,0.00185,0,local
CVE-2022-49949,5.5,CVSS:3.1/AV:L/AC:L/PR:L/UI:N/S:U/C:N/I:N/A:H,0.4615,0.00209,0,local
CVE-2022-50028,5.5,CVSS:3.1/AV:L/AC:L/PR:L/UI:N/S:U/C:N/I:N/A:H,0.4615,0.002,0,local
CVE-2022-50196,5.5,CVSS:3.1/AV:L/AC:L/PR:L/UI:N/S:U/C:N/I:N/A:H,0.4615,0.00239,0,local
CVE-2022-50199,5.5,CVSS:3.1/AV:L/AC:L/PR:L/UI:N/S:U/C:N/I:N/A:H,0.4615,0.0024,0,local
CVE-2022-50294,5.5,CVSS:3.1/AV:L/AC:L/PR:L/UI:N/S:U/C:N/I:N/A:H,0.4615,0.00156,0,local
CVE-2022-50304,5.5,CVSS:3.1/AV:L/AC:L/PR:L/UI:N/S:U/C:N/I:N/A:H,0.4615,0.00154,0,local
CVE-2022-50327,5.5,CVSS:3.1/AV:L/AC:L/PR:L/UI:N/S:U/C:N/I:N/A:H,0.4615,0.00156,0,local
CVE-2022-50757,7.8,CVSS:3.1/AV:L/AC:L/PR:L/UI:N/S:U/C:H/I:H/A:H,0.4615,0.002,0,local
CVE-2022-50915,7.8,CVSS:3.1/AV:L/AC:L/PR:L/UI:N/S:U/C:H/I:H/A:H,0.4615,0.00224,0,local
CVE-2022-50968,6.1,CVSS:3.1/AV:N/AC:L/PR:N/UI:R/S:C/C:L/I:L/A:N,0.7179,0.00252,0,info
CVE-2023-0165,5.4,CVSS:3.1/AV:N/AC:L/PR:L/UI:R/S:C/C:L/I:L/A:N,0.5897,0.00471,0,info
CVE-2023-0307,9.8,CVSS:3.1/AV:N/AC:L/PR:N/UI:N/S:U/C:H/I:H/A:H,1.0,0.00643,0,rce
CVE-2023-0350,6.5,CVSS:3.1/AV:N/AC:L/PR:L/UI:N/S:U/C:N/I:H/A:N,0.7179,0.00258,0,rce
CVE-2023-0728,4.3,CVSS:3.1/AV:N/AC:L/PR:N/UI:R/S:U/C:N/I:L/A:N,0.7179,0.00314,0,info
CVE-2023-0827,5.4,CVSS:3.1/AV:N/AC:L/PR:L/UI:R/S:C/C:L/I:L/A:N,0.5897,0.03015,0,info
CVE-2023-0855,9.8,CVSS:3.1/AV:N/AC:L/PR:N/UI:N/S:U/C:H/I:H/A:H,1.0,0.01139,0,rce
CVE-2023-0972,8.8,CVSS:3.1/AV:A/AC:L/PR:N/UI:N/S:U/C:H/I:H/A:H,0.7179,0.00387,0,rce
CVE-2023-1051,6.1,CVSS:3.1/AV:N/AC:L/PR:N/UI:R/S:C/C:L/I:L/A:N,0.7179,0.00357,0,info
CVE-2023-1176,3.3,CVSS:3.1/AV:L/AC:L/PR:L/UI:N/S:U/C:L/I:N/A:N,0.4615,0.00583,0,local
CVE-2023-1235,6.3,CVSS:3.1/AV:N/AC:L/PR:N/UI:R/S:U/C:L/I:L/A:L,0.7179,0.0042,0,info
CVE-2023-1267,9.8,CVSS:3.1/AV:N/AC:L/PR:N/UI:N/S:U/C:H/I:H/A:H,1.0,0.00662,0,rce
CVE-2023-1290,9.8,CVSS:3.1/AV:N/AC:L/PR:N/UI:N/S:U/C:H/I:H/A:H,1.0,0.00763,0,rce
CVE-2023-1390,7.5,CVSS:3.1/AV:N/AC:L/PR:N/UI:N/S:U/C:N/I:N/A:H,1.0,0.05095,0,info
CVE-2023-1402,4.3,CVSS:3.1/AV:N/AC:L/PR:L/UI:N/S:U/C:L/I:N/A:N,0.7179,0.00742,0,info
CVE-2023-1458,9.8,CVSS:3.1/AV:N/AC:L/PR:N/UI:N/S:U/C:H/I:H/A:H,1.0,0.03275,0,rce
CVE-2023-1504,8.1,CVSS:3.1/AV:N/AC:H/PR:N/UI:N/S:U/C:H/I:H/A:H,0.5641,0.00608,0,rce
CVE-2023-1575,4.8,CVSS:3.1/AV:N/AC:L/PR:H/UI:R/S:C/C:L/I:L/A:N,0.4359,0.00373,0,info
CVE-2023-1740,9.8,CVSS:3.1/AV:N/AC:L/PR:N/UI:N/S:U/C:H/I:H/A:H,1.0,0.00728,0,rce
CVE-2023-1760,4.8,CVSS:3.1/AV:N/AC:L/PR:H/UI:R/S:C/C:L/I:L/A:N,0.4359,0.00532,0,info
CVE-2023-1884,6.1,CVSS:3.1/AV:N/AC:L/PR:N/UI:R/S:C/C:L/I:L/A:N,0.7179,0.00447,0,info
CVE-2023-1887,4.3,CVSS:3.1/AV:N/AC:L/PR:L/UI:N/S:U/C:N/I:L/A:N,0.7179,0.00699,0,info
CVE-2023-1941,9.8,CVSS:3.1/AV:N/AC:L/PR:N/UI:N/S:U/C:H/I:H/A:H,1.0,0.00819,0,rce
CVE-2023-1980,6.5,CVSS:3.1/AV:N/AC:L/PR:L/UI:N/S:U/C:N/I:H/A:N,0.7179,0.00515,0,rce
CVE-2023-20087,6.5,CVSS:3.1/AV:N/AC:L/PR:L/UI:N/S:U/C:H/I:N/A:N,0.7179,0.00839,0,info
CVE-2023-20109,6.6,CVSS:3.1/AV:N/AC:H/PR:H/UI:N/S:U/C:H/I:H/A:H,0.1795,0.02344,1,rce
CVE-2023-20132,5.4,CVSS:3.1/AV:N/AC:L/PR:L/UI:R/S:C/C:L/I:L/A:N,0.5897,0.00446,0,info
CVE-2023-20270,5.8,CVSS:3.1/AV:N/AC:L/PR:N/UI:N/S:C/C:N/I:N/A:L,1.0,0.00668,0,info
CVE-2023-20870,6.0,CVSS:3.1/AV:L/AC:L/PR:H/UI:N/S:C/C:H/I:N/A:N,0.3846,0.00371,0,local
CVE-2023-20960,8.8,CVSS:3.1/AV:N/AC:L/PR:L/UI:N/S:U/C:H/I:H/A:H,0.7179,0.0022,0,rce
CVE-2023-21036,5.5,CVSS:3.1/AV:L/AC:L/PR:L/UI:N/S:U/C:H/I:N/A:N,0.4615,0.00499,0,local
CVE-2023-2106,9.8,CVSS:3.1/AV:N/AC:L/PR:N/UI:N/S:U/C:H/I:H/A:H,1.0,0.00748,0,rce
CVE-2023-21087,5.5,CVSS:3.1/AV:L/AC:L/PR:L/UI:N/S:U/C:N/I:N/A:H,0.4615,0.0009,0,local
CVE-2023-21335,5.5,CVSS:3.1/AV:L/AC:L/PR:L/UI:N/S:U/C:H/I:N/A:N,0.4615,0.001,0,local
CVE-2023-2136,9.6,CVSS:3.1/AV:N/AC:L/PR:N/UI:R/S:C/C:H/I:H/A:H,0.7179,0.05739,1,rce
CVE-2023-21518,7.8,CVSS:3.1/AV:L/AC:L/PR:L/UI:N/S:U/C:H/I:H/A:H,0.4615,0.0021,0,local
CVE-2023-21558,7.8,CVSS:3.1/AV:L/AC:L/PR:L/UI:N/S:U/C:H/I:H/A:H,0.4615,0.00459,0,local
CVE-2023-21608,7.8,CVSS:3.1/AV:L/AC:L/PR:N/UI:R/S:U/C:H/I:H/A:H,0.4615,0.61475,1,local
CVE-2023-21610,7.8,CVSS:3.1/AV:L/AC:L/PR:N/UI:R/S:U/C:H/I:H/A:H,0.4615,0.0254,0,local
CVE-2023-21657,7.8,CVSS:3.1/AV:L/AC:L/PR:L/UI:N/S:U/C:H/I:H/A:H,0.4615,0.00116,0,local
CVE-2023-21667,6.5,CVSS:3.1/AV:A/AC:L/PR:N/UI:N/S:U/C:N/I:N/A:H,0.7179,0.0037,0,info
CVE-2023-21690,9.8,CVSS:3.1/AV:N/AC:L/PR:N/UI:N/S:U/C:H/I:H/A:H,1.0,0.27533,0,rce
CVE-2023-21825,5.3,CVSS:3.1/AV:N/AC:L/PR:N/UI:N/S:U/C:L/I:N/A:N,1.0,0.00506,0,info
CVE-2023-21839,7.5,CVSS:3.1/AV:N/AC:L/PR:N/UI:N/S:U/C:H/I:N/A:N,1.0,0.999,1,info
CVE-2023-21892,5.4,CVSS:3.1/AV:N/AC:L/PR:L/UI:R/S:C/C:L/I:L/A:N,0.5897,0.00377,0,info
CVE-2023-21960,5.6,CVSS:3.1/AV:N/AC:H/PR:N/UI:N/S:U/C:L/I:L/A:L,0.5641,0.00421,0,info
CVE-2023-22026,4.9,CVSS:3.1/AV:N/AC:L/PR:H/UI:N/S:U/C:N/I:N/A:H,0.3077,0.00879,0,info
CVE-2023-22094,7.9,CVSS:3.1/AV:L/AC:L/PR:L/UI:R/S:C/C:N/I:H/A:H,0.3846,0.00337,0,local
CVE-2023-22315,7.8,CVSS:3.1/AV:L/AC:L/PR:L/UI:N/S:U/C:H/I:H/A:H,0.4615,0.00114,0,local
CVE-2023-22319,9.8,CVSS:3.1/AV:N/AC:L/PR:N/UI:N/S:U/C:H/I:H/A:H,1.0,0.00903,0,rce
CVE-2023-22402,5.9,CVSS:3.1/AV:N/AC:H/PR:N/UI:N/S:U/C:N/I:N/A:H,0.5641,0.00521,0,info
CVE-2023-22425,5.4,CVSS:3.1/AV:N/AC:L/PR:L/UI:R/S:C/C:L/I:L/A:N,0.5897,0.00826,0,info
CVE-2023-22592,7.8,CVSS:3.1/AV:L/AC:L/PR:L/UI:N/S:U/C:H/I:H/A:H,0.4615,0.00149,0,local
CVE-2023-22614,8.8,CVSS:3.1/AV:L/AC:L/PR:L/UI:N/S:C/C:H/I:H/A:H,0.5128,0.00378,0,local
CVE-2023-22737,6.5,CVSS:3.1/AV:N/AC:L/PR:L/UI:N/S:U/C:N/I:N/A:H,0.7179,0.0073,0,info
CVE-2023-22808,3.3,CVSS:3.1/AV:L/AC:L/PR:L/UI:N/S:U/C:L/I:N/A:N,0.4615,0.00189,0,local
CVE-2023-22945,4.3,CVSS:3.1/AV:N/AC:L/PR:L/UI:N/S:U/C:N/I:L/A:N,0.7179,0.00523,0,info
CVE-2023-23613,6.5,CVSS:3.1/AV:N/AC:L/PR:L/UI:N/S:U/C:H/I:N/A:N,0.7179,0.00821,0,info
CVE-2023-23645,9.9,CVSS:3.1/AV:N/AC:L/PR:L/UI:N/S:C/C:H/I:H/A:H,0.7949,0.00983,0,rce
CVE-2023-23753,9.8,CVSS:3.1/AV:N/AC:L/PR:N/UI:N/S:U/C:H/I:H/A:H,1.0,0.00798,0,rce
CVE-2023-23849,6.1,CVSS:3.1/AV:N/AC:L/PR:N/UI:R/S:C/C:L/I:L/A:N,0.7179,0.01298,0,info
CVE-2023-23928,9.8,CVSS:3.1/AV:N/AC:L/PR:N/UI:N/S:U/C:H/I:H/A:H,1.0,0.00459,0,rce
CVE-2023-24164,9.8,CVSS:3.1/AV:N/AC:L/PR:N/UI:N/S:U/C:H/I:H/A:H,1.0,0.01001,0,rce
CVE-2023-24391,4.8,CVSS:3.1/AV:N/AC:L/PR:H/UI:R/S:C/C:L/I:L/A:N,0.4359,0.00369,0,info
CVE-2023-24404,6.1,CVSS:3.1/AV:N/AC:L/PR:N/UI:R/S:C/C:L/I:L/A:N,0.7179,0.00408,0,info
CVE-2023-24448,6.5,CVSS:3.1/AV:N/AC:L/PR:L/UI:N/S:U/C:N/I:H/A:N,0.7179,0.00723,0,rce
CVE-2023-24489,9.8,CVSS:3.1/AV:N/AC:L/PR:N/UI:N/S:U/C:H/I:H/A:H,1.0,0.97343,1,rce
CVE-2023-24521,6.1,CVSS:3.1/AV:N/AC:L/PR:N/UI:R/S:C/C:L/I:L/A:N,0.7179,0.00388,0,info
CVE-2023-24579,5.5,CVSS:3.1/AV:L/AC:L/PR:N/UI:R/S:U/C:N/I:N/A:H,0.4615,0.00244,0,local
CVE-2023-25018,5.4,CVSS:3.1/AV:N/AC:L/PR:L/UI:R/S:C/C:L/I:L/A:N,0.5897,0.00429,0,info
CVE-2023-25065,8.8,CVSS:3.1/AV:N/AC:L/PR:N/UI:R/S:U/C:H/I:H/A:H,0.7179,0.00255,0,rce
CVE-2023-25155,6.5,CVSS:3.1/AV:N/AC:L/PR:L/UI:N/S:U/C:N/I:N/A:H,0.7179,0.00902,0,info
CVE-2023-25452,4.8,CVSS:3.1/AV:N/AC:L/PR:H/UI:R/S:C/C:L/I:L/A:N,0.4359,0.00369,0,info
CVE-2023-25539,9.8,CVSS:3.1/AV:N/AC:L/PR:N/UI:N/S:U/C:H/I:H/A:H,1.0,0.01478,0,rce
CVE-2023-25557,9.1,CVSS:3.1/AV:N/AC:L/PR:N/UI:N/S:U/C:H/I:H/A:N,1.0,0.00684,0,rce
CVE-2023-25597,5.9,CVSS:3.1/AV:N/AC:H/PR:N/UI:N/S:U/C:H/I:N/A:N,0.5641,0.00675,0,info
CVE-2023-25800,8.8,CVSS:3.1/AV:N/AC:L/PR:L/UI:N/S:U/C:H/I:H/A:H,0.7179,0.0069,0,rce
CVE-2023-2588,8.8,CVSS:3.1/AV:N/AC:L/PR:N/UI:R/S:U/C:H/I:H/A:H,0.7179,0.01121,0,rce
CVE-2023-25926,8.2,CVSS:3.1/AV:N/AC:L/PR:N/UI:N/S:U/C:L/I:N/A:H,1.0,0.01379,0,info
CVE-2023-25958,4.8,CVSS:3.1/AV:N/AC:L/PR:H/UI:R/S:C/C:L/I:L/A:N,0.4359,0.00392,0,info
CVE-2023-26083,3.3,CVSS:3.1/AV:L/AC:L/PR:L/UI:N/S:U/C:L/I:N/A:N,0.4615,0.01218,1,local
CVE-2023-2629,7.8,CVSS:3.1/AV:L/AC:L/PR:N/UI:R/S:U/C:H/I:H/A:H,0.4615,0.00406,0,local
CVE-2023-26359,9.8,CVSS:3.1/AV:N/AC:L/PR:N/UI:N/S:U/C:H/I:H/A:H,1.0,0.16988,1,rce
CVE-2023-2641,9.8,CVSS:3.1/AV:N/AC:L/PR:N/UI:N/S:U/C:H/I:H/A:H,1.0,0.008,0,rce
CVE-2023-26439,7.8,CVSS:3.1/AV:L/AC:L/PR:L/UI:N/S:U/C:H/I:H/A:H,0.4615,0.00432,0,local
CVE-2023-26616,9.8,CVSS:3.1/AV:N/AC:L/PR:N/UI:N/S:U/C:H/I:H/A:H,1.0,0.01304,0,rce
CVE-2023-27308,4.6,CVSS:3.1/AV:L/AC:L/PR:H/UI:N/S:C/C:N/I:L/A:L,0.3846,0.00207,0,local
CVE-2023-27520,6.5,CVSS:3.1/AV:N/AC:L/PR:N/UI:R/S:U/C:N/I:H/A:N,0.7179,0.00314,0,rce
CVE-2023-2780,9.8,CVSS:3.1/AV:N/AC:L/PR:N/UI:N/S:U/C:H/I:H/A:H,1.0,0.06363,0,rce
CVE-2023-27826,8.8,CVSS:3.1/AV:N/AC:L/PR:L/UI:N/S:U/C:H/I:H/A:H,0.7179,0.11771,0,rce
CVE-2023-27856,7.5,CVSS:3.1/AV:N/AC:L/PR:N/UI:N/S:U/C:H/I:N/A:N,1.0,0.77225,0,info
CVE-2023-27970,7.8,CVSS:3.1/AV:L/AC:L/PR:N/UI:R/S:U/C:H/I:H/A:H,0.4615,0.00243,0,local
CVE-2023-28100,6.5,CVSS:3.1/AV:L/AC:L/PR:L/UI:N/S:C/C:N/I:N/A:H,0.5128,0.00871,0,local
CVE-2023-28205,8.8,CVSS:3.1/AV:N/AC:L/PR:N/UI:R/S:U/C:H/I:H/A:H,0.7179,0.27076,1,rce
CVE-2023-28442,5.3,CVSS:3.1/AV:N/AC:L/PR:N/UI:N/S:U/C:L/I:N/A:N,1.0,0.0064,0,info
CVE-2023-28532,4.3,CVSS:3.1/AV:N/AC:L/PR:L/UI:N/S:U/C:N/I:L/A:N,0.7179,0.00382,0,info
CVE-2023-28685,7.1,CVSS:3.1/AV:N/AC:L/PR:L/UI:N/S:U/C:H/I:L/A:N,0.7179,0.00602,0,info
CVE-2023-28686,7.1,CVSS:3.1/AV:N/AC:L/PR:N/UI:R/S:U/C:H/I:L/A:N,0.7179,0.00699,0,info
CVE-2023-28771,9.8,CVSS:3.1/AV:N/AC:L/PR:N/UI:N/S:U/C:H/I:H/A:H,1.0,0.99284,1,rce
CVE-2023-28781,6.1,CVSS:3.1/AV:N/AC:L/PR:N/UI:R/S:C/C:L/I:L/A:N,0.7179,0.00382,0,info
CVE-2023-29298,7.5,CVSS:3.1/AV:N/AC:L/PR:N/UI:N/S:U/C:H/I:N/A:N,1.0,0.9979,1,info
CVE-2023-29315,5.5,CVSS:3.1/AV:L/AC:L/PR:N/UI:R/S:U/C:H/I:N/A:N,0.4615,0.00475,0,local
CVE-2023-29440,8.8,CVSS:3.1/AV:N/AC:L/PR:N/UI:R/S:U/C:H/I:H/A:H,0.7179,0.00312,0,rce
CVE-2023-2950,8.1,CVSS:3.1/AV:N/AC:L/PR:L/UI:N/S:U/C:H/I:H/A:N,0.7179,0.00559,0,rce
CVE-2023-29533,4.3,CVSS:3.1/AV:N/AC:L/PR:N/UI:R/S:U/C:N/I:L/A:N,0.7179,0.00569,0,info
CVE-2023-29799,9.8,CVSS:3.1/AV:N/AC:L/PR:N/UI:N/S:U/C:H/I:H/A:H,1.0,0.02014,0,rce
CVE-2023-30184,5.4,CVSS:3.1/AV:N/AC:L/PR:L/UI:R/S:C/C:L/I:L/A:N,0.5897,0.00394,0,info
CVE-2023-30657,7.8,CVSS:3.1/AV:L/AC:L/PR:L/UI:N/S:U/C:H/I:H/A:H,0.4615,0.00181,0,local
CVE-2023-30901,8.8,CVSS:3.1/AV:N/AC:L/PR:N/UI:R/S:U/C:H/I:H/A:H,0.7179,0.00361,0,rce
CVE-2023-31088,8.8,CVSS:3.1/AV:N/AC:L/PR:N/UI:R/S:U/C:H/I:H/A:H,0.7179,0.00301,0,rce
CVE-2023-31166,4.3,CVSS:3.1/AV:N/AC:L/PR:L/UI:N/S:U/C:N/I:L/A:N,0.7179,0.00588,0,info
CVE-2023-31200,8.0,CVSS:3.1/AV:N/AC:L/PR:L/UI:R/S:U/C:H/I:H/A:H,0.5385,0.00237,0,rce
CVE-2023-31322,8.7,CVSS:3.1/AV:L/AC:L/PR:L/UI:N/S:C/C:H/I:H/A:L,0.5128,0.00137,0,local
CVE-2023-31416,5.3,CVSS:3.1/AV:N/AC:L/PR:N/UI:N/S:U/C:N/I:L/A:N,1.0,0.00364,0,info
CVE-2023-31541,9.8,CVSS:3.1/AV:N/AC:L/PR:N/UI:N/S:U/C:H/I:H/A:H,1.0,0.01431,0,rce
CVE-2023-31607,7.5,CVSS:3.1/AV:N/AC:L/PR:N/UI:N/S:U/C:N/I:N/A:H,1.0,0.00905,0,info
CVE-2023-31800,5.4,CVSS:3.1/AV:N/AC:L/PR:L/UI:R/S:C/C:L/I:L/A:N,0.5897,0.00417,0,info
CVE-2023-3181,7.8,CVSS:3.1/AV:L/AC:L/PR:L/UI:N/S:U/C:H/I:H/A:H,0.4615,0.00179,0,local
CVE-2023-31903,9.8,CVSS:3.1/AV:N/AC:L/PR:N/UI:N/S:U/C:H/I:H/A:H,1.0,0.02075,0,rce
CVE-2023-32046,7.8,CVSS:3.1/AV:L/AC:L/PR:N/UI:R/S:U/C:H/I:H/A:H,0.4615,0.10049,1,local
CVE-2023-32264,5.8,CVSS:3.1/AV:N/AC:H/PR:L/UI:R/S:C/C:N/I:H/A:N,0.3333,0.00172,0,rce
CVE-2023-32311,4.3,CVSS:3.1/AV:N/AC:L/PR:L/UI:N/S:U/C:N/I:L/A:N,0.7179,0.00382,0,info
CVE-2023-32397,7.5,CVSS:3.1/AV:N/AC:L/PR:N/UI:N/S:U/C:N/I:H/A:N,1.0,0.00757,0,rce
CVE-2023-32434,7.8,CVSS:3.1/AV:L/AC:L/PR:N/UI:R/S:U/C:H/I:H/A:H,0.4615,0.51517,1,local
CVE-2023-32441,7.8,CVSS:3.1/AV:L/AC:L/PR:N/UI:R/S:U/C:H/I:H/A:H,0.4615,0.00238,0,local
CVE-2023-32582,4.8,CVSS:3.1/AV:N/AC:L/PR:H/UI:R/S:C/C:L/I:L/A:N,0.4359,0.00369,0,info
CVE-2023-32604,5.4,CVSS:3.1/AV:N/AC:L/PR:L/UI:R/S:C/C:L/I:L/A:N,0.5897,0.00332,0,info
CVE-2023-32678,6.5,CVSS:3.1/AV:N/AC:L/PR:L/UI:N/S:U/C:N/I:H/A:N,0.7179,0.0048,0,rce
CVE-2023-32891,6.7,CVSS:3.1/AV:L/AC:L/PR:H/UI:N/S:U/C:H/I:H/A:H,0.2051,0.00093,0,local
CVE-2023-3295,8.8,CVSS:3.1/AV:N/AC:L/PR:L/UI:N/S:U/C:H/I:H/A:H,0.7179,0.01308,0,rce
CVE-2023-33009,9.8,CVSS:3.1/AV:N/AC:L/PR:N/UI:N/S:U/C:H/I:H/A:H,1.0,0.28144,1,rce
CVE-2023-33010,9.8,CVSS:3.1/AV:N/AC:L/PR:N/UI:N/S:U/C:H/I:H/A:H,1.0,0.28813,1,rce
CVE-2023-33041,7.5,CVSS:3.1/AV:N/AC:L/PR:N/UI:N/S:U/C:N/I:N/A:H,1.0,0.00471,0,info
CVE-2023-33274,9.8,CVSS:3.1/AV:N/AC:L/PR:N/UI:N/S:U/C:H/I:H/A:H,1.0,0.01057,0,rce
CVE-2023-33468,9.1,CVSS:3.1/AV:N/AC:L/PR:N/UI:N/S:U/C:H/I:H/A:N,1.0,0.00763,0,rce
CVE-2023-33974,5.9,CVSS:3.1/AV:N/AC:H/PR:N/UI:N/S:U/C:N/I:N/A:H,0.5641,0.00707,0,info
CVE-2023-33993,7.5,CVSS:3.1/AV:N/AC:H/PR:L/UI:N/S:U/C:H/I:H/A:H,0.4103,0.00576,0,rce
CVE-2023-33996,8.8,CVSS:3.1/AV:N/AC:L/PR:L/UI:N/S:U/C:H/I:H/A:H,0.7179,0.00705,0,rce
CVE-2023-34000,7.5,CVSS:3.1/AV:N/AC:L/PR:N/UI:N/S:U/C:H/I:N/A:N,1.0,0.01214,0,info
CVE-2023-34157,6.5,CVSS:3.1/AV:N/AC:L/PR:N/UI:N/S:U/C:N/I:L/A:L,1.0,0.00353,0,info
CVE-2023-34234,5.3,CVSS:3.1/AV:N/AC:L/PR:N/UI:N/S:U/C:N/I:N/A:L,1.0,0.00595,0,info
CVE-2023-34446,6.1,CVSS:3.1/AV:N/AC:L/PR:N/UI:R/S:C/C:L/I:L/A:N,0.7179,0.00518,0,info
CVE-2023-3446,5.3,CVSS:3.1/AV:N/AC:L/PR:N/UI:N/S:U/C:N/I:N/A:L,1.0,0.06531,0,info
CVE-2023-35078,9.8,CVSS:3.1/AV:N/AC:L/PR:N/UI:N/S:U/C:H/I:H/A:H,1.0,0.99999,1,rce
CVE-2023-35081,7.2,CVSS:3.1/AV:N/AC:L/PR:H/UI:N/S:U/C:H/I:H/A:H,0.3077,0.63577,1,rce
CVE-2023-3511,3.5,CVSS:3.1/AV:N/AC:L/PR:L/UI:R/S:U/C:N/I:L/A:N,0.5385,0.00395,0,info
CVE-2023-3519,9.8,CVSS:3.1/AV:N/AC:L/PR:N/UI:N/S:U/C:H/I:H/A:H,1.0,0.99749,1,rce
CVE-2023-35799,5.5,CVSS:3.1/AV:L/AC:L/PR:L/UI:N/S:U/C:N/I:N/A:H,0.4615,0.0019,0,local
CVE-2023-35849,7.5,CVSS:3.1/AV:N/AC:L/PR:N/UI:N/S:U/C:H/I:N/A:N,1.0,0.00638,0,info
CVE-2023-36025,8.8,CVSS:3.1/AV:N/AC:L/PR:N/UI:R/S:U/C:H/I:H/A:H,0.7179,0.88085,1,rce
CVE-2023-36036,7.8,CVSS:3.1/AV:L/AC:L/PR:L/UI:N/S:U/C:H/I:H/A:H,0.4615,0.1667,1,local
CVE-2023-3604,7.5,CVSS:3.1/AV:N/AC:L/PR:N/UI:N/S:U/C:H/I:N/A:N,1.0,0.00836,0,info
CVE-2023-36293,7.5,CVSS:3.1/AV:N/AC:L/PR:N/UI:N/S:U/C:H/I:N/A:N,1.0,0.00765,0,info
CVE-2023-36314,6.1,CVSS:3.1/AV:N/AC:L/PR:N/UI:R/S:C/C:L/I:L/A:N,0.7179,0.00444,0,info
CVE-2023-36387,5.4,CVSS:3.1/AV:N/AC:L/PR:L/UI:N/S:U/C:N/I:L/A:L,0.7179,0.01134,0,info
CVE-2023-36418,7.8,CVSS:3.1/AV:L/AC:L/PR:N/UI:R/S:U/C:H/I:H/A:H,0.4615,0.00758,0,local
CVE-2023-36563,5.5,CVSS:3.1/AV:L/AC:L/PR:N/UI:R/S:U/C:H/I:N/A:N,0.4615,0.20719,1,local
CVE-2023-36802,7.8,CVSS:3.1/AV:L/AC:L/PR:L/UI:N/S:U/C:H/I:H/A:H,0.4615,0.27909,1,local
CVE-2023-36824,8.8,CVSS:3.1/AV:N/AC:L/PR:L/UI:N/S:U/C:H/I:H/A:H,0.7179,0.77422,0,rce
CVE-2023-3686,9.8,CVSS:3.1/AV:N/AC:L/PR:N/UI:N/S:U/C:H/I:H/A:H,1.0,0.005,0,rce
CVE-2023-36874,7.8,CVSS:3.1/AV:L/AC:L/PR:L/UI:N/S:U/C:H/I:H/A:H,0.4615,0.43409,1,local
CVE-2023-36952,9.8,CVSS:3.1/AV:N/AC:L/PR:N/UI:N/S:U/C:H/I:H/A:H,1.0,0.00701,0,rce
CVE-2023-37007,5.3,CVSS:3.1/AV:L/AC:L/PR:L/UI:N/S:U/C:L/I:L/A:L,0.4615,0.00266,0,local
CVE-2023-37154,8.4,CVSS:3.1/AV:L/AC:L/PR:N/UI:N/S:U/C:H/I:H/A:H,0.641,0.0047,0,local
CVE-2023-3724,8.8,CVSS:3.1/AV:N/AC:L/PR:L/UI:N/S:U/C:H/I:H/A:H,0.7179,0.00652,0,rce
CVE-2023-37351,5.5,CVSS:3.1/AV:L/AC:L/PR:N/UI:R/S:U/C:H/I:N/A:N,0.4615,0.00386,0,local
CVE-2023-37450,8.8,CVSS:3.1/AV:N/AC:L/PR:N/UI:R/S:U/C:H/I:H/A:H,0.7179,0.1895,1,rce
CVE-2023-37456,6.5,CVSS:3.1/AV:N/AC:L/PR:N/UI:R/S:U/C:N/I:N/A:H,0.7179,0.00486,0,info
CVE-2023-37596,8.1,CVSS:3.1/AV:N/AC:L/PR:N/UI:R/S:U/C:N/I:H/A:H,0.7179,0.00616,0,rce
CVE-2023-37623,4.8,CVSS:3.1/AV:N/AC:L/PR:H/UI:R/S:C/C:L/I:L/A:N,0.4359,0.00625,0,info
CVE-2023-37791,9.8,CVSS:3.1/AV:N/AC:L/PR:N/UI:N/S:U/C:H/I:H/A:H,1.0,0.12734,0,rce
CVE-2023-37855,4.3,CVSS:3.1/AV:N/AC:L/PR:L/UI:N/S:U/C:L/I:N/A:N,0.7179,0.00575,0,info
CVE-2023-3815,6.1,CVSS:3.1/AV:N/AC:L/PR:N/UI:R/S:C/C:L/I:L/A:N,0.7179,0.00571,0,info
CVE-2023-38253,5.5,CVSS:3.1/AV:L/AC:L/PR:N/UI:R/S:U/C:N/I:N/A:H,0.4615,0.00361,0,local
CVE-2023-38308,6.1,CVSS:3.1/AV:N/AC:L/PR:N/UI:R/S:C/C:L/I:L/A:N,0.7179,0.00649,0,info
CVE-2023-38351,8.1,CVSS:3.1/AV:N/AC:H/PR:N/UI:N/S:U/C:H/I:H/A:H,0.5641,0.00767,0,rce
CVE-2023-38397,4.8,CVSS:3.1/AV:N/AC:L/PR:H/UI:R/S:C/C:L/I:L/A:N,0.4359,0.00369,0,info
CVE-2023-3850,9.8,CVSS:3.1/AV:N/AC:L/PR:N/UI:N/S:U/C:H/I:H/A:H,1.0,0.00492,0,rce
CVE-2023-38518,4.8,CVSS:3.1/AV:N/AC:L/PR:H/UI:R/S:C/C:L/I:L/A:N,0.4359,0.00369,0,info
CVE-2023-38566,7.8,CVSS:3.1/AV:L/AC:L/PR:L/UI:N/S:U/C:H/I:H/A:H,0.4615,0.00191,0,local
CVE-2023-38585,8.8,CVSS:3.1/AV:N/AC:L/PR:L/UI:N/S:U/C:H/I:H/A:H,0.7179,0.01071,0,rce
CVE-2023-38950,7.5,CVSS:3.1/AV:N/AC:L/PR:N/UI:N/S:U/C:H/I:N/A:N,1.0,0.92468,1,info
CVE-2023-39129,5.5,CVSS:3.1/AV:L/AC:L/PR:N/UI:R/S:U/C:N/I:N/A:H,0.4615,0.00259,0,local
CVE-2023-39227,7.5,CVSS:3.1/AV:N/AC:L/PR:N/UI:N/S:U/C:H/I:N/A:N,1.0,0.00312,0,info
CVE-2023-39299,7.5,CVSS:3.1/AV:N/AC:L/PR:N/UI:N/S:U/C:H/I:N/A:N,1.0,0.00613,0,info
CVE-2023-39560,9.8,CVSS:3.1/AV:N/AC:L/PR:N/UI:N/S:U/C:H/I:H/A:H,1.0,0.04684,0,rce
CVE-2023-39646,9.8,CVSS:3.1/AV:N/AC:L/PR:N/UI:N/S:U/C:H/I:H/A:H,1.0,0.00535,0,rce
CVE-2023-40044,8.8,CVSS:3.1/AV:N/AC:L/PR:L/UI:N/S:U/C:H/I:H/A:H,0.7179,0.9015,1,rce
CVE-2023-40090,6.5,CVSS:3.1/AV:N/AC:L/PR:L/UI:N/S:U/C:H/I:N/A:N,0.7179,0.00542,0,info
CVE-2023-40260,9.1,CVSS:3.1/AV:N/AC:L/PR:N/UI:N/S:U/C:H/I:H/A:N,1.0,0.00628,0,rce
CVE-2023-40535,5.4,CVSS:3.1/AV:N/AC:L/PR:L/UI:R/S:C/C:L/I:L/A:N,0.5897,0.00441,0,info
CVE-2023-40555,9.8,CVSS:3.1/AV:N/AC:L/PR:N/UI:N/S:U/C:H/I:H/A:H,1.0,0.00602,0,rce
CVE-2023-40584,6.5,CVSS:3.1/AV:N/AC:L/PR:L/UI:N/S:U/C:N/I:N/A:H,0.7179,0.01419,0,info
CVE-2023-40597,8.8,CVSS:3.1/AV:L/AC:L/PR:L/UI:N/S:C/C:H/I:H/A:H,0.5128,0.00234,0,local
CVE-2023-40634,7.8,CVSS:3.1/AV:L/AC:L/PR:L/UI:N/S:U/C:H/I:H/A:H,0.4615,0.00079,0,local
CVE-2023-40676,4.8,CVSS:3.1/AV:N/AC:L/PR:H/UI:R/S:C/C:L/I:L/A:N,0.4359,0.00418,0,info
CVE-2023-41000,5.5,CVSS:3.1/AV:L/AC:L/PR:N/UI:R/S:U/C:N/I:N/A:H,0.4615,0.00302,0,local
CVE-2023-41053,3.3,CVSS:3.1/AV:L/AC:L/PR:L/UI:N/S:U/C:L/I:N/A:N,0.4615,0.0029,0,local
CVE-2023-41064,7.8,CVSS:3.1/AV:L/AC:L/PR:N/UI:R/S:U/C:H/I:H/A:H,0.4615,0.44784,1,local
CVE-2023-41096,6.1,CVSS:3.1/AV:P/AC:L/PR:N/UI:N/S:U/C:H/I:H/A:N,0.2308,0.00107,0,local
CVE-2023-41158,5.4,CVSS:3.1/AV:N/AC:L/PR:L/UI:R/S:C/C:L/I:L/A:N,0.5897,0.00526,0,info
CVE-2023-41226,6.8,CVSS:3.1/AV:A/AC:L/PR:H/UI:N/S:U/C:H/I:H/A:H,0.2308,0.009,0,rce
CVE-2023-41266,6.5,CVSS:3.1/AV:N/AC:L/PR:N/UI:N/S:U/C:L/I:L/A:N,1.0,0.84843,1,info
CVE-2023-41563,9.8,CVSS:3.1/AV:N/AC:L/PR:N/UI:N/S:U/C:H/I:H/A:H,1.0,0.00838,0,rce
CVE-2023-41657,4.8,CVSS:3.1/AV:N/AC:L/PR:H/UI:R/S:C/C:L/I:L/A:N,0.4359,0.00359,0,info
CVE-2023-41763,5.3,CVSS:3.1/AV:N/AC:L/PR:N/UI:N/S:U/C:L/I:N/A:N,1.0,0.90353,1,info
CVE-2023-41911,5.5,CVSS:3.1/AV:L/AC:L/PR:L/UI:N/S:U/C:N/I:N/A:H,0.4615,0.00137,0,local
CVE-2023-41918,10.0,CVSS:3.1/AV:N/AC:L/PR:N/UI:N/S:C/C:H/I:H/A:H,1.0,0.00571,0,rce
CVE-2023-4228,4.3,CVSS:3.1/AV:N/AC:L/PR:N/UI:R/S:U/C:L/I:N/A:N,0.7179,0.00348,0,info
CVE-2023-42334,6.5,CVSS:3.1/AV:N/AC:L/PR:L/UI:N/S:U/C:H/I:N/A:N,0.7179,0.00782,0,info
CVE-2023-42454,9.1,CVSS:3.1/AV:N/AC:L/PR:N/UI:N/S:U/C:H/I:H/A:N,1.0,0.00742,0,rce
CVE-2023-42527,5.5,CVSS:3.1/AV:L/AC:L/PR:L/UI:N/S:U/C:H/I:N/A:N,0.4615,0.00201,0,local
CVE-2023-42812,4.3,CVSS:3.1/AV:N/AC:L/PR:L/UI:N/S:U/C:L/I:N/A:N,0.7179,0.00385,0,info
CVE-2023-42870,7.8,CVSS:3.1/AV:L/AC:L/PR:N/UI:R/S:U/C:H/I:H/A:H,0.4615,0.00204,0,local
CVE-2023-42908,7.8,CVSS:3.1/AV:L/AC:L/PR:N/UI:R/S:U/C:H/I:H/A:H,0.4615,0.00311,0,local
CVE-2023-43051,5.4,CVSS:3.1/AV:N/AC:L/PR:L/UI:R/S:C/C:L/I:L/A:N,0.5897,0.00626,0,info
CVE-2023-43208,9.8,CVSS:3.1/AV:N/AC:L/PR:N/UI:N/S:U/C:H/I:H/A:H,1.0,0.82708,1,rce
CVE-2023-43309,4.8,CVSS:3.1/AV:N/AC:L/PR:H/UI:R/S:C/C:L/I:L/A:N,0.4359,0.00457,0,info
CVE-2023-43485,5.5,CVSS:3.1/AV:L/AC:L/PR:L/UI:N/S:U/C:H/I:N/A:N,0.4615,0.00171,0,local
CVE-2023-43527,5.5,CVSS:3.1/AV:L/AC:L/PR:L/UI:N/S:U/C:H/I:N/A:N,0.4615,0.00116,0,local
CVE-2023-43656,9.0,CVSS:3.1/AV:N/AC:H/PR:N/UI:N/S:C/C:H/I:H/A:H,0.5641,0.00283,0,rce
CVE-2023-43752,8.0,CVSS:3.1/AV:A/AC:L/PR:L/UI:N/S:U/C:H/I:H/A:H,0.5385,0.00999,0,rce
CVE-2023-43753,5.3,CVSS:3.1/AV:L/AC:H/PR:H/UI:N/S:C/C:H/I:N/A:N,0.2051,0.00153,0,local
CVE-2023-4404,9.8,CVSS:3.1/AV:N/AC:L/PR:N/UI:N/S:U/C:H/I:H/A:H,1.0,0.00914,0,rce
CVE-2023-45010,4.8,CVSS:3.1/AV:N/AC:L/PR:H/UI:R/S:C/C:L/I:L/A:N,0.4359,0.00316,0,info
CVE-2023-45284,5.3,CVSS:3.1/AV:N/AC:L/PR:N/UI:N/S:U/C:N/I:L/A:N,1.0,0.00903,0,info
CVE-2023-45394,5.4,CVSS:3.1/AV:N/AC:L/PR:L/UI:R/S:C/C:L/I:L/A:N,0.5897,0.00359,0,info
CVE-2023-45626,7.2,CVSS:3.1/AV:N/AC:L/PR:H/UI:N/S:U/C:H/I:H/A:H,0.3077,0.00942,0,rce
CVE-2023-45661,7.1,CVSS:3.1/AV:L/AC:L/PR:N/UI:R/S:U/C:H/I:N/A:H,0.4615,0.00574,0,local
CVE-2023-45770,6.1,CVSS:3.1/AV:N/AC:L/PR:N/UI:R/S:C/C:L/I:L/A:N,0.7179,0.00437,0,info
CVE-2023-4589,7.2,CVSS:3.1/AV:N/AC:L/PR:H/UI:N/S:U/C:H/I:H/A:H,0.3077,0.00324,0,rce
CVE-2023-46095,8.8,CVSS:3.1/AV:N/AC:L/PR:N/UI:R/S:U/C:H/I:H/A:H,0.7179,0.00208,0,rce
CVE-2023-46147,8.8,CVSS:3.1/AV:N/AC:L/PR:L/UI:N/S:U/C:H/I:H/A:H,0.7179,0.00493,0,rce
CVE-2023-46188,4.3,CVSS:3.1/AV:N/AC:L/PR:L/UI:N/S:U/C:N/I:N/A:L,0.7179,0.00416,0,info
CVE-2023-46456,9.8,CVSS:3.1/AV:N/AC:L/PR:N/UI:N/S:U/C:H/I:H/A:H,1.0,0.24725,0,rce
CVE-2023-46666,6.5,CVSS:3.1/AV:N/AC:L/PR:L/UI:N/S:U/C:H/I:N/A:N,0.7179,0.00365,0,info
CVE-2023-46805,8.2,CVSS:3.1/AV:N/AC:L/PR:N/UI:N/S:U/C:H/I:L/A:N,1.0,0.99986,1,info
CVE-2023-46918,4.6,CVSS:3.1/AV:P/AC:L/PR:N/UI:N/S:U/C:H/I:N/A:N,0.2308,0.00292,0,local
CVE-2023-4693,4.6,CVSS:3.1/AV:P/AC:L/PR:N/UI:N/S:U/C:H/I:N/A:N,0.2308,0.00496,0,local
CVE-2023-47024,8.8,CVSS:3.1/AV:N/AC:L/PR:N/UI:R/S:U/C:H/I:H/A:H,0.7179,0.0025,0,rce
CVE-2023-47143,9.8,CVSS:3.1/AV:N/AC:L/PR:N/UI:N/S:U/C:H/I:H/A:H,1.0,0.00785,0,rce
CVE-2023-47221,4.9,CVSS:3.1/AV:N/AC:L/PR:H/UI:N/S:U/C:H/I:N/A:N,0.3077,0.0045,0,info
CVE-2023-47267,9.8,CVSS:3.1/AV:N/AC:L/PR:N/UI:N/S:U/C:H/I:H/A:H,1.0,0.0075,0,rce
CVE-2023-47326,8.8,CVSS:3.1/AV:N/AC:L/PR:N/UI:R/S:U/C:H/I:H/A:H,0.7179,0.00383,0,rce
CVE-2023-47811,5.4,CVSS:3.1/AV:N/AC:L/PR:L/UI:R/S:C/C:L/I:L/A:N,0.5897,0.00416,0,info
CVE-2023-48130,5.4,CVSS:3.1/AV:N/AC:L/PR:L/UI:N/S:U/C:L/I:L/A:N,0.7179,0.00359,0,info
CVE-2023-48207,8.8,CVSS:3.1/AV:N/AC:L/PR:L/UI:N/S:U/C:H/I:H/A:H,0.7179,0.01166,0,rce
CVE-2023-48227,4.3,CVSS:3.1/AV:N/AC:L/PR:L/UI:N/S:U/C:N/I:L/A:N,0.7179,0.00408,0,info
CVE-2023-48299,5.3,CVSS:3.1/AV:N/AC:L/PR:N/UI:N/S:U/C:N/I:L/A:N,1.0,0.00679,0,info
CVE-2023-48392,9.8,CVSS:3.1/AV:N/AC:L/PR:N/UI:N/S:U/C:H/I:H/A:H,1.0,0.0057,0,rce
CVE-2023-48484,5.4,CVSS:3.1/AV:N/AC:L/PR:L/UI:R/S:C/C:L/I:L/A:N,0.5897,0.00562,0,info
CVE-2023-48496,5.4,CVSS:3.1/AV:N/AC:L/PR:L/UI:R/S:C/C:L/I:L/A:N,0.5897,0.00562,0,info
CVE-2023-48514,5.4,CVSS:3.1/AV:N/AC:L/PR:L/UI:R/S:C/C:L/I:L/A:N,0.5897,0.00562,0,info
CVE-2023-48535,5.4,CVSS:3.1/AV:N/AC:L/PR:L/UI:R/S:C/C:L/I:L/A:N,0.5897,0.00562,0,info
CVE-2023-48595,5.4,CVSS:3.1/AV:N/AC:L/PR:L/UI:R/S:C/C:L/I:L/A:N,0.5897,0.00597,0,info
CVE-2023-48659,9.8,CVSS:3.1/AV:N/AC:L/PR:N/UI:N/S:U/C:H/I:H/A:H,1.0,0.00915,0,rce
CVE-2023-48775,5.3,CVSS:3.1/AV:N/AC:L/PR:N/UI:N/S:U/C:N/I:L/A:N,1.0,0.00376,0,info
CVE-2023-48925,9.8,CVSS:3.1/AV:N/AC:L/PR:N/UI:N/S:U/C:H/I:H/A:H,1.0,0.00512,0,rce
CVE-2023-48964,7.5,CVSS:3.1/AV:N/AC:L/PR:N/UI:N/S:U/C:N/I:N/A:H,1.0,0.0077,0,info
CVE-2023-4911,7.8,CVSS:3.1/AV:L/AC:L/PR:L/UI:N/S:U/C:H/I:H/A:H,0.4615,0.81422,1,local
CVE-2023-49342,7.8,CVSS:3.1/AV:L/AC:L/PR:L/UI:N/S:U/C:H/I:H/A:H,0.4615,0.00312,0,local
CVE-2023-49708,9.8,CVSS:3.1/AV:N/AC:L/PR:N/UI:N/S:U/C:H/I:H/A:H,1.0,0.00825,0,rce
CVE-2023-50297,6.1,CVSS:3.1/AV:N/AC:L/PR:N/UI:R/S:C/C:L/I:L/A:N,0.7179,0.00402,0,info
CVE-2023-50831,5.4,CVSS:3.1/AV:N/AC:L/PR:L/UI:R/S:C/C:L/I:L/A:N,0.5897,0.00517,0,info
CVE-2023-51374,4.8,CVSS:3.1/AV:N/AC:L/PR:H/UI:R/S:C/C:L/I:L/A:N,0.4359,0.00328,0,info
CVE-2023-51474,8.8,CVSS:3.1/AV:N/AC:L/PR:N/UI:R/S:U/C:H/I:H/A:H,0.7179,0.00263,0,rce
CVE-2023-51549,7.8,CVSS:3.1/AV:L/AC:L/PR:N/UI:R/S:U/C:H/I:H/A:H,0.4615,0.00415,0,local
CVE-2023-51563,7.8,CVSS:3.0/AV:L/AC:L/PR:N/UI:R/S:U/C:H/I:H/A:H,0.4615,0.00541,0,local
CVE-2023-51693,5.4,CVSS:3.1/AV:N/AC:L/PR:L/UI:R/S:C/C:L/I:L/A:N,0.5897,0.00328,0,info
CVE-2023-51792,3.3,CVSS:3.1/AV:L/AC:L/PR:L/UI:N/S:U/C:N/I:L/A:N,0.4615,0.00232,0,local
CVE-2023-52152,7.5,CVSS:3.1/AV:N/AC:L/PR:N/UI:N/S:U/C:N/I:N/A:H,1.0,0.00599,0,info
CVE-2023-52213,6.1,CVSS:3.1/AV:N/AC:L/PR:N/UI:R/S:C/C:L/I:L/A:N,0.7179,0.00323,0,info
CVE-2023-5236,6.5,CVSS:3.1/AV:N/AC:L/PR:L/UI:N/S:U/C:N/I:N/A:H,0.7179,0.0089,0,info
CVE-2023-52510,7.8,CVSS:3.1/AV:L/AC:L/PR:L/UI:N/S:U/C:H/I:H/A:H,0.4615,0.00244,0,local
CVE-2023-52606,5.5,CVSS:3.1/AV:L/AC:L/PR:L/UI:N/S:U/C:N/I:N/A:H,0.4615,0.00243,0,local
CVE-2023-52623,5.5,CVSS:3.1/AV:L/AC:L/PR:L/UI:N/S:U/C:N/I:N/A:H,0.4615,0.00277,0,local
CVE-2023-52669,7.8,CVSS:3.1/AV:L/AC:L/PR:L/UI:N/S:U/C:H/I:H/A:H,0.4615,0.00684,0,local
CVE-2023-52707,7.8,CVSS:3.1/AV:L/AC:L/PR:L/UI:N/S:U/C:H/I:H/A:H,0.4615,0.00262,0,local
CVE-2023-52982,5.5,CVSS:3.1/AV:L/AC:L/PR:L/UI:N/S:U/C:N/I:N/A:H,0.4615,0.00224,0,local
CVE-2023-53123,7.8,CVSS:3.1/AV:L/AC:L/PR:L/UI:N/S:U/C:H/I:H/A:H,0.4615,0.00184,0,local
CVE-2023-53201,5.5,CVSS:3.1/AV:L/AC:L/PR:L/UI:N/S:U/C:N/I:N/A:H,0.4615,0.00163,0,local
CVE-2023-53226,5.5,CVSS:3.1/AV:L/AC:L/PR:L/UI:N/S:U/C:N/I:N/A:H,0.4615,0.00235,0,local
CVE-2023-53263,7.8,CVSS:3.1/AV:L/AC:L/PR:L/UI:N/S:U/C:H/I:H/A:H,0.4615,0.00157,0,local
CVE-2023-53340,7.8,CVSS:3.1/AV:L/AC:L/PR:L/UI:N/S:U/C:H/I:H/A:H,0.4615,0.00211,0,local
CVE-2023-53402,5.5,CVSS:3.1/AV:L/AC:L/PR:L/UI:N/S:U/C:N/I:N/A:H,0.4615,0.00145,0,local
CVE-2023-53472,5.5,CVSS:3.1/AV:L/AC:L/PR:L/UI:N/S:U/C:N/I:N/A:H,0.4615,0.00156,0,local
CVE-2023-53573,5.5,CVSS:3.1/AV:L/AC:L/PR:L/UI:N/S:U/C:N/I:N/A:H,0.4615,0.00143,0,local
CVE-2023-5387,4.3,CVSS:3.1/AV:N/AC:L/PR:L/UI:N/S:U/C:N/I:L/A:N,0.7179,0.004,0,info
CVE-2023-53894,9.8,CVSS:3.1/AV:N/AC:L/PR:N/UI:N/S:U/C:H/I:H/A:H,1.0,0.00622,0,rce
CVE-2023-53948,9.8,CVSS:3.1/AV:N/AC:L/PR:N/UI:N/S:U/C:H/I:H/A:H,1.0,0.00932,0,rce
CVE-2023-53990,7.8,CVSS:3.1/AV:L/AC:L/PR:L/UI:N/S:U/C:H/I:H/A:H,0.4615,0.00153,0,local
CVE-2023-54095,7.0,CVSS:3.1/AV:L/AC:H/PR:L/UI:N/S:U/C:H/I:H/A:H,0.2564,0.00162,0,local
CVE-2023-54125,7.8,CVSS:3.1/AV:L/AC:L/PR:L/UI:N/S:U/C:H/I:H/A:H,0.4615,0.00161,0,local
CVE-2023-54337,9.1,CVSS:3.1/AV:N/AC:L/PR:N/UI:N/S:U/C:N/I:H/A:H,1.0,0.00544,0,rce
CVE-2023-5486,4.3,CVSS:3.1/AV:N/AC:L/PR:N/UI:R/S:U/C:N/I:L/A:N,0.7179,0.00691,0,info
CVE-2023-5522,4.3,CVSS:3.1/AV:N/AC:L/PR:N/UI:R/S:U/C:N/I:N/A:L,0.7179,0.00377,0,info
CVE-2023-5563,7.5,CVSS:3.1/AV:N/AC:L/PR:N/UI:N/S:U/C:N/I:N/A:H,1.0,0.00449,0,info
CVE-2023-5659,5.4,CVSS:3.1/AV:N/AC:L/PR:L/UI:R/S:C/C:L/I:L/A:N,0.5897,0.0054,0,info
CVE-2023-5859,4.3,CVSS:3.1/AV:N/AC:L/PR:N/UI:R/S:U/C:N/I:L/A:N,0.7179,0.00625,0,info
CVE-2023-6282,6.1,CVSS:3.1/AV:N/AC:L/PR:N/UI:R/S:C/C:L/I:L/A:N,0.7179,0.00309,0,info
CVE-2023-6345,9.6,CVSS:3.1/AV:N/AC:L/PR:N/UI:R/S:C/C:H/I:H/A:H,0.7179,0.16468,1,rce
CVE-2023-6548,8.8,CVSS:3.1/AV:N/AC:L/PR:L/UI:N/S:U/C:H/I:H/A:H,0.7179,0.03191,1,rce
CVE-2023-6571,6.1,CVSS:3.1/AV:N/AC:L/PR:N/UI:R/S:C/C:L/I:L/A:N,0.7179,0.00446,0,info
CVE-2023-6778,5.4,CVSS:3.1/AV:N/AC:L/PR:L/UI:R/S:C/C:L/I:L/A:N,0.5897,0.00432,0,info
CVE-2023-6930,9.8,CVSS:3.1/AV:N/AC:L/PR:N/UI:N/S:U/C:H/I:H/A:H,1.0,0.00821,0,rce
CVE-2023-7028,9.8,CVSS:3.1/AV:N/AC:L/PR:N/UI:N/S:U/C:H/I:H/A:H,1.0,0.94647,1,rce
CVE-2023-7101,7.8,CVSS:3.1/AV:L/AC:L/PR:N/UI:R/S:U/C:H/I:H/A:H,0.4615,0.19106,1,local
CVE-2024-0075,6.1,CVSS:3.1/AV:L/AC:L/PR:L/UI:N/S:U/C:L/I:N/A:H,0.4615,0.00206,0,local
CVE-2024-0179,8.2,CVSS:3.1/AV:L/AC:L/PR:H/UI:N/S:C/C:H/I:H/A:H,0.3846,0.00202,0,local
CVE-2024-0287,9.8,CVSS:3.1/AV:N/AC:L/PR:N/UI:N/S:U/C:H/I:H/A:H,1.0,0.00711,0,rce
CVE-2024-0347,3.7,CVSS:3.1/AV:N/AC:H/PR:N/UI:N/S:U/C:L/I:N/A:N,0.5641,0.00921,0,info
CVE-2024-0461,9.8,CVSS:3.1/AV:N/AC:L/PR:N/UI:N/S:U/C:H/I:H/A:H,1.0,0.005,0,rce
CVE-2024-0502,7.2,CVSS:3.1/AV:N/AC:L/PR:H/UI:N/S:U/C:H/I:H/A:H,0.3077,0.00622,0,rce
CVE-2024-0570,9.1,CVSS:3.1/AV:N/AC:L/PR:N/UI:N/S:U/C:H/I:H/A:N,1.0,0.00795,0,rce
CVE-2024-0922,9.8,CVSS:3.1/AV:N/AC:L/PR:N/UI:N/S:U/C:H/I:H/A:H,1.0,0.00893,0,rce
CVE-2024-10250,6.1,CVSS:3.1/AV:N/AC:L/PR:N/UI:R/S:C/C:L/I:L/A:N,0.7179,0.00317,0,info
CVE-2024-10459,7.5,CVSS:3.1/AV:N/AC:L/PR:N/UI:N/S:U/C:N/I:N/A:H,1.0,0.00598,0,info
CVE-2024-10464,6.5,CVSS:3.1/AV:N/AC:L/PR:N/UI:R/S:U/C:N/I:N/A:H,0.7179,0.00601,0,info
CVE-2024-10666,4.3,CVSS:3.1/AV:N/AC:L/PR:L/UI:N/S:U/C:L/I:N/A:N,0.7179,0.00447,0,info
CVE-2024-10690,4.3,CVSS:3.1/AV:N/AC:L/PR:L/UI:N/S:U/C:L/I:N/A:N,0.7179,0.00302,0,info
CVE-2024-10704,4.8,CVSS:3.1/AV:N/AC:L/PR:H/UI:R/S:C/C:L/I:L/A:N,0.4359,0.00379,0,info
CVE-2024-10783,8.1,CVSS:3.1/AV:N/AC:H/PR:N/UI:N/S:U/C:H/I:H/A:H,0.5641,0.02353,0,rce
CVE-2024-10976,5.4,CVSS:3.1/AV:N/AC:L/PR:L/UI:N/S:U/C:L/I:L/A:N,0.7179,0.00769,0,info
CVE-2024-11013,7.2,CVSS:3.1/AV:N/AC:L/PR:H/UI:N/S:U/C:H/I:H/A:H,0.3077,0.01101,0,rce
CVE-2024-11090,7.5,CVSS:3.1/AV:N/AC:L/PR:N/UI:N/S:U/C:H/I:N/A:N,1.0,0.00455,0,info
CVE-2024-11231,6.4,CVSS:3.1/AV:N/AC:L/PR:L/UI:N/S:C/C:L/I:L/A:N,0.7949,0.00445,0,info
CVE-2024-11551,7.8,CVSS:3.1/AV:L/AC:L/PR:N/UI:R/S:U/C:H/I:H/A:H,0.4615,0.00393,0,local
CVE-2024-11634,7.2,CVSS:3.1/AV:N/AC:L/PR:H/UI:N/S:U/C:H/I:H/A:H,0.3077,0.01835,0,rce
CVE-2024-11788,6.4,CVSS:3.1/AV:N/AC:L/PR:L/UI:N/S:C/C:L/I:L/A:N,0.7949,0.0041,0,info
CVE-2024-11813,6.1,CVSS:3.1/AV:N/AC:L/PR:N/UI:R/S:C/C:L/I:L/A:N,0.7179,0.00202,0,info
CVE-2024-11886,6.4,CVSS:3.1/AV:N/AC:L/PR:L/UI:N/S:C/C:L/I:L/A:N,0.7949,0.00312,0,info
CVE-2024-11964,9.8,CVSS:3.1/AV:N/AC:L/PR:N/UI:N/S:U/C:H/I:H/A:H,1.0,0.0087,0,rce
CVE-2024-11970,9.8,CVSS:3.1/AV:N/AC:L/PR:N/UI:N/S:U/C:H/I:H/A:H,1.0,0.00797,0,rce
CVE-2024-11994,5.7,CVSS:3.1/AV:A/AC:L/PR:L/UI:N/S:U/C:H/I:N/A:N,0.5385,0.00248,0,info
CVE-2024-12258,6.1,CVSS:3.1/AV:N/AC:L/PR:N/UI:R/S:C/C:L/I:L/A:N,0.7179,0.00432,0,info
CVE-2024-12406,6.5,CVSS:3.1/AV:N/AC:L/PR:L/UI:N/S:U/C:H/I:N/A:N,0.7179,0.00416,0,info
CVE-2024-12497,9.8,CVSS:3.1/AV:N/AC:L/PR:N/UI:N/S:U/C:H/I:H/A:H,1.0,0.00869,0,rce
CVE-2024-12817,6.4,CVSS:3.1/AV:N/AC:L/PR:L/UI:N/S:C/C:L/I:L/A:N,0.7949,0.00307,0,info
CVE-2024-12951,9.8,CVSS:3.1/AV:N/AC:L/PR:N/UI:N/S:U/C:H/I:H/A:H,1.0,0.00687,0,rce
CVE-2024-13160,7.5,CVSS:3.1/AV:N/AC:L/PR:N/UI:N/S:U/C:H/I:N/A:N,1.0,0.91247,1,info
CVE-2024-13199,6.1,CVSS:3.1/AV:N/AC:L/PR:N/UI:R/S:C/C:L/I:L/A:N,0.7179,0.00457,0,info
CVE-2024-13210,7.2,CVSS:3.1/AV:N/AC:L/PR:H/UI:N/S:U/C:H/I:H/A:H,0.3077,0.00486,0,rce
CVE-2024-13307,5.3,CVSS:3.1/AV:N/AC:L/PR:N/UI:N/S:U/C:N/I:L/A:N,1.0,0.00286,0,info
CVE-2024-13456,5.4,CVSS:3.1/AV:N/AC:L/PR:L/UI:R/S:C/C:L/I:L/A:N,0.5897,0.00246,0,info
CVE-2024-1347,5.3,CVSS:3.1/AV:N/AC:L/PR:N/UI:N/S:U/C:N/I:L/A:N,1.0,0.00473,0,info
CVE-2024-13494,4.3,CVSS:3.1/AV:N/AC:L/PR:N/UI:R/S:U/C:N/I:L/A:N,0.7179,0.00167,0,info
CVE-2024-13512,5.4,CVSS:3.1/AV:N/AC:L/PR:N/UI:R/S:U/C:L/I:L/A:N,0.7179,0.00139,0,info
CVE-2024-13633,7.1,CVSS:3.1/AV:N/AC:L/PR:N/UI:R/S:C/C:L/I:L/A:L,0.7179,0.00381,0,info
CVE-2024-13704,6.1,CVSS:3.1/AV:N/AC:L/PR:N/UI:R/S:C/C:L/I:L/A:N,0.7179,0.00348,0,info
CVE-2024-13773,7.5,CVSS:3.1/AV:N/AC:L/PR:N/UI:N/S:U/C:H/I:N/A:N,1.0,0.00269,0,info
CVE-2024-13811,4.3,CVSS:3.1/AV:N/AC:L/PR:L/UI:N/S:U/C:N/I:L/A:N,0.7179,0.00235,0,info
CVE-2024-1389,5.3,CVSS:3.1/AV:N/AC:L/PR:N/UI:N/S:U/C:N/I:L/A:N,1.0,0.00519,0,info
CVE-2024-14004,8.8,CVSS:3.1/AV:N/AC:L/PR:L/UI:N/S:U/C:H/I:H/A:H,0.7179,0.01035,0,rce
CVE-2024-1716,4.3,CVSS:3.1/AV:N/AC:L/PR:L/UI:N/S:U/C:N/I:L/A:N,0.7179,0.00431,0,info
CVE-2024-1791,5.4,CVSS:3.1/AV:N/AC:L/PR:L/UI:R/S:C/C:L/I:L/A:N,0.5897,0.00444,0,info
CVE-2024-1874,9.4,CVSS:3.1/AV:N/AC:L/PR:N/UI:N/S:U/C:H/I:H/A:L,1.0,0.32568,0,rce
CVE-2024-1906,4.3,CVSS:3.1/AV:N/AC:L/PR:N/UI:R/S:U/C:N/I:L/A:N,0.7179,0.00202,0,info
CVE-2024-2000,5.4,CVSS:3.1/AV:N/AC:L/PR:L/UI:R/S:C/C:L/I:L/A:N,0.5897,0.00423,0,info
CVE-2024-20004,7.5,CVSS:3.1/AV:N/AC:L/PR:N/UI:N/S:U/C:N/I:N/A:H,1.0,0.01205,0,info
CVE-2024-20079,6.7,CVSS:3.1/AV:L/AC:L/PR:H/UI:N/S:U/C:H/I:H/A:H,0.2051,0.00173,0,local
CVE-2024-20264,5.4,CVSS:3.1/AV:N/AC:L/PR:L/UI:R/S:C/C:L/I:L/A:N,0.5897,0.00391,0,info
CVE-2024-20376,7.5,CVSS:3.1/AV:N/AC:L/PR:N/UI:N/S:U/C:N/I:N/A:H,1.0,0.00881,0,info
CVE-2024-20399,6.7,CVSS:3.1/AV:L/AC:L/PR:H/UI:N/S:U/C:H/I:H/A:H,0.2051,0.04306,1,local
CVE-2024-20417,8.1,CVSS:3.1/AV:N/AC:L/PR:L/UI:N/S:U/C:H/I:H/A:N,0.7179,0.00498,0,rce
CVE-2024-2043,5.3,CVSS:3.1/AV:N/AC:L/PR:N/UI:N/S:U/C:L/I:N/A:N,1.0,0.00532,0,info
CVE-2024-20435,7.8,CVSS:3.1/AV:L/AC:L/PR:L/UI:N/S:U/C:H/I:H/A:H,0.4615,0.00164,0,local
CVE-2024-20537,6.5,CVSS:3.1/AV:N/AC:L/PR:L/UI:N/S:U/C:N/I:H/A:N,0.7179,0.00463,0,rce
CVE-2024-2073,8.8,CVSS:3.1/AV:N/AC:L/PR:L/UI:N/S:U/C:H/I:H/A:H,0.7179,0.00692,0,rce
CVE-2024-20835,7.8,CVSS:3.1/AV:L/AC:L/PR:L/UI:N/S:U/C:H/I:H/A:H,0.4615,0.0014,0,local
CVE-2024-21105,2.0,CVSS:3.1/AV:L/AC:L/PR:H/UI:R/S:U/C:L/I:N/A:N,0.1538,0.00258,0,local
CVE-2024-21117,5.3,CVSS:3.1/AV:L/AC:L/PR:L/UI:N/S:U/C:L/I:L/A:L,0.4615,0.0032,0,local
CVE-2024-21242,3.5,CVSS:3.1/AV:N/AC:L/PR:L/UI:R/S:U/C:N/I:N/A:L,0.5385,0.00465,0,info
CVE-2024-21252,8.1,CVSS:3.1/AV:N/AC:L/PR:L/UI:N/S:U/C:H/I:H/A:N,0.7179,0.00432,0,rce
CVE-2024-21338,7.8,CVSS:3.1/AV:L/AC:L/PR:L/UI:N/S:U/C:H/I:H/A:H,0.4615,0.5981,1,local
CVE-2024-21410,9.8,CVSS:3.1/AV:N/AC:L/PR:N/UI:N/S:U/C:H/I:H/A:H,1.0,0.12561,1,rce
CVE-2024-21503,5.3,CVSS:3.1/AV:N/AC:L/PR:N/UI:N/S:U/C:N/I:N/A:L,1.0,0.00979,0,info
CVE-2024-21750,6.1,CVSS:3.1/AV:N/AC:L/PR:N/UI:R/S:C/C:L/I:L/A:N,0.7179,0.00393,0,info
CVE-2024-21887,9.1,CVSS:3.1/AV:N/AC:L/PR:H/UI:N/S:C/C:H/I:H/A:H,0.5897,0.99999,1,rce
CVE-2024-2194,7.2,CVSS:3.1/AV:N/AC:L/PR:N/UI:N/S:C/C:L/I:L/A:N,1.0,0.67723,0,info
CVE-2024-22419,9.8,CVSS:3.1/AV:N/AC:L/PR:N/UI:N/S:U/C:H/I:H/A:H,1.0,0.0077,0,rce
CVE-2024-22851,7.5,CVSS:3.1/AV:N/AC:L/PR:N/UI:N/S:U/C:H/I:N/A:N,1.0,0.0119,0,info
CVE-2024-23204,7.5,CVSS:3.1/AV:N/AC:L/PR:N/UI:N/S:U/C:H/I:N/A:N,1.0,0.01789,0,info
CVE-2024-23222,8.8,CVSS:3.1/AV:N/AC:L/PR:N/UI:R/S:U/C:H/I:H/A:H,0.7179,0.10593,1,rce
CVE-2024-23225,7.8,CVSS:3.1/AV:L/AC:L/PR:L/UI:N/S:U/C:H/I:H/A:H,0.4615,0.01481,1,local
CVE-2024-2324,5.4,CVSS:3.1/AV:N/AC:L/PR:L/UI:R/S:C/C:L/I:L/A:N,0.5897,0.00318,0,info
CVE-2024-23504,5.3,CVSS:3.1/AV:N/AC:L/PR:N/UI:N/S:U/C:L/I:N/A:N,1.0,0.00325,0,info
CVE-2024-23605,9.8,CVSS:3.1/AV:N/AC:L/PR:N/UI:N/S:U/C:H/I:H/A:H,1.0,0.01338,0,rce
CVE-2024-23715,7.8,CVSS:3.1/AV:L/AC:L/PR:L/UI:N/S:U/C:H/I:H/A:H,0.4615,0.00103,0,local
CVE-2024-23734,5.2,CVSS:3.1/AV:N/AC:L/PR:H/UI:R/S:U/C:H/I:L/A:N,0.2308,0.0014,0,info
CVE-2024-23760,2.7,CVSS:3.1/AV:N/AC:L/PR:H/UI:N/S:U/C:L/I:N/A:N,0.3077,0.00442,0,info
CVE-2024-2387,6.1,CVSS:3.1/AV:N/AC:L/PR:N/UI:R/S:C/C:L/I:L/A:N,0.7179,0.01639,0,info
CVE-2024-23900,4.3,CVSS:3.1/AV:N/AC:L/PR:L/UI:N/S:U/C:N/I:L/A:N,0.7179,0.00691,0,info
CVE-2024-24350,8.8,CVSS:3.1/AV:N/AC:L/PR:L/UI:N/S:U/C:H/I:H/A:H,0.7179,0.0119,0,rce
CVE-2024-24701,8.8,CVSS:3.1/AV:N/AC:L/PR:N/UI:R/S:U/C:H/I:H/A:H,0.7179,0.00277,0,rce
CVE-2024-25128,9.1,CVSS:3.1/AV:N/AC:L/PR:N/UI:N/S:U/C:H/I:H/A:N,1.0,0.00857,0,rce
CVE-2024-25189,9.8,CVSS:3.1/AV:N/AC:L/PR:N/UI:N/S:U/C:H/I:H/A:H,1.0,0.00954,0,rce
CVE-2024-25222,9.8,CVSS:3.1/AV:N/AC:L/PR:N/UI:N/S:U/C:H/I:H/A:H,1.0,0.00748,0,rce
CVE-2024-25392,5.9,CVSS:3.1/AV:L/AC:L/PR:N/UI:N/S:U/C:L/I:L/A:L,0.641,0.0028,0,local
CVE-2024-25552,7.8,CVSS:3.1/AV:L/AC:L/PR:L/UI:N/S:U/C:H/I:H/A:H,0.4615,0.00239,0,local
CVE-2024-25897,9.8,CVSS:3.1/AV:N/AC:L/PR:N/UI:N/S:U/C:H/I:H/A:H,1.0,0.01554,0,rce
CVE-2024-26130,7.5,CVSS:3.1/AV:N/AC:L/PR:N/UI:N/S:U/C:N/I:N/A:H,1.0,0.00831,0,info
CVE-2024-26152,6.1,CVSS:3.1/AV:N/AC:L/PR:N/UI:R/S:C/C:L/I:L/A:N,0.7179,0.02217,0,info
CVE-2024-26185,6.5,CVSS:3.1/AV:N/AC:L/PR:N/UI:R/S:U/C:N/I:H/A:N,0.7179,0.30285,0,rce
CVE-2024-26254,7.5,CVSS:3.1/AV:N/AC:L/PR:N/UI:N/S:U/C:N/I:N/A:H,1.0,0.03136,0,info
CVE-2024-26318,6.1,CVSS:3.1/AV:N/AC:L/PR:N/UI:R/S:C/C:L/I:L/A:N,0.7179,0.00386,0,info
CVE-2024-26585,4.7,CVSS:3.1/AV:L/AC:H/PR:L/UI:N/S:U/C:N/I:N/A:H,0.2564,0.00586,0,local
CVE-2024-26767,5.5,CVSS:3.1/AV:L/AC:L/PR:L/UI:N/S:U/C:N/I:N/A:H,0.4615,0.00241,0,local
CVE-2024-27083,6.1,CVSS:3.1/AV:N/AC:L/PR:N/UI:R/S:C/C:L/I:L/A:N,0.7179,0.00567,0,info
CVE-2024-27347,5.3,CVSS:3.1/AV:N/AC:L/PR:N/UI:N/S:U/C:L/I:N/A:N,1.0,0.00995,0,info
CVE-2024-27443,6.1,CVSS:3.1/AV:N/AC:L/PR:N/UI:R/S:C/C:L/I:L/A:N,0.7179,0.23632,1,info
CVE-2024-2803,5.4,CVSS:3.1/AV:N/AC:L/PR:L/UI:R/S:C/C:L/I:L/A:N,0.5897,0.00343,0,info
CVE-2024-28073,7.2,CVSS:3.1/AV:N/AC:L/PR:H/UI:N/S:U/C:H/I:H/A:H,0.3077,0.0112,0,rce
CVE-2024-28154,6.5,CVSS:3.1/AV:N/AC:L/PR:L/UI:N/S:U/C:H/I:N/A:N,0.7179,0.00679,0,info
CVE-2024-2819,6.5,CVSS:3.1/AV:N/AC:L/PR:N/UI:N/S:U/C:L/I:L/A:N,1.0,0.00202,0,info
CVE-2024-28456,5.4,CVSS:3.1/AV:N/AC:L/PR:L/UI:R/S:C/C:L/I:L/A:N,0.5897,0.00698,0,info
CVE-2024-28564,6.2,CVSS:3.1/AV:L/AC:L/PR:N/UI:N/S:U/C:N/I:N/A:H,0.641,0.00459,0,local
CVE-2024-28623,6.1,CVSS:3.1/AV:N/AC:L/PR:N/UI:R/S:C/C:L/I:L/A:N,0.7179,0.01317,0,info
CVE-2024-28780,5.9,CVSS:3.1/AV:N/AC:H/PR:N/UI:N/S:U/C:H/I:N/A:N,0.5641,0.00201,0,info
CVE-2024-2892,8.8,CVSS:3.1/AV:N/AC:L/PR:L/UI:N/S:U/C:H/I:H/A:H,0.7179,0.01684,0,rce
CVE-2024-28941,8.8,CVSS:3.1/AV:N/AC:L/PR:N/UI:R/S:U/C:H/I:H/A:H,0.7179,0.02259,0,rce
CVE-2024-28961,7.8,CVSS:3.1/AV:L/AC:L/PR:L/UI:N/S:U/C:H/I:H/A:H,0.4615,0.0015,0,local
CVE-2024-28987,9.1,CVSS:3.1/AV:N/AC:L/PR:N/UI:N/S:U/C:H/I:H/A:N,1.0,0.93299,1,rce
CVE-2024-29392,5.4,CVSS:3.1/AV:N/AC:L/PR:L/UI:R/S:C/C:L/I:L/A:N,0.5897,0.00367,0,info
CVE-2024-29745,5.5,CVSS:3.1/AV:L/AC:L/PR:L/UI:N/S:U/C:H/I:N/A:N,0.4615,0.00482,1,local
CVE-2024-29758,7.1,CVSS:3.1/AV:N/AC:L/PR:N/UI:R/S:C/C:L/I:L/A:L,0.7179,0.00375,0,info
CVE-2024-29901,8.1,CVSS:3.1/AV:N/AC:H/PR:N/UI:N/S:U/C:H/I:H/A:H,0.5641,0.00659,0,rce
CVE-2024-30214,4.8,CVSS:3.1/AV:N/AC:L/PR:H/UI:R/S:C/C:L/I:L/A:N,0.4359,0.00316,0,info
CVE-2024-30427,6.1,CVSS:3.1/AV:N/AC:L/PR:N/UI:R/S:C/C:L/I:L/A:N,0.7179,0.00414,0,info
CVE-2024-30480,3.7,CVSS:3.1/AV:N/AC:H/PR:N/UI:N/S:U/C:L/I:N/A:N,0.5641,0.00479,0,info
CVE-2024-31008,6.5,CVSS:3.1/AV:N/AC:L/PR:L/UI:N/S:U/C:H/I:N/A:N,0.7179,0.00673,0,info
CVE-2024-31422,4.3,CVSS:3.1/AV:N/AC:L/PR:N/UI:R/S:U/C:N/I:L/A:N,0.7179,0.002,0,info
CVE-2024-3150,8.8,CVSS:3.1/AV:N/AC:L/PR:L/UI:N/S:U/C:H/I:H/A:H,0.7179,0.00793,0,rce
CVE-2024-31939,4.3,CVSS:3.1/AV:N/AC:L/PR:N/UI:R/S:U/C:N/I:L/A:N,0.7179,0.002,0,info
CVE-2024-31978,7.6,CVSS:3.1/AV:N/AC:L/PR:L/UI:N/S:U/C:L/I:L/A:H,0.7179,0.00464,0,info
CVE-2024-3215,4.3,CVSS:3.1/AV:N/AC:L/PR:N/UI:R/S:U/C:N/I:L/A:N,0.7179,0.00297,0,info
CVE-2024-32457,6.5,CVSS:3.1/AV:N/AC:L/PR:L/UI:R/S:C/C:L/I:L/A:L,0.5897,0.00312,0,info
CVE-2024-32720,5.3,CVSS:3.1/AV:N/AC:L/PR:N/UI:N/S:U/C:N/I:L/A:N,1.0,0.00351,0,info
CVE-2024-3273,9.8,CVSS:3.1/AV:N/AC:L/PR:N/UI:N/S:U/C:H/I:H/A:H,1.0,0.99997,1,rce
CVE-2024-32891,7.0,CVSS:3.1/AV:L/AC:H/PR:L/UI:N/S:U/C:H/I:H/A:H,0.2564,0.00085,0,local
CVE-2024-32918,6.1,CVSS:3.1/AV:P/AC:L/PR:N/UI:N/S:U/C:H/I:H/A:N,0.2308,0.00083,0,local
CVE-2024-3295,6.5,CVSS:3.1/AV:N/AC:L/PR:N/UI:N/S:U/C:N/I:L/A:L,1.0,0.0091,0,info
CVE-2024-33064,8.2,CVSS:3.1/AV:N/AC:L/PR:N/UI:N/S:U/C:H/I:N/A:L,1.0,0.00399,0,info
CVE-2024-33567,9.8,CVSS:3.1/AV:N/AC:L/PR:N/UI:N/S:U/C:H/I:H/A:H,1.0,0.00501,0,rce
CVE-2024-34070,9.6,CVSS:3.1/AV:N/AC:L/PR:N/UI:R/S:C/C:H/I:H/A:H,0.7179,0.00971,0,rce
CVE-2024-34102,9.8,CVSS:3.1/AV:N/AC:L/PR:N/UI:N/S:U/C:H/I:H/A:H,1.0,0.99994,1,rce
CVE-2024-3434,5.4,CVSS:3.1/AV:N/AC:L/PR:L/UI:N/S:U/C:N/I:L/A:L,0.7179,0.00463,0,info
CVE-2024-34374,5.4,CVSS:3.1/AV:N/AC:L/PR:L/UI:R/S:C/C:L/I:L/A:N,0.5897,0.00336,0,info
CVE-2024-3445,9.8,CVSS:3.1/AV:N/AC:L/PR:N/UI:N/S:U/C:H/I:H/A:H,1.0,0.00756,0,rce
CVE-2024-34572,6.5,CVSS:3.1/AV:N/AC:L/PR:L/UI:R/S:C/C:L/I:L/A:L,0.5897,0.00236,0,info
CVE-2024-34596,7.5,CVSS:3.1/AV:N/AC:L/PR:N/UI:N/S:U/C:N/I:N/A:H,1.0,0.00483,0,info
CVE-2024-34758,5.3,CVSS:3.1/AV:N/AC:L/PR:N/UI:N/S:U/C:L/I:N/A:N,1.0,0.00401,0,info
CVE-2024-34759,5.4,CVSS:3.1/AV:N/AC:L/PR:L/UI:R/S:C/C:L/I:L/A:N,0.5897,0.00254,0,info
CVE-2024-34804,5.4,CVSS:3.1/AV:N/AC:L/PR:L/UI:N/S:U/C:N/I:L/A:L,0.7179,0.00386,0,info
CVE-2024-34958,6.5,CVSS:3.1/AV:N/AC:L/PR:L/UI:R/S:C/C:L/I:L/A:L,0.5897,0.00381,0,info
CVE-2024-35139,5.5,CVSS:3.1/AV:L/AC:L/PR:L/UI:N/S:U/C:H/I:N/A:N,0.4615,0.00232,0,local
CVE-2024-35169,5.9,CVSS:3.1/AV:N/AC:L/PR:H/UI:R/S:C/C:L/I:L/A:L,0.4359,0.00421,0,info
CVE-2024-35225,6.1,CVSS:3.1/AV:N/AC:L/PR:N/UI:R/S:C/C:L/I:L/A:N,0.7179,0.00446,0,info
CVE-2024-35250,7.8,CVSS:3.1/AV:L/AC:L/PR:L/UI:N/S:U/C:H/I:H/A:H,0.4615,0.25033,1,local
CVE-2024-35286,9.8,CVSS:3.1/AV:N/AC:L/PR:N/UI:N/S:U/C:H/I:H/A:H,1.0,0.65732,0,rce
CVE-2024-3555,7.2,CVSS:3.1/AV:N/AC:L/PR:N/UI:N/S:C/C:L/I:L/A:N,1.0,0.00312,0,info
CVE-2024-35663,5.4,CVSS:3.1/AV:N/AC:L/PR:L/UI:N/S:U/C:N/I:L/A:L,0.7179,0.00387,0,info
CVE-2024-35790,5.5,CVSS:3.1/AV:L/AC:L/PR:L/UI:N/S:U/C:N/I:N/A:H,0.4615,0.00228,0,local
CVE-2024-35862,7.8,CVSS:3.1/AV:L/AC:L/PR:L/UI:N/S:U/C:H/I:H/A:H,0.4615,0.00662,0,local
CVE-2024-35864,7.8,CVSS:3.1/AV:L/AC:L/PR:L/UI:N/S:U/C:H/I:H/A:H,0.4615,0.00662,0,local
CVE-2024-36218,5.4,CVSS:3.1/AV:N/AC:L/PR:L/UI:R/S:C/C:L/I:L/A:N,0.5897,0.00313,0,info
CVE-2024-3662,4.3,CVSS:3.1/AV:N/AC:L/PR:L/UI:N/S:U/C:N/I:N/A:L,0.7179,0.00465,0,info
CVE-2024-36702,7.4,CVSS:3.1/AV:L/AC:H/PR:N/UI:N/S:U/C:H/I:H/A:H,0.359,0.00247,0,local
CVE-2024-36965,5.5,CVSS:3.1/AV:L/AC:L/PR:L/UI:N/S:U/C:N/I:N/A:H,0.4615,0.00221,0,local
CVE-2024-36971,7.8,CVSS:3.1/AV:L/AC:L/PR:L/UI:N/S:U/C:H/I:H/A:H,0.4615,0.02701,1,local
CVE-2024-37071,6.5,CVSS:3.1/AV:N/AC:L/PR:L/UI:N/S:U/C:N/I:N/A:H,0.7179,0.00378,0,info
CVE-2024-37078,7.1,CVSS:3.1/AV:L/AC:L/PR:L/UI:N/S:U/C:N/I:H/A:H,0.4615,0.00259,0,local
CVE-2024-37186,7.2,CVSS:3.1/AV:N/AC:L/PR:H/UI:N/S:U/C:H/I:H/A:H,0.3077,0.22827,0,rce
CVE-2024-37262,6.1,CVSS:3.1/AV:N/AC:L/PR:N/UI:R/S:C/C:L/I:L/A:N,0.7179,0.00308,0,info
CVE-2024-37352,3.4,CVSS:3.1/AV:N/AC:L/PR:H/UI:R/S:C/C:N/I:L/A:N,0.4359,0.00268,0,info
CVE-2024-37369,8.8,CVSS:3.1/AV:N/AC:L/PR:L/UI:N/S:U/C:H/I:H/A:H,0.7179,0.00333,0,rce
CVE-2024-37371,9.1,CVSS:3.1/AV:N/AC:L/PR:N/UI:N/S:U/C:H/I:N/A:H,1.0,0.01863,0,info
CVE-2024-37741,5.4,CVSS:3.1/AV:N/AC:L/PR:L/UI:R/S:C/C:L/I:L/A:N,0.5897,0.00334,0,info
CVE-2024-37846,4.6,CVSS:3.1/AV:N/AC:L/PR:L/UI:R/S:U/C:L/I:L/A:N,0.5385,0.00301,0,info
CVE-2024-37856,5.4,CVSS:3.1/AV:N/AC:L/PR:L/UI:R/S:C/C:L/I:L/A:N,0.5897,0.00301,0,info
CVE-2024-38047,7.8,CVSS:3.1/AV:L/AC:L/PR:L/UI:N/S:U/C:H/I:H/A:H,0.4615,0.00673,0,local
CVE-2024-38136,7.0,CVSS:3.1/AV:L/AC:H/PR:L/UI:N/S:U/C:H/I:H/A:H,0.2564,0.00427,0,local
CVE-2024-38152,7.8,CVSS:3.1/AV:L/AC:L/PR:N/UI:R/S:U/C:H/I:H/A:H,0.4615,0.00879,0,local
CVE-2024-38193,7.8,CVSS:3.1/AV:L/AC:L/PR:L/UI:N/S:U/C:H/I:H/A:H,0.4615,0.28529,1,local
CVE-2024-38217,5.4,CVSS:3.1/AV:N/AC:L/PR:N/UI:R/S:U/C:N/I:L/A:L,0.7179,0.10026,1,info
CVE-2024-38295,9.8,CVSS:3.1/AV:N/AC:L/PR:N/UI:N/S:U/C:H/I:H/A:H,1.0,0.00768,0,rce
CVE-2024-38316,6.5,CVSS:3.1/AV:N/AC:L/PR:L/UI:N/S:U/C:N/I:N/A:H,0.7179,0.00383,0,info
CVE-2024-38425,6.1,CVSS:3.1/AV:L/AC:L/PR:L/UI:N/S:U/C:H/I:L/A:N,0.4615,0.00104,0,local
CVE-2024-38457,8.8,CVSS:3.1/AV:N/AC:L/PR:N/UI:R/S:U/C:H/I:H/A:H,0.7179,0.07409,0,rce
CVE-2024-38581,7.8,CVSS:3.1/AV:L/AC:L/PR:L/UI:N/S:U/C:H/I:H/A:H,0.4615,0.0023,0,local
CVE-2024-38756,5.3,CVSS:3.1/AV:N/AC:L/PR:N/UI:N/S:U/C:L/I:N/A:N,1.0,0.00364,0,info
CVE-2024-38786,5.4,CVSS:3.1/AV:N/AC:L/PR:L/UI:R/S:C/C:L/I:L/A:N,0.5897,0.00261,0,info
CVE-2024-38812,9.8,CVSS:3.1/AV:N/AC:L/PR:N/UI:N/S:U/C:H/I:H/A:H,1.0,0.54571,1,rce
CVE-2024-38856,9.8,CVSS:3.1/AV:N/AC:L/PR:N/UI:N/S:U/C:H/I:H/A:H,1.0,0.99427,1,rce
CVE-2024-39008,10.0,CVSS:3.1/AV:N/AC:L/PR:N/UI:N/S:C/C:H/I:H/A:H,1.0,0.00918,0,rce
CVE-2024-39494,7.8,CVSS:3.1/AV:L/AC:L/PR:L/UI:N/S:U/C:H/I:H/A:H,0.4615,0.00309,0,local
CVE-2024-39604,8.1,CVSS:3.1/AV:N/AC:H/PR:N/UI:N/S:U/C:H/I:H/A:H,0.5641,0.01931,0,rce
CVE-2024-39678,8.8,CVSS:3.1/AV:N/AC:L/PR:N/UI:R/S:U/C:H/I:H/A:H,0.7179,0.00343,0,rce
CVE-2024-39714,9.9,CVSS:3.0/AV:N/AC:L/PR:L/UI:N/S:C/C:H/I:H/A:H,0.7949,0.01234,0,rce
CVE-2024-39879,5.3,CVSS:3.1/AV:N/AC:L/PR:N/UI:N/S:U/C:L/I:N/A:N,1.0,0.00291,0,info
CVE-2024-4000,6.4,CVSS:3.1/AV:N/AC:L/PR:L/UI:N/S:C/C:L/I:L/A:N,0.7949,0.00493,0,info
CVE-2024-40482,9.8,CVSS:3.1/AV:N/AC:L/PR:N/UI:N/S:U/C:H/I:H/A:H,1.0,0.01202,0,rce
CVE-2024-40661,7.8,CVSS:3.1/AV:L/AC:L/PR:L/UI:N/S:U/C:H/I:H/A:H,0.4615,0.00095,0,local
CVE-2024-4072,5.4,CVSS:3.1/AV:N/AC:L/PR:L/UI:R/S:C/C:L/I:L/A:N,0.5897,0.00519,0,info
CVE-2024-40912,5.5,CVSS:3.1/AV:L/AC:L/PR:L/UI:N/S:U/C:N/I:N/A:H,0.4615,0.00225,0,local
CVE-2024-40927,7.8,CVSS:3.1/AV:L/AC:L/PR:L/UI:N/S:U/C:H/I:H/A:H,0.4615,0.00292,0,local
CVE-2024-40934,5.5,CVSS:3.1/AV:L/AC:L/PR:L/UI:N/S:U/C:N/I:N/A:H,0.4615,0.00261,0,local
CVE-2024-40978,7.1,CVSS:3.1/AV:L/AC:L/PR:L/UI:N/S:U/C:H/I:N/A:H,0.4615,0.0032,0,local
CVE-2024-41244,5.3,CVSS:3.1/AV:N/AC:L/PR:N/UI:N/S:U/C:L/I:N/A:N,1.0,0.00473,0,info
CVE-2024-4126,8.8,CVSS:3.1/AV:N/AC:L/PR:L/UI:N/S:U/C:H/I:H/A:H,0.7179,0.01757,0,rce
CVE-2024-41710,7.2,CVSS:3.1/AV:N/AC:L/PR:H/UI:N/S:U/C:H/I:H/A:H,0.3077,0.41646,1,rce
CVE-2024-41741,5.3,CVSS:3.1/AV:N/AC:L/PR:N/UI:N/S:U/C:L/I:N/A:N,1.0,0.00314,0,info
CVE-2024-4181,8.8,CVSS:3.0/AV:N/AC:L/PR:N/UI:R/S:U/C:H/I:H/A:H,0.7179,0.02135,0,rce
CVE-2024-41905,6.5,CVSS:3.1/AV:N/AC:L/PR:L/UI:N/S:U/C:H/I:N/A:N,0.7179,0.00305,0,info
CVE-2024-42129,5.5,CVSS:3.1/AV:L/AC:L/PR:L/UI:N/S:U/C:N/I:N/A:H,0.4615,0.00227,0,local
CVE-2024-42229,4.1,CVSS:3.1/AV:L/AC:H/PR:H/UI:N/S:U/C:H/I:N/A:N,0.1282,0.00228,0,local
CVE-2024-42385,7.0,CVSS:3.1/AV:L/AC:H/PR:N/UI:R/S:U/C:H/I:H/A:H,0.2564,0.00095,0,local
CVE-2024-42577,8.8,CVSS:3.1/AV:N/AC:L/PR:N/UI:R/S:U/C:H/I:H/A:H,0.7179,0.00307,0,rce
CVE-2024-42636,7.2,CVSS:3.1/AV:N/AC:L/PR:H/UI:N/S:U/C:H/I:H/A:H,0.3077,0.0086,0,rce
CVE-2024-42906,6.1,CVSS:3.1/AV:N/AC:L/PR:N/UI:R/S:C/C:L/I:L/A:N,0.7179,0.00349,0,info
CVE-2024-43047,7.8,CVSS:3.1/AV:L/AC:L/PR:L/UI:N/S:U/C:H/I:H/A:H,0.4615,0.00674,1,local
CVE-2024-4309,8.1,CVSS:3.1/AV:N/AC:L/PR:L/UI:N/S:U/C:H/I:H/A:N,0.7179,0.0045,0,rce
CVE-2024-43093,7.3,CVSS:3.1/AV:L/AC:L/PR:L/UI:R/S:U/C:H/I:H/A:H,0.3333,0.00715,1,local
CVE-2024-43265,3.5,CVSS:3.1/AV:N/AC:L/PR:L/UI:R/S:U/C:N/I:L/A:N,0.5385,0.00177,0,info
CVE-2024-43288,8.1,CVSS:3.1/AV:N/AC:L/PR:L/UI:N/S:U/C:H/I:H/A:N,0.7179,0.0031,0,rce
CVE-2024-4334,6.4,CVSS:3.1/AV:N/AC:L/PR:L/UI:N/S:C/C:L/I:L/A:N,0.7949,0.00558,0,info
CVE-2024-43402,8.8,CVSS:3.1/AV:L/AC:L/PR:L/UI:N/S:C/C:H/I:H/A:H,0.5128,0.00744,0,local
CVE-2024-43451,6.5,CVSS:3.1/AV:N/AC:L/PR:N/UI:R/S:U/C:H/I:N/A:N,0.7179,0.84108,1,info
CVE-2024-43457,7.8,CVSS:3.1/AV:L/AC:L/PR:L/UI:N/S:U/C:H/I:H/A:H,0.4615,0.00615,0,local
CVE-2024-43582,8.1,CVSS:3.1/AV:N/AC:H/PR:N/UI:N/S:U/C:H/I:H/A:H,0.5641,0.03157,0,rce
CVE-2024-43583,7.8,CVSS:3.1/AV:L/AC:L/PR:L/UI:N/S:U/C:H/I:H/A:H,0.4615,0.01341,0,local
CVE-2024-43998,9.8,CVSS:3.1/AV:N/AC:L/PR:N/UI:N/S:U/C:H/I:H/A:H,1.0,0.01472,0,rce
CVE-2024-44205,5.5,CVSS:3.1/AV:L/AC:L/PR:L/UI:N/S:U/C:H/I:N/A:N,0.4615,0.00184,0,local
CVE-2024-44720,7.5,CVSS:3.1/AV:N/AC:L/PR:N/UI:N/S:U/C:H/I:N/A:N,1.0,0.00675,0,info
CVE-2024-4484,5.4,CVSS:3.1/AV:N/AC:L/PR:L/UI:R/S:C/C:L/I:L/A:N,0.5897,0.00707,0,info
CVE-2024-45031,6.1,CVSS:3.1/AV:N/AC:L/PR:N/UI:R/S:C/C:L/I:L/A:N,0.7179,0.00668,0,info
CVE-2024-45091,5.5,CVSS:3.1/AV:L/AC:L/PR:L/UI:N/S:U/C:H/I:N/A:N,0.4615,0.00205,0,local
CVE-2024-45149,2.7,CVSS:3.1/AV:N/AC:L/PR:H/UI:N/S:U/C:L/I:N/A:N,0.3077,0.00478,0,info
CVE-2024-45169,9.8,CVSS:3.1/AV:N/AC:L/PR:N/UI:N/S:U/C:H/I:H/A:H,1.0,0.01384,0,rce
CVE-2024-45328,7.8,CVSS:3.1/AV:L/AC:L/PR:L/UI:N/S:U/C:H/I:H/A:H,0.4615,0.00142,0,local
CVE-2024-45332,5.6,CVSS:3.1/AV:L/AC:H/PR:L/UI:N/S:C/C:H/I:N/A:N,0.2821,0.00268,0,local
CVE-2024-45419,7.5,CVSS:3.1/AV:N/AC:L/PR:N/UI:N/S:U/C:H/I:N/A:N,1.0,0.00497,0,info
CVE-2024-45519,9.8,CVSS:3.1/AV:N/AC:L/PR:N/UI:N/S:U/C:H/I:H/A:H,1.0,0.99907,1,rce
CVE-2024-45640,5.3,CVSS:3.1/AV:N/AC:L/PR:N/UI:N/S:U/C:L/I:N/A:N,1.0,0.00319,0,info
CVE-2024-45844,7.2,CVSS:3.1/AV:N/AC:L/PR:H/UI:N/S:U/C:H/I:H/A:H,0.3077,0.10644,0,rce
CVE-2024-45872,6.3,CVSS:3.1/AV:A/AC:L/PR:N/UI:N/S:U/C:L/I:L/A:L,0.7179,0.00436,0,info
CVE-2024-45999,9.8,CVSS:3.1/AV:N/AC:L/PR:N/UI:N/S:U/C:H/I:H/A:H,1.0,0.00361,0,rce
CVE-2024-46055,4.8,CVSS:3.1/AV:N/AC:L/PR:H/UI:R/S:C/C:L/I:L/A:N,0.4359,0.00362,0,info
CVE-2024-46331,7.2,CVSS:3.1/AV:N/AC:L/PR:H/UI:N/S:U/C:H/I:H/A:H,0.3077,0.00579,0,rce
CVE-2024-46613,9.8,CVSS:3.1/AV:N/AC:L/PR:N/UI:N/S:U/C:H/I:H/A:H,1.0,0.00481,0,rce
CVE-2024-46861,5.5,CVSS:3.1/AV:L/AC:L/PR:L/UI:N/S:U/C:N/I:N/A:H,0.4615,0.00206,0,local
CVE-2024-46960,8.8,CVSS:3.1/AV:N/AC:L/PR:N/UI:R/S:U/C:H/I:H/A:H,0.7179,0.00462,0,rce
CVE-2024-4729,5.4,CVSS:3.1/AV:N/AC:L/PR:L/UI:R/S:C/C:L/I:L/A:N,0.5897,0.0061,0,info
CVE-2024-47328,7.2,CVSS:3.1/AV:N/AC:L/PR:H/UI:N/S:U/C:H/I:H/A:H,0.3077,0.00494,0,rce
CVE-2024-47366,5.4,CVSS:3.1/AV:N/AC:L/PR:L/UI:R/S:C/C:L/I:L/A:N,0.5897,0.00261,0,info
CVE-2024-47430,7.8,CVSS:3.1/AV:L/AC:L/PR:N/UI:R/S:U/C:H/I:H/A:H,0.4615,0.00275,0,local
CVE-2024-47442,7.8,CVSS:3.1/AV:L/AC:L/PR:N/UI:R/S:U/C:H/I:H/A:H,0.4615,0.00323,0,local
CVE-2024-4748,7.8,CVSS:3.1/AV:L/AC:L/PR:N/UI:R/S:U/C:H/I:H/A:H,0.4615,0.01115,0,local
CVE-2024-47575,9.8,CVSS:3.1/AV:N/AC:L/PR:N/UI:N/S:U/C:H/I:H/A:H,1.0,0.94766,1,rce
CVE-2024-47668,4.7,CVSS:3.1/AV:L/AC:H/PR:L/UI:N/S:U/C:N/I:N/A:H,0.2564,0.00169,0,local
CVE-2024-47705,5.5,CVSS:3.1/AV:L/AC:L/PR:L/UI:N/S:U/C:N/I:N/A:H,0.4615,0.00217,0,local
CVE-2024-4779,8.8,CVSS:3.1/AV:N/AC:L/PR:L/UI:N/S:U/C:H/I:H/A:H,0.7179,0.00454,0,rce
CVE-2024-47968,4.4,CVSS:3.1/AV:L/AC:H/PR:L/UI:R/S:U/C:N/I:N/A:H,0.2051,0.00101,0,local
CVE-2024-48311,8.8,CVSS:3.1/AV:N/AC:L/PR:N/UI:R/S:U/C:H/I:H/A:H,0.7179,0.00327,0,rce
CVE-2024-48509,9.8,CVSS:3.1/AV:N/AC:L/PR:N/UI:N/S:U/C:H/I:H/A:H,1.0,0.00543,0,rce
CVE-2024-4879,9.8,CVSS:3.1/AV:N/AC:L/PR:N/UI:N/S:U/C:H/I:H/A:H,1.0,0.99976,1,rce
CVE-2024-48846,7.3,CVSS:3.1/AV:N/AC:L/PR:L/UI:R/S:U/C:H/I:H/A:N,0.5385,0.00642,0,rce
CVE-2024-48860,9.8,CVSS:3.1/AV:N/AC:L/PR:N/UI:N/S:U/C:H/I:H/A:H,1.0,0.01463,0,rce
CVE-2024-48900,4.3,CVSS:3.1/AV:N/AC:L/PR:L/UI:N/S:U/C:L/I:N/A:N,0.7179,0.0035,0,info
CVE-2024-48916,8.1,CVSS:3.1/AV:N/AC:L/PR:L/UI:N/S:U/C:H/I:H/A:N,0.7179,0.00195,0,rce
CVE-2024-49088,7.8,CVSS:3.1/AV:L/AC:L/PR:L/UI:N/S:U/C:H/I:H/A:H,0.4615,0.01042,0,local
CVE-2024-49257,10.0,CVSS:3.1/AV:N/AC:L/PR:N/UI:N/S:C/C:H/I:H/A:H,1.0,0.00511,0,rce
CVE-2024-49348,6.5,CVSS:3.1/AV:N/AC:L/PR:L/UI:N/S:U/C:H/I:N/A:N,0.7179,0.00257,0,info
CVE-2024-4947,9.6,CVSS:3.1/AV:N/AC:L/PR:N/UI:R/S:C/C:H/I:H/A:H,0.7179,0.15236,1,rce
CVE-2024-49512,5.5,CVSS:3.1/AV:L/AC:L/PR:N/UI:R/S:U/C:H/I:N/A:N,0.4615,0.00293,0,local
CVE-2024-49557,7.8,CVSS:3.1/AV:L/AC:L/PR:L/UI:N/S:U/C:H/I:H/A:H,0.4615,0.00695,0,local
CVE-2024-49744,7.8,CVSS:3.1/AV:L/AC:L/PR:L/UI:N/S:U/C:H/I:H/A:H,0.4615,0.00075,0,local
CVE-2024-49939,5.5,CVSS:3.1/AV:L/AC:L/PR:L/UI:N/S:U/C:N/I:N/A:H,0.4615,0.00343,0,local
CVE-2024-50080,5.5,CVSS:3.1/AV:L/AC:L/PR:L/UI:N/S:U/C:N/I:N/A:H,0.4615,0.00206,0,local
CVE-2024-50229,5.5,CVSS:3.1/AV:L/AC:L/PR:L/UI:N/S:U/C:N/I:N/A:H,0.4615,0.00207,0,local
CVE-2024-50302,5.5,CVSS:3.1/AV:L/AC:L/PR:L/UI:N/S:U/C:H/I:N/A:N,0.4615,0.00811,1,local
CVE-2024-50547,6.5,CVSS:3.1/AV:N/AC:L/PR:L/UI:R/S:C/C:L/I:L/A:L,0.5897,0.00306,0,info
CVE-2024-5058,5.4,CVSS:3.1/AV:N/AC:L/PR:L/UI:R/S:C/C:L/I:L/A:N,0.5897,0.00304,0,info
CVE-2024-50826,7.2,CVSS:3.1/AV:N/AC:L/PR:H/UI:N/S:U/C:H/I:H/A:H,0.3077,0.00384,0,rce
CVE-2024-5113,6.5,CVSS:3.1/AV:N/AC:L/PR:L/UI:N/S:U/C:H/I:N/A:N,0.7179,0.00488,0,info
CVE-2024-5136,4.8,CVSS:3.1/AV:N/AC:L/PR:H/UI:R/S:C/C:L/I:L/A:N,0.4359,0.00473,0,info
CVE-2024-51379,8.4,CVSS:3.1/AV:N/AC:L/PR:H/UI:R/S:C/C:H/I:H/A:H,0.4359,0.00608,0,rce
CVE-2024-51484,8.1,CVSS:3.1/AV:N/AC:L/PR:N/UI:R/S:U/C:N/I:H/A:H,0.7179,0.00337,0,rce
CVE-2024-51559,6.5,CVSS:3.1/AV:N/AC:L/PR:L/UI:N/S:U/C:N/I:H/A:N,0.7179,0.0034,0,rce
CVE-2024-51567,9.8,CVSS:3.1/AV:N/AC:L/PR:N/UI:N/S:U/C:H/I:H/A:H,1.0,0.86633,1,rce
CVE-2024-51691,7.1,CVSS:3.1/AV:N/AC:L/PR:N/UI:R/S:C/C:L/I:L/A:L,0.7179,0.0027,0,info
CVE-2024-51699,7.1,CVSS:3.1/AV:N/AC:L/PR:N/UI:R/S:C/C:L/I:L/A:L,0.7179,0.00287,0,info
CVE-2024-51713,7.1,CVSS:3.1/AV:N/AC:L/PR:N/UI:R/S:C/C:L/I:L/A:L,0.7179,0.0027,0,info
CVE-2024-51839,6.5,CVSS:3.1/AV:N/AC:L/PR:L/UI:R/S:C/C:L/I:L/A:L,0.5897,0.0039,0,info
CVE-2024-51948,4.8,CVSS:3.1/AV:N/AC:L/PR:H/UI:R/S:C/C:L/I:L/A:N,0.4359,0.0026,0,info
CVE-2024-52287,7.2,CVSS:3.1/AV:N/AC:L/PR:H/UI:N/S:U/C:H/I:H/A:H,0.3077,0.00577,0,rce
CVE-2024-52350,5.4,CVSS:3.1/AV:N/AC:L/PR:L/UI:R/S:C/C:L/I:L/A:N,0.5897,0.00228,0,info
CVE-2024-52472,7.1,CVSS:3.1/AV:N/AC:L/PR:N/UI:R/S:C/C:L/I:L/A:L,0.7179,0.00271,0,info
CVE-2024-52885,5.4,CVSS:3.1/AV:N/AC:L/PR:L/UI:N/S:U/C:L/I:L/A:N,0.7179,0.00465,0,info
CVE-2024-52890,6.1,CVSS:3.1/AV:N/AC:L/PR:N/UI:R/S:C/C:L/I:L/A:N,0.7179,0.00183,0,info
CVE-2024-52987,7.8,CVSS:3.1/AV:L/AC:L/PR:N/UI:R/S:U/C:H/I:H/A:H,0.4615,0.00431,0,local
CVE-2024-53150,7.1,CVSS:3.1/AV:L/AC:L/PR:L/UI:N/S:U/C:H/I:N/A:H,0.4615,0.01351,1,local
CVE-2024-53178,4.7,CVSS:3.1/AV:L/AC:H/PR:L/UI:N/S:U/C:N/I:N/A:H,0.2564,0.00543,0,local
CVE-2024-5369,6.1,CVSS:3.1/AV:N/AC:L/PR:N/UI:R/S:C/C:L/I:L/A:N,0.7179,0.00409,0,info
CVE-2024-53703,8.1,CVSS:3.1/AV:N/AC:H/PR:N/UI:N/S:U/C:H/I:H/A:H,0.5641,0.12632,0,rce
CVE-2024-53704,9.8,CVSS:3.1/AV:N/AC:L/PR:N/UI:N/S:U/C:H/I:H/A:H,1.0,0.95132,1,rce
CVE-2024-53788,5.9,CVSS:3.1/AV:N/AC:L/PR:H/UI:R/S:C/C:L/I:L/A:L,0.4359,0.00301,0,info
CVE-2024-54036,9.3,CVSS:3.1/AV:N/AC:L/PR:N/UI:R/S:C/C:H/I:H/A:N,0.7179,0.00718,0,rce
CVE-2024-54160,6.4,CVSS:3.1/AV:N/AC:L/PR:L/UI:N/S:C/C:L/I:L/A:N,0.7949,0.00603,0,info
CVE-2024-54334,6.5,CVSS:3.1/AV:N/AC:L/PR:L/UI:R/S:C/C:L/I:L/A:L,0.5897,0.00331,0,info
CVE-2024-54364,7.1,CVSS:3.1/AV:N/AC:L/PR:N/UI:R/S:C/C:L/I:L/A:L,0.7179,0.00436,0,info
CVE-2024-54387,7.1,CVSS:3.1/AV:N/AC:L/PR:N/UI:R/S:C/C:L/I:L/A:L,0.7179,0.00411,0,info
CVE-2024-54411,7.1,CVSS:3.1/AV:N/AC:L/PR:N/UI:R/S:C/C:L/I:L/A:L,0.7179,0.00215,0,info
CVE-2024-54820,9.8,CVSS:3.1/AV:N/AC:L/PR:N/UI:N/S:U/C:H/I:H/A:H,1.0,0.01244,0,rce
CVE-2024-54922,7.2,CVSS:3.1/AV:N/AC:L/PR:H/UI:N/S:U/C:H/I:H/A:H,0.3077,0.00579,0,rce
CVE-2024-55086,7.2,CVSS:3.1/AV:N/AC:L/PR:H/UI:N/S:U/C:H/I:H/A:H,0.3077,0.00415,0,rce
CVE-2024-5514,9.8,CVSS:3.1/AV:N/AC:L/PR:N/UI:N/S:U/C:H/I:H/A:H,1.0,0.00653,0,rce
CVE-2024-55196,7.5,CVSS:3.1/AV:N/AC:L/PR:N/UI:N/S:U/C:H/I:N/A:N,1.0,0.0037,0,info
CVE-2024-55413,7.8,CVSS:3.1/AV:L/AC:L/PR:L/UI:N/S:U/C:H/I:H/A:H,0.4615,0.00213,0,local
CVE-2024-56254,5.4,CVSS:3.1/AV:N/AC:L/PR:L/UI:R/S:C/C:L/I:L/A:N,0.5897,0.00336,0,info
CVE-2024-5648,5.4,CVSS:3.1/AV:N/AC:L/PR:L/UI:N/S:U/C:N/I:L/A:L,0.7179,0.00448,0,info
CVE-2024-56706,6.3,CVSS:3.1/AV:L/AC:H/PR:L/UI:N/S:U/C:H/I:N/A:H,0.2564,0.00166,0,local
CVE-2024-56836,8.8,CVSS:3.1/AV:N/AC:L/PR:L/UI:N/S:U/C:H/I:H/A:H,0.7179,0.00433,0,rce
CVE-2024-5704,4.3,CVSS:3.1/AV:N/AC:L/PR:L/UI:N/S:U/C:N/I:L/A:N,0.7179,0.00395,0,info
CVE-2024-5742,6.7,CVSS:3.1/AV:L/AC:H/PR:L/UI:R/S:U/C:H/I:H/A:H,0.2051,0.00343,0,local
CVE-2024-57494,6.5,CVSS:3.1/AV:N/AC:L/PR:N/UI:R/S:U/C:H/I:N/A:N,0.7179,0.00338,0,info
CVE-2024-57580,9.8,CVSS:3.1/AV:N/AC:L/PR:N/UI:N/S:U/C:H/I:H/A:H,1.0,0.00769,0,rce
CVE-2024-5765,9.8,CVSS:3.1/AV:N/AC:L/PR:N/UI:N/S:U/C:H/I:H/A:H,1.0,0.27232,0,rce
CVE-2024-57708,5.7,CVSS:3.1/AV:A/AC:L/PR:N/UI:R/S:U/C:N/I:N/A:H,0.5385,0.00889,0,info
CVE-2024-57726,9.9,CVSS:3.1/AV:N/AC:L/PR:L/UI:N/S:C/C:H/I:H/A:H,0.7949,0.66601,1,rce
CVE-2024-58058,5.5,CVSS:3.1/AV:L/AC:L/PR:L/UI:N/S:U/C:N/I:N/A:H,0.4615,0.00224,0,local
CVE-2024-5931,6.5,CVSS:3.1/AV:A/AC:L/PR:N/UI:N/S:U/C:N/I:N/A:H,0.7179,0.00448,0,info
CVE-2024-5971,7.5,CVSS:3.1/AV:N/AC:L/PR:N/UI:N/S:U/C:N/I:N/A:H,1.0,0.02921,0,info
CVE-2024-6053,4.3,CVSS:3.1/AV:N/AC:L/PR:N/UI:R/S:U/C:L/I:N/A:N,0.7179,0.00419,0,info
CVE-2024-6339,6.1,CVSS:3.1/AV:N/AC:L/PR:N/UI:R/S:C/C:L/I:L/A:N,0.7179,0.00403,0,info
CVE-2024-6479,6.5,CVSS:3.1/AV:N/AC:L/PR:L/UI:N/S:U/C:H/I:N/A:N,0.7179,0.00493,0,info
CVE-2024-6546,5.3,CVSS:3.1/AV:N/AC:L/PR:N/UI:N/S:U/C:L/I:N/A:N,1.0,0.00448,0,info
CVE-2024-6600,6.3,CVSS:3.1/AV:N/AC:L/PR:N/UI:R/S:U/C:L/I:L/A:L,0.7179,0.00397,0,info
CVE-2024-6670,9.8,CVSS:3.1/AV:N/AC:L/PR:N/UI:N/S:U/C:H/I:H/A:H,1.0,0.93,1,rce
CVE-2024-7018,7.8,CVSS:3.1/AV:L/AC:L/PR:N/UI:R/S:U/C:H/I:H/A:H,0.4615,0.00247,0,local
CVE-2024-7198,8.8,CVSS:3.1/AV:N/AC:L/PR:L/UI:N/S:U/C:H/I:H/A:H,0.7179,0.00532,0,rce
CVE-2024-7383,7.4,CVSS:3.1/AV:N/AC:H/PR:N/UI:N/S:U/C:H/I:H/A:N,0.5641,0.0039,0,rce
CVE-2024-7625,5.8,CVSS:3.1/AV:N/AC:H/PR:H/UI:N/S:C/C:N/I:H/A:N,0.3333,0.00336,0,rce
CVE-2024-7715,6.3,CVSS:3.1/AV:N/AC:L/PR:L/UI:N/S:U/C:L/I:L/A:L,0.7179,0.25129,0,info
CVE-2024-7777,9.0,CVSS:3.1/AV:N/AC:L/PR:H/UI:N/S:C/C:L/I:H/A:H,0.5897,0.01025,0,rce
CVE-2024-8011,5.5,CVSS:3.1/AV:L/AC:L/PR:L/UI:N/S:U/C:N/I:H/A:N,0.4615,0.00126,0,local
CVE-2024-8076,9.8,CVSS:3.1/AV:N/AC:L/PR:N/UI:N/S:U/C:H/I:H/A:H,1.0,0.00795,0,rce
CVE-2024-8167,9.8,CVSS:3.1/AV:N/AC:L/PR:N/UI:N/S:U/C:H/I:H/A:H,1.0,0.00648,0,rce
CVE-2024-8207,6.7,CVSS:3.1/AV:L/AC:L/PR:H/UI:N/S:U/C:H/I:H/A:H,0.2051,0.00205,0,local
CVE-2024-8353,9.8,CVSS:3.1/AV:N/AC:L/PR:N/UI:N/S:U/C:H/I:H/A:H,1.0,0.2872,0,rce
CVE-2024-8445,5.7,CVSS:3.1/AV:A/AC:L/PR:L/UI:N/S:U/C:N/I:N/A:H,0.5385,0.00423,0,info
CVE-2024-8503,9.8,CVSS:3.1/AV:N/AC:L/PR:N/UI:N/S:U/C:H/I:H/A:H,1.0,0.79274,0,rce
CVE-2024-8521,6.1,CVSS:3.1/AV:N/AC:L/PR:N/UI:R/S:C/C:L/I:L/A:N,0.7179,0.00568,0,info
CVE-2024-8798,6.5,CVSS:3.1/AV:A/AC:L/PR:N/UI:N/S:U/C:N/I:N/A:H,0.7179,0.00418,0,info
CVE-2024-8829,5.5,CVSS:3.1/AV:L/AC:L/PR:N/UI:R/S:U/C:H/I:N/A:N,0.4615,0.0026,0,local
CVE-2024-8871,6.1,CVSS:3.1/AV:N/AC:L/PR:N/UI:R/S:C/C:L/I:L/A:N,0.7179,0.00364,0,info
CVE-2024-8957,7.2,CVSS:3.1/AV:N/AC:L/PR:H/UI:N/S:U/C:H/I:H/A:H,0.3077,0.79703,1,rce
CVE-2024-9334,8.2,CVSS:3.1/AV:N/AC:L/PR:N/UI:N/S:U/C:H/I:L/A:N,1.0,0.00365,0,info
CVE-2024-9418,6.5,CVSS:3.1/AV:N/AC:L/PR:L/UI:N/S:U/C:H/I:N/A:N,0.7179,0.00596,0,info
CVE-2024-9542,4.3,CVSS:3.1/AV:N/AC:L/PR:L/UI:N/S:U/C:L/I:N/A:N,0.7179,0.00308,0,info
CVE-2024-9713,7.8,CVSS:3.1/AV:L/AC:L/PR:N/UI:R/S:U/C:H/I:H/A:H,0.4615,0.00372,0,local
CVE-2024-9829,6.5,CVSS:3.1/AV:N/AC:L/PR:L/UI:N/S:U/C:H/I:N/A:N,0.7179,0.00411,0,info
CVE-2024-9834,9.3,CVSS:3.1/AV:L/AC:L/PR:N/UI:N/S:C/C:H/I:H/A:H,0.641,0.00136,0,local
CVE-2025-0203,9.8,CVSS:3.1/AV:N/AC:L/PR:N/UI:N/S:U/C:H/I:H/A:H,1.0,0.00606,0,rce
CVE-2025-0207,9.8,CVSS:3.1/AV:N/AC:L/PR:N/UI:N/S:U/C:H/I:H/A:H,1.0,0.00687,0,rce
CVE-2025-0331,5.3,CVSS:3.1/AV:N/AC:L/PR:N/UI:N/S:U/C:N/I:L/A:N,1.0,0.00533,0,info
CVE-2025-0500,7.5,CVSS:3.1/AV:N/AC:H/PR:N/UI:R/S:U/C:H/I:H/A:H,0.4103,0.00513,0,rce
CVE-2025-0724,8.8,CVSS:3.1/AV:N/AC:L/PR:L/UI:N/S:U/C:H/I:H/A:H,0.7179,0.00627,0,rce
CVE-2025-0725,7.3,CVSS:3.1/AV:N/AC:L/PR:N/UI:N/S:U/C:L/I:L/A:L,1.0,0.01264,0,info
CVE-2025-0747,5.4,CVSS:3.1/AV:N/AC:L/PR:L/UI:R/S:C/C:L/I:L/A:N,0.5897,0.00238,0,info
CVE-2025-0877,4.7,CVSS:3.1/AV:N/AC:L/PR:H/UI:N/S:U/C:L/I:L/A:L,0.3077,0.00296,0,info
CVE-2025-0994,8.8,CVSS:3.1/AV:N/AC:L/PR:L/UI:N/S:U/C:H/I:H/A:H,0.7179,0.31309,1,rce
CVE-2025-10050,6.6,CVSS:3.1/AV:N/AC:H/PR:H/UI:N/S:U/C:H/I:H/A:H,0.1795,0.00804,0,rce
CVE-2025-10212,5.3,CVSS:3.1/AV:N/AC:L/PR:N/UI:N/S:U/C:L/I:N/A:N,1.0,0.00383,0,info
CVE-2025-10213,7.8,CVSS:3.1/AV:L/AC:L/PR:N/UI:R/S:U/C:H/I:H/A:H,0.4615,0.00169,0,local
CVE-2025-10391,8.8,CVSS:3.1/AV:N/AC:L/PR:L/UI:N/S:U/C:H/I:H/A:H,0.7179,0.00322,0,rce
CVE-2025-10410,9.8,CVSS:3.1/AV:N/AC:L/PR:N/UI:N/S:U/C:H/I:H/A:H,1.0,0.00391,0,rce
CVE-2025-1046,7.8,CVSS:3.0/AV:L/AC:L/PR:N/UI:R/S:U/C:H/I:H/A:H,0.4615,0.0034,0,local
CVE-2025-1054,6.4,CVSS:3.1/AV:N/AC:L/PR:L/UI:N/S:C/C:L/I:L/A:N,0.7949,0.00248,0,info
CVE-2025-10595,8.8,CVSS:3.1/AV:N/AC:L/PR:L/UI:N/S:U/C:H/I:H/A:H,0.7179,0.00443,0,rce
CVE-2025-10602,8.8,CVSS:3.1/AV:N/AC:L/PR:L/UI:N/S:U/C:H/I:H/A:H,0.7179,0.00335,0,rce
CVE-2025-10882,7.8,CVSS:3.1/AV:L/AC:L/PR:N/UI:R/S:U/C:H/I:H/A:H,0.4615,0.00278,0,local
CVE-2025-10909,2.4,CVSS:3.1/AV:N/AC:L/PR:H/UI:R/S:U/C:N/I:L/A:N,0.2308,0.00312,0,info
CVE-2025-11338,9.8,CVSS:3.1/AV:N/AC:L/PR:N/UI:N/S:U/C:H/I:H/A:H,1.0,0.00997,0,rce
CVE-2025-11358,8.8,CVSS:3.1/AV:N/AC:L/PR:L/UI:N/S:U/C:H/I:H/A:H,0.7179,0.00332,0,rce
CVE-2025-11371,7.5,CVSS:3.1/AV:N/AC:L/PR:N/UI:N/S:U/C:H/I:N/A:N,1.0,0.92137,1,info
CVE-2025-11427,5.8,CVSS:3.1/AV:N/AC:L/PR:N/UI:N/S:C/C:L/I:N/A:N,1.0,0.00466,0,info
CVE-2025-11582,9.8,CVSS:3.1/AV:N/AC:L/PR:N/UI:N/S:U/C:H/I:H/A:H,1.0,0.00421,0,rce
CVE-2025-11799,6.4,CVSS:3.1/AV:N/AC:L/PR:L/UI:N/S:C/C:L/I:L/A:N,0.7949,0.00222,0,info
CVE-2025-11867,6.4,CVSS:3.1/AV:N/AC:L/PR:L/UI:N/S:C/C:L/I:L/A:N,0.7949,0.00193,0,info
CVE-2025-12091,4.3,CVSS:3.1/AV:N/AC:L/PR:L/UI:N/S:U/C:N/I:L/A:N,0.7179,0.00233,0,info
CVE-2025-12202,4.3,CVSS:3.1/AV:N/AC:L/PR:N/UI:R/S:U/C:N/I:L/A:N,0.7179,0.00271,0,info
CVE-2025-12219,9.8,CVSS:3.1/AV:N/AC:L/PR:N/UI:N/S:U/C:H/I:H/A:H,1.0,0.00369,0,rce
CVE-2025-12315,9.8,CVSS:3.1/AV:N/AC:L/PR:N/UI:N/S:U/C:H/I:H/A:H,1.0,0.00381,0,rce
CVE-2025-12394,5.9,CVSS:3.1/AV:N/AC:H/PR:N/UI:N/S:U/C:H/I:N/A:N,0.5641,0.00279,0,info
CVE-2025-12495,7.8,CVSS:3.0/AV:L/AC:L/PR:N/UI:R/S:U/C:H/I:H/A:H,0.4615,0.00194,0,local
CVE-2025-12684,7.1,CVSS:3.1/AV:N/AC:L/PR:N/UI:R/S:C/C:L/I:L/A:L,0.7179,0.00173,0,info
CVE-2025-12752,5.3,CVSS:3.1/AV:N/AC:L/PR:N/UI:N/S:U/C:N/I:L/A:N,1.0,0.0017,0,info
CVE-2025-12853,9.8,CVSS:3.1/AV:N/AC:L/PR:N/UI:N/S:U/C:H/I:H/A:H,1.0,0.00335,0,rce
CVE-2025-12910,6.2,CVSS:3.1/AV:L/AC:L/PR:N/UI:N/S:U/C:H/I:N/A:N,0.641,0.00105,0,local
CVE-2025-13058,5.4,CVSS:3.1/AV:N/AC:L/PR:L/UI:R/S:C/C:L/I:L/A:N,0.5897,0.00253,0,info
CVE-2025-13428,7.2,CVSS:3.1/AV:N/AC:L/PR:H/UI:N/S:U/C:H/I:H/A:H,0.3077,0.00328,0,rce
CVE-2025-13444,6.8,CVSS:3.1/AV:A/AC:L/PR:H/UI:N/S:U/C:H/I:H/A:H,0.2308,0.27217,0,rce
CVE-2025-13563,9.8,CVSS:3.1/AV:N/AC:L/PR:N/UI:N/S:U/C:H/I:H/A:H,1.0,0.00382,0,rce
CVE-2025-13637,4.3,CVSS:3.1/AV:N/AC:L/PR:N/UI:R/S:U/C:N/I:L/A:N,0.7179,0.00204,0,info
CVE-2025-1374,7.5,CVSS:3.1/AV:N/AC:L/PR:N/UI:N/S:U/C:H/I:N/A:N,1.0,0.00447,0,info
CVE-2025-13820,5.3,CVSS:3.1/AV:N/AC:L/PR:N/UI:N/S:U/C:L/I:N/A:N,1.0,0.00257,0,info
CVE-2025-13848,6.4,CVSS:3.1/AV:N/AC:L/PR:L/UI:N/S:C/C:L/I:L/A:N,0.7949,0.00323,0,info
CVE-2025-13872,9.1,CVSS:3.1/AV:N/AC:L/PR:N/UI:N/S:U/C:H/I:H/A:N,1.0,0.00306,0,rce
CVE-2025-14031,7.5,CVSS:3.1/AV:N/AC:L/PR:N/UI:N/S:U/C:N/I:N/A:H,1.0,0.00337,0,info
CVE-2025-14082,2.7,CVSS:3.1/AV:N/AC:L/PR:H/UI:N/S:U/C:L/I:N/A:N,0.3077,0.00351,0,info
CVE-2025-14167,4.3,CVSS:3.1/AV:N/AC:L/PR:N/UI:R/S:U/C:N/I:L/A:N,0.7179,0.00157,0,info
CVE-2025-14229,8.0,CVSS:3.1/AV:N/AC:L/PR:L/UI:R/S:U/C:H/I:H/A:H,0.5385,0.00351,0,rce
CVE-2025-14425,7.8,CVSS:3.0/AV:L/AC:L/PR:N/UI:R/S:U/C:H/I:H/A:H,0.4615,0.00657,0,local
CVE-2025-14610,7.2,CVSS:3.1/AV:N/AC:L/PR:N/UI:N/S:C/C:L/I:L/A:N,1.0,0.0032,0,info
CVE-2025-14611,9.8,CVSS:3.1/AV:N/AC:L/PR:N/UI:N/S:U/C:H/I:H/A:H,1.0,0.53302,1,rce
CVE-2025-14663,4.8,CVSS:3.1/AV:N/AC:L/PR:H/UI:R/S:C/C:L/I:L/A:N,0.4359,0.00241,0,info
CVE-2025-14710,9.8,CVSS:3.1/AV:N/AC:L/PR:N/UI:N/S:U/C:H/I:H/A:H,1.0,0.00421,0,rce
CVE-2025-14841,3.3,CVSS:3.1/AV:L/AC:L/PR:L/UI:N/S:U/C:N/I:N/A:L,0.4615,0.00135,0,local
CVE-2025-15066,6.2,CVSS:3.1/AV:L/AC:L/PR:N/UI:N/S:U/C:H/I:N/A:N,0.641,0.00165,0,local
CVE-2025-15102,9.8,CVSS:3.1/AV:N/AC:L/PR:N/UI:N/S:U/C:H/I:H/A:H,1.0,0.00317,0,rce
CVE-2025-15103,9.8,CVSS:3.1/AV:N/AC:L/PR:N/UI:N/S:U/C:H/I:H/A:H,1.0,0.00344,0,rce
CVE-2025-15212,9.8,CVSS:3.1/AV:N/AC:L/PR:N/UI:N/S:U/C:H/I:H/A:H,1.0,0.00367,0,rce
CVE-2025-1527,5.4,CVSS:3.1/AV:N/AC:L/PR:L/UI:R/S:C/C:L/I:L/A:N,0.5897,0.00255,0,info
CVE-2025-15439,6.3,CVSS:3.1/AV:N/AC:L/PR:L/UI:N/S:U/C:L/I:L/A:L,0.7179,0.00275,0,info
CVE-2025-15488,6.5,CVSS:3.1/AV:N/AC:L/PR:N/UI:N/S:U/C:N/I:L/A:L,1.0,0.00323,0,info
CVE-2025-15513,5.3,CVSS:3.1/AV:N/AC:L/PR:N/UI:N/S:U/C:N/I:L/A:N,1.0,0.00264,0,info
CVE-2025-1688,5.5,CVSS:3.1/AV:N/AC:H/PR:H/UI:N/S:C/C:L/I:L/A:L,0.3333,0.00239,0,info
CVE-2025-1796,8.8,CVSS:3.1/AV:N/AC:L/PR:L/UI:N/S:U/C:H/I:H/A:H,0.7179,0.00594,0,rce
CVE-2025-1833,8.8,CVSS:3.1/AV:N/AC:L/PR:L/UI:N/S:U/C:H/I:H/A:H,0.7179,0.00526,0,rce
CVE-2025-1841,9.8,CVSS:3.1/AV:N/AC:L/PR:N/UI:N/S:U/C:H/I:H/A:H,1.0,0.00467,0,rce
CVE-2025-20010,7.8,CVSS:3.1/AV:L/AC:L/PR:L/UI:N/S:U/C:H/I:H/A:H,0.4615,0.00242,0,local
CVE-2025-2006,8.8,CVSS:3.1/AV:N/AC:L/PR:L/UI:N/S:U/C:H/I:H/A:H,0.7179,0.00878,0,rce
CVE-2025-20172,7.7,CVSS:3.1/AV:N/AC:L/PR:L/UI:N/S:C/C:N/I:N/A:H,0.7949,0.00764,0,info
CVE-2025-20237,6.0,CVSS:3.1/AV:L/AC:L/PR:H/UI:N/S:U/C:H/I:H/A:N,0.2051,0.00154,0,local
CVE-2025-20263,8.6,CVSS:3.1/AV:N/AC:L/PR:N/UI:N/S:C/C:N/I:N/A:H,1.0,0.00678,0,info
CVE-2025-20297,5.4,CVSS:3.1/AV:N/AC:L/PR:L/UI:R/S:C/C:L/I:L/A:N,0.5897,0.25892,0,info
CVE-2025-20352,7.7,CVSS:3.1/AV:N/AC:L/PR:L/UI:N/S:C/C:N/I:N/A:H,0.7949,0.39447,1,info
CVE-2025-20356,5.4,CVSS:3.1/AV:N/AC:L/PR:L/UI:R/S:C/C:L/I:L/A:N,0.5897,0.00212,0,info
CVE-2025-20362,8.6,CVSS:3.1/AV:N/AC:L/PR:N/UI:N/S:U/C:L/I:L/A:H,1.0,0.87085,1,info
CVE-2025-20393,10.0,CVSS:3.1/AV:N/AC:L/PR:N/UI:N/S:C/C:H/I:H/A:H,1.0,0.32392,1,rce
CVE-2025-20650,6.8,CVSS:3.1/AV:P/AC:L/PR:N/UI:N/S:U/C:H/I:H/A:H,0.2308,0.00109,0,local
CVE-2025-20904,6.7,CVSS:3.1/AV:L/AC:L/PR:H/UI:N/S:U/C:H/I:H/A:H,0.2051,0.00158,0,local
CVE-2025-20959,5.5,CVSS:3.1/AV:L/AC:L/PR:L/UI:N/S:U/C:H/I:N/A:N,0.4615,0.0013,0,local
CVE-2025-2096,9.8,CVSS:3.1/AV:N/AC:L/PR:N/UI:N/S:U/C:H/I:H/A:H,1.0,0.02726,0,rce
CVE-2025-21043,9.8,CVSS:3.1/AV:N/AC:L/PR:N/UI:N/S:U/C:H/I:H/A:H,1.0,0.0214,1,rce
CVE-2025-21086,7.5,CVSS:3.1/AV:L/AC:H/PR:L/UI:N/S:C/C:N/I:H/A:H,0.2821,0.00134,0,local
CVE-2025-21260,6.6,CVSS:3.1/AV:P/AC:L/PR:L/UI:N/S:U/C:H/I:H/A:H,0.1795,0.00834,0,local
CVE-2025-21391,7.1,CVSS:3.1/AV:L/AC:L/PR:L/UI:N/S:U/C:N/I:H/A:H,0.4615,0.02303,1,local
CVE-2025-21418,7.8,CVSS:3.1/AV:L/AC:L/PR:L/UI:N/S:U/C:H/I:H/A:H,0.4615,0.01568,1,local
CVE-2025-21479,8.6,CVSS:3.1/AV:L/AC:L/PR:N/UI:R/S:C/C:H/I:H/A:H,0.4615,0.00843,1,local
CVE-2025-21530,4.3,CVSS:3.1/AV:N/AC:L/PR:L/UI:N/S:U/C:L/I:N/A:N,0.7179,0.00535,0,info
CVE-2025-21534,4.9,CVSS:3.1/AV:N/AC:L/PR:H/UI:N/S:U/C:N/I:N/A:H,0.3077,0.00971,0,info
CVE-2025-21894,5.5,CVSS:3.1/AV:L/AC:L/PR:L/UI:N/S:U/C:N/I:N/A:H,0.4615,0.00203,0,local
CVE-2025-21907,5.5,CVSS:3.1/AV:L/AC:L/PR:L/UI:N/S:U/C:N/I:N/A:H,0.4615,0.00199,0,local
CVE-2025-21982,5.5,CVSS:3.1/AV:L/AC:L/PR:L/UI:N/S:U/C:N/I:N/A:H,0.4615,0.00186,0,local
CVE-2025-22028,5.5,CVSS:3.1/AV:L/AC:L/PR:L/UI:N/S:U/C:N/I:N/A:H,0.4615,0.00202,0,local
CVE-2025-2217,9.8,CVSS:3.1/AV:N/AC:L/PR:N/UI:N/S:U/C:H/I:H/A:H,1.0,0.00757,0,rce
CVE-2025-22236,8.1,CVSS:3.1/AV:L/AC:L/PR:H/UI:N/S:C/C:H/I:H/A:L,0.3846,0.0017,0,local
CVE-2025-2243,7.3,CVSS:3.1/AV:N/AC:L/PR:N/UI:N/S:U/C:L/I:L/A:L,1.0,0.00396,0,info
CVE-2025-22600,6.5,CVSS:3.1/AV:N/AC:L/PR:N/UI:R/S:U/C:N/I:N/A:H,0.7179,0.00408,0,info
CVE-2025-22685,7.1,CVSS:3.1/AV:N/AC:L/PR:N/UI:R/S:C/C:L/I:L/A:L,0.7179,0.00174,0,info
CVE-2025-22691,7.6,CVSS:3.1/AV:N/AC:L/PR:H/UI:N/S:C/C:H/I:N/A:L,0.5897,0.00505,0,info
CVE-2025-22709,7.1,CVSS:3.1/AV:N/AC:L/PR:N/UI:R/S:C/C:L/I:L/A:L,0.7179,0.00255,0,info
CVE-2025-22716,8.8,CVSS:3.1/AV:N/AC:L/PR:L/UI:N/S:U/C:H/I:H/A:H,0.7179,0.00431,0,rce
CVE-2025-22745,6.5,CVSS:3.1/AV:N/AC:L/PR:L/UI:R/S:C/C:L/I:L/A:L,0.5897,0.0028,0,info
CVE-2025-22846,7.5,CVSS:3.1/AV:N/AC:L/PR:N/UI:N/S:U/C:N/I:N/A:H,1.0,0.00408,0,info
CVE-2025-22978,9.8,CVSS:3.1/AV:N/AC:L/PR:N/UI:N/S:U/C:H/I:H/A:H,1.0,0.00557,0,rce
CVE-2025-23006,9.8,CVSS:3.1/AV:N/AC:L/PR:N/UI:N/S:U/C:H/I:H/A:H,1.0,0.23432,1,rce
CVE-2025-23155,5.5,CVSS:3.1/AV:L/AC:L/PR:L/UI:N/S:U/C:N/I:N/A:H,0.4615,0.00199,0,local
CVE-2025-23283,7.8,CVSS:3.1/AV:L/AC:L/PR:L/UI:N/S:U/C:H/I:H/A:H,0.4615,0.00216,0,local
CVE-2025-23435,7.1,CVSS:3.1/AV:N/AC:L/PR:N/UI:R/S:C/C:L/I:L/A:L,0.7179,0.00203,0,info
CVE-2025-23455,7.1,CVSS:3.1/AV:N/AC:L/PR:N/UI:R/S:C/C:L/I:L/A:L,0.7179,0.00203,0,info
CVE-2025-23474,7.1,CVSS:3.1/AV:N/AC:L/PR:N/UI:R/S:C/C:L/I:L/A:L,0.7179,0.00308,0,info
CVE-2025-23507,7.1,CVSS:3.1/AV:N/AC:L/PR:N/UI:R/S:C/C:L/I:L/A:L,0.7179,0.00399,0,info
CVE-2025-2356,3.7,CVSS:3.1/AV:N/AC:H/PR:N/UI:N/S:U/C:L/I:N/A:N,0.5641,0.00407,0,info
CVE-2025-23564,7.1,CVSS:3.1/AV:N/AC:L/PR:N/UI:R/S:C/C:L/I:L/A:L,0.7179,0.00363,0,info
CVE-2025-2372,9.8,CVSS:3.1/AV:N/AC:L/PR:N/UI:N/S:U/C:H/I:H/A:H,1.0,0.00534,0,rce
CVE-2025-24054,5.4,CVSS:3.1/AV:N/AC:L/PR:N/UI:R/S:U/C:L/I:L/A:N,0.7179,0.58909,1,info
CVE-2025-24338,7.1,CVSS:3.1/AV:N/AC:H/PR:L/UI:R/S:U/C:H/I:H/A:H,0.3077,0.00389,0,rce
CVE-2025-24570,7.1,CVSS:3.1/AV:N/AC:L/PR:N/UI:R/S:C/C:L/I:L/A:L,0.7179,0.00411,0,info
CVE-2025-24595,6.5,CVSS:3.1/AV:N/AC:L/PR:L/UI:R/S:C/C:L/I:L/A:L,0.5897,0.00368,0,info
CVE-2025-24990,7.8,CVSS:3.1/AV:L/AC:L/PR:L/UI:N/S:U/C:H/I:H/A:H,0.4615,0.06369,1,local
CVE-2025-25032,7.5,CVSS:3.1/AV:N/AC:L/PR:N/UI:N/S:U/C:N/I:N/A:H,1.0,0.00395,0,info
CVE-2025-25065,5.3,CVSS:3.1/AV:N/AC:L/PR:N/UI:N/S:U/C:L/I:N/A:N,1.0,0.00586,0,info
CVE-2025-25245,6.1,CVSS:3.1/AV:N/AC:L/PR:N/UI:R/S:C/C:L/I:L/A:N,0.7179,0.00231,0,info
CVE-2025-25388,9.8,CVSS:3.1/AV:N/AC:L/PR:N/UI:N/S:U/C:H/I:H/A:H,1.0,0.00793,0,rce
CVE-2025-25389,9.8,CVSS:3.1/AV:N/AC:L/PR:N/UI:N/S:U/C:H/I:H/A:H,1.0,0.00793,0,rce
CVE-2025-25729,7.5,CVSS:3.1/AV:N/AC:L/PR:N/UI:N/S:U/C:H/I:N/A:N,1.0,0.0038,0,info
CVE-2025-26375,8.8,CVSS:3.1/AV:N/AC:L/PR:L/UI:N/S:U/C:H/I:H/A:H,0.7179,0.00574,0,rce
CVE-2025-26399,9.8,CVSS:3.1/AV:N/AC:L/PR:N/UI:N/S:U/C:H/I:H/A:H,1.0,0.895,1,rce
CVE-2025-26422,4.0,CVSS:3.1/AV:L/AC:L/PR:N/UI:N/S:U/C:L/I:N/A:N,0.641,0.0009,0,local
CVE-2025-26628,5.5,CVSS:3.1/AV:L/AC:L/PR:L/UI:N/S:U/C:H/I:N/A:N,0.4615,0.01358,0,local
CVE-2025-26672,6.5,CVSS:3.1/AV:N/AC:L/PR:N/UI:R/S:U/C:H/I:N/A:N,0.7179,0.01785,0,info
CVE-2025-26796,5.4,CVSS:3.1/AV:N/AC:L/PR:L/UI:R/S:C/C:L/I:L/A:N,0.5897,0.00522,0,info
CVE-2025-26990,4.9,CVSS:3.1/AV:N/AC:L/PR:H/UI:N/S:U/C:H/I:N/A:N,0.3077,0.00224,0,info
CVE-2025-27097,7.5,CVSS:3.1/AV:N/AC:L/PR:N/UI:N/S:U/C:N/I:N/A:H,1.0,0.00432,0,info
CVE-2025-27183,7.8,CVSS:3.1/AV:L/AC:L/PR:N/UI:R/S:U/C:H/I:H/A:H,0.4615,0.00299,0,local
CVE-2025-27197,7.8,CVSS:3.1/AV:L/AC:L/PR:N/UI:R/S:U/C:H/I:H/A:H,0.4615,0.00218,0,local
CVE-2025-27444,4.8,CVSS:3.1/AV:N/AC:L/PR:H/UI:R/S:C/C:L/I:L/A:N,0.4359,0.00299,0,info
CVE-2025-27538,2.7,CVSS:3.1/AV:N/AC:L/PR:H/UI:N/S:U/C:N/I:L/A:N,0.3077,0.0024,0,info
CVE-2025-27642,9.8,CVSS:3.1/AV:N/AC:L/PR:N/UI:N/S:U/C:H/I:H/A:H,1.0,0.00883,0,rce
CVE-2025-2775,7.5,CVSS:3.1/AV:N/AC:L/PR:N/UI:N/S:U/C:H/I:N/A:N,1.0,0.42952,1,info
CVE-2025-27753,6.5,CVSS:3.1/AV:N/AC:L/PR:N/UI:N/S:U/C:L/I:L/A:N,1.0,0.00237,0,info
CVE-2025-2787,8.8,CVSS:3.1/AV:N/AC:L/PR:L/UI:N/S:U/C:H/I:H/A:H,0.7179,0.00481,0,rce
CVE-2025-28016,4.8,CVSS:3.1/AV:N/AC:L/PR:H/UI:R/S:C/C:L/I:L/A:N,0.4359,0.00257,0,info
CVE-2025-2816,8.1,CVSS:3.1/AV:N/AC:L/PR:L/UI:N/S:U/C:N/I:H/A:H,0.7179,0.0035,0,rce
CVE-2025-28238,9.8,CVSS:3.1/AV:N/AC:L/PR:N/UI:N/S:U/C:H/I:H/A:H,1.0,0.00419,0,rce
CVE-2025-28371,6.5,CVSS:3.1/AV:N/AC:L/PR:N/UI:N/S:U/C:L/I:N/A:L,1.0,0.00475,0,info
CVE-2025-28893,9.9,CVSS:3.1/AV:N/AC:L/PR:L/UI:N/S:C/C:H/I:H/A:H,0.7949,0.00766,0,rce
CVE-2025-29218,6.5,CVSS:3.1/AV:N/AC:L/PR:L/UI:N/S:U/C:N/I:N/A:H,0.7179,0.005,0,info
CVE-2025-29478,5.5,CVSS:3.1/AV:L/AC:L/PR:L/UI:N/S:U/C:N/I:N/A:H,0.4615,0.00203,0,local
CVE-2025-30154,8.6,CVSS:3.1/AV:N/AC:L/PR:N/UI:N/S:C/C:H/I:N/A:N,1.0,0.02437,1,info
CVE-2025-30173,6.7,CVSS:3.1/AV:N/AC:L/PR:H/UI:N/S:U/C:L/I:H/A:H,0.3077,0.00348,0,rce
CVE-2025-30401,6.7,CVSS:3.1/AV:N/AC:H/PR:L/UI:R/S:U/C:H/I:H/A:L,0.3077,0.20987,0,rce
CVE-2025-30471,7.5,CVSS:3.1/AV:N/AC:L/PR:N/UI:N/S:U/C:N/I:N/A:H,1.0,0.01446,0,info
CVE-2025-30593,6.5,CVSS:3.1/AV:N/AC:L/PR:L/UI:R/S:C/C:L/I:L/A:L,0.5897,0.00275,0,info
CVE-2025-30614,7.1,CVSS:3.1/AV:N/AC:L/PR:N/UI:R/S:C/C:L/I:L/A:L,0.7179,0.00306,0,info
CVE-2025-30881,5.4,CVSS:3.1/AV:N/AC:L/PR:L/UI:N/S:U/C:L/I:L/A:N,0.7179,0.00349,0,info
CVE-2025-31012,5.3,CVSS:3.1/AV:N/AC:L/PR:N/UI:N/S:U/C:L/I:N/A:N,1.0,0.00508,0,info
CVE-2025-31104,7.2,CVSS:3.1/AV:N/AC:L/PR:H/UI:N/S:U/C:H/I:H/A:H,0.3077,0.01073,0,rce
CVE-2025-31125,7.5,CVSS:3.1/AV:N/AC:L/PR:N/UI:N/S:U/C:H/I:N/A:N,1.0,0.64688,1,info
CVE-2025-31194,9.8,CVSS:3.1/AV:N/AC:L/PR:N/UI:N/S:U/C:H/I:H/A:H,1.0,0.00992,0,rce
CVE-2025-31240,7.5,CVSS:3.1/AV:N/AC:L/PR:N/UI:N/S:U/C:N/I:N/A:H,1.0,0.00615,0,info
CVE-2025-31324,9.8,CVSS:3.1/AV:N/AC:L/PR:N/UI:N/S:U/C:H/I:H/A:H,1.0,0.9947,1,rce
CVE-2025-31392,7.1,CVSS:3.1/AV:N/AC:L/PR:N/UI:R/S:C/C:L/I:L/A:L,0.7179,0.00206,0,info
CVE-2025-31496,7.5,CVSS:3.1/AV:N/AC:L/PR:N/UI:N/S:U/C:N/I:N/A:H,1.0,0.00422,0,info
CVE-2025-31754,6.5,CVSS:3.1/AV:N/AC:L/PR:L/UI:R/S:C/C:L/I:L/A:L,0.5897,0.00354,0,info
CVE-2025-31789,6.5,CVSS:3.1/AV:N/AC:L/PR:L/UI:N/S:U/C:N/I:H/A:N,0.7179,0.00339,0,rce
CVE-2025-3183,9.8,CVSS:3.1/AV:N/AC:L/PR:N/UI:N/S:U/C:H/I:H/A:H,1.0,0.00603,0,rce
CVE-2025-31860,6.5,CVSS:3.1/AV:N/AC:L/PR:L/UI:R/S:C/C:L/I:L/A:L,0.5897,0.00269,0,info
CVE-2025-31886,4.3,CVSS:3.1/AV:N/AC:L/PR:L/UI:N/S:U/C:N/I:L/A:N,0.7179,0.00243,0,info
CVE-2025-32057,6.5,CVSS:3.1/AV:N/AC:L/PR:N/UI:R/S:U/C:H/I:N/A:N,0.7179,0.00289,0,info
CVE-2025-32131,5.9,CVSS:3.1/AV:N/AC:L/PR:H/UI:R/S:C/C:L/I:L/A:L,0.4359,0.00401,0,info
CVE-2025-32231,4.3,CVSS:3.1/AV:N/AC:L/PR:L/UI:N/S:U/C:N/I:L/A:N,0.7179,0.00422,0,info
CVE-2025-32359,8.8,CVSS:3.1/AV:N/AC:L/PR:L/UI:N/S:U/C:H/I:H/A:H,0.7179,0.00292,0,rce
CVE-2025-32482,7.1,CVSS:3.1/AV:N/AC:L/PR:N/UI:R/S:C/C:L/I:L/A:L,0.7179,0.00186,0,info
CVE-2025-32494,4.3,CVSS:3.1/AV:N/AC:L/PR:N/UI:R/S:U/C:N/I:L/A:N,0.7179,0.00205,0,info
CVE-2025-32756,9.8,CVSS:3.1/AV:N/AC:L/PR:N/UI:N/S:U/C:H/I:H/A:H,1.0,0.29812,1,rce
CVE-2025-32797,7.0,CVSS:3.1/AV:L/AC:H/PR:L/UI:N/S:U/C:H/I:H/A:H,0.2564,0.00172,0,local
CVE-2025-32975,10.0,CVSS:3.1/AV:N/AC:L/PR:N/UI:N/S:C/C:H/I:H/A:H,1.0,0.02487,1,rce
CVE-2025-33057,6.5,CVSS:3.1/AV:N/AC:L/PR:L/UI:N/S:U/C:N/I:N/A:H,0.7179,0.01736,0,info
CVE-2025-33089,9.8,CVSS:3.1/AV:N/AC:L/PR:N/UI:N/S:U/C:H/I:H/A:H,1.0,0.00234,0,rce
CVE-2025-33184,7.8,CVSS:3.1/AV:L/AC:L/PR:L/UI:N/S:U/C:H/I:H/A:H,0.4615,0.00488,0,local
CVE-2025-3404,8.8,CVSS:3.1/AV:N/AC:L/PR:L/UI:N/S:U/C:H/I:H/A:H,0.7179,0.01136,0,rce
CVE-2025-34171,5.3,CVSS:3.1/AV:N/AC:L/PR:N/UI:N/S:U/C:L/I:N/A:N,1.0,0.00641,0,info
CVE-2025-34176,4.3,CVSS:3.1/AV:N/AC:L/PR:L/UI:N/S:U/C:L/I:N/A:N,0.7179,0.14966,0,info
CVE-2025-34217,9.8,CVSS:3.1/AV:N/AC:L/PR:N/UI:N/S:U/C:H/I:H/A:H,1.0,0.00747,0,rce
CVE-2025-34277,9.8,CVSS:3.1/AV:N/AC:L/PR:N/UI:N/S:U/C:H/I:H/A:H,1.0,0.0201,0,rce
CVE-2025-34429,7.1,CVSS:3.1/AV:N/AC:L/PR:N/UI:R/S:U/C:N/I:L/A:H,0.7179,0.00177,0,info
CVE-2025-35010,7.1,CVSS:3.1/AV:L/AC:L/PR:L/UI:N/S:U/C:H/I:H/A:N,0.4615,0.01001,0,local
CVE-2025-3503,4.8,CVSS:3.1/AV:N/AC:L/PR:H/UI:R/S:C/C:L/I:L/A:N,0.4359,0.00277,0,info
CVE-2025-3527,5.4,CVSS:3.1/AV:N/AC:L/PR:L/UI:R/S:C/C:L/I:L/A:N,0.5897,0.00204,0,info
CVE-2025-3546,8.0,CVSS:3.1/AV:A/AC:L/PR:L/UI:N/S:U/C:H/I:H/A:H,0.5385,0.01571,0,rce
CVE-2025-3556,8.1,CVSS:3.1/AV:N/AC:H/PR:N/UI:N/S:U/C:H/I:H/A:H,0.5641,0.00989,0,rce
CVE-2025-3587,8.8,CVSS:3.1/AV:N/AC:L/PR:L/UI:N/S:U/C:H/I:H/A:H,0.7179,0.0051,0,rce
CVE-2025-3615,6.4,CVSS:3.1/AV:N/AC:L/PR:L/UI:N/S:C/C:L/I:L/A:N,0.7949,0.00319,0,info
CVE-2025-36375,8.8,CVSS:3.1/AV:N/AC:L/PR:N/UI:R/S:U/C:H/I:H/A:H,0.7179,0.00167,0,rce
CVE-2025-36903,7.8,CVSS:3.1/AV:L/AC:L/PR:L/UI:N/S:U/C:H/I:H/A:H,0.4615,0.00083,0,local
CVE-2025-36906,7.8,CVSS:3.1/AV:L/AC:L/PR:L/UI:N/S:U/C:H/I:H/A:H,0.4615,0.00084,0,local
CVE-2025-37102,7.2,CVSS:3.1/AV:N/AC:L/PR:H/UI:N/S:U/C:H/I:H/A:H,0.3077,0.01526,0,rce
CVE-2025-3712,7.5,CVSS:3.1/AV:N/AC:L/PR:N/UI:N/S:U/C:N/I:N/A:H,1.0,0.00994,0,info
CVE-2025-37184,9.8,CVSS:3.1/AV:N/AC:L/PR:N/UI:N/S:U/C:H/I:H/A:H,1.0,0.00657,0,rce
CVE-2025-3774,7.2,CVSS:3.1/AV:N/AC:L/PR:N/UI:N/S:C/C:L/I:L/A:N,1.0,0.00287,0,info
CVE-2025-37978,5.5,CVSS:3.1/AV:L/AC:L/PR:L/UI:N/S:U/C:N/I:N/A:H,0.4615,0.00179,0,local
CVE-2025-38269,5.5,CVSS:3.1/AV:L/AC:L/PR:L/UI:N/S:U/C:N/I:N/A:H,0.4615,0.00164,0,local
CVE-2025-38352,7.8,CVSS:3.1/AV:L/AC:L/PR:L/UI:N/S:U/C:H/I:H/A:H,0.4615,0.01297,1,local
CVE-2025-38353,5.5,CVSS:3.1/AV:L/AC:L/PR:L/UI:N/S:U/C:N/I:N/A:H,0.4615,0.00124,0,local
CVE-2025-38359,5.5,CVSS:3.1/AV:L/AC:L/PR:L/UI:N/S:U/C:N/I:N/A:H,0.4615,0.00107,0,local
CVE-2025-38462,4.7,CVSS:3.1/AV:L/AC:H/PR:L/UI:N/S:U/C:N/I:N/A:H,0.2564,0.00119,0,local
CVE-2025-38631,5.5,CVSS:3.1/AV:L/AC:L/PR:L/UI:N/S:U/C:N/I:N/A:H,0.4615,0.0016,0,local
CVE-2025-39204,6.5,CVSS:3.1/AV:N/AC:L/PR:L/UI:N/S:U/C:H/I:N/A:N,0.7179,0.00361,0,info
CVE-2025-3962,4.1,CVSS:3.1/AV:N/AC:L/PR:L/UI:R/S:C/C:N/I:L/A:N,0.5897,0.00413,0,info
CVE-2025-39720,5.5,CVSS:3.1/AV:L/AC:L/PR:L/UI:N/S:U/C:N/I:N/A:H,0.4615,0.00286,0,local
CVE-2025-39782,5.5,CVSS:3.1/AV:L/AC:L/PR:L/UI:N/S:U/C:N/I:N/A:H,0.4615,0.00125,0,local
CVE-2025-39926,5.5,CVSS:3.1/AV:L/AC:L/PR:L/UI:N/S:U/C:N/I:N/A:H,0.4615,0.00143,0,local
CVE-2025-39961,4.7,CVSS:3.1/AV:L/AC:H/PR:L/UI:N/S:U/C:N/I:N/A:H,0.2564,0.00115,0,local
CVE-2025-40074,9.8,CVSS:3.1/AV:N/AC:L/PR:N/UI:N/S:U/C:H/I:H/A:H,1.0,0.0043,0,rce
CVE-2025-40240,7.5,CVSS:3.1/AV:N/AC:L/PR:N/UI:N/S:U/C:N/I:N/A:H,1.0,0.006,0,info
CVE-2025-40602,6.6,CVSS:3.1/AV:N/AC:H/PR:H/UI:N/S:U/C:H/I:H/A:H,0.1795,0.02756,1,rce
CVE-2025-40661,7.5,CVSS:3.1/AV:N/AC:L/PR:N/UI:N/S:U/C:H/I:N/A:N,1.0,0.00327,0,info
CVE-2025-40734,6.1,CVSS:3.1/AV:N/AC:L/PR:N/UI:R/S:C/C:L/I:L/A:N,0.7179,0.002,0,info
CVE-2025-41095,4.3,CVSS:3.1/AV:N/AC:L/PR:L/UI:N/S:U/C:L/I:N/A:N,0.7179,0.00251,0,info
CVE-2025-41668,8.8,CVSS:3.1/AV:N/AC:L/PR:L/UI:N/S:U/C:H/I:H/A:H,0.7179,0.00513,0,rce
CVE-2025-4250,9.8,CVSS:3.1/AV:N/AC:L/PR:N/UI:N/S:U/C:H/I:H/A:H,1.0,0.00577,0,rce
CVE-2025-4299,9.8,CVSS:3.1/AV:N/AC:L/PR:N/UI:N/S:U/C:H/I:H/A:H,1.0,0.00849,0,rce
CVE-2025-42994,7.5,CVSS:3.1/AV:N/AC:L/PR:N/UI:N/S:U/C:N/I:N/A:H,1.0,0.00432,0,info
CVE-2025-43200,4.2,CVSS:3.1/AV:N/AC:H/PR:N/UI:R/S:U/C:L/I:L/A:N,0.4103,0.01191,1,info
CVE-2025-43274,4.4,CVSS:3.1/AV:L/AC:L/PR:L/UI:N/S:U/C:L/I:N/A:L,0.4615,0.0013,0,local
CVE-2025-4328,3.5,CVSS:3.1/AV:N/AC:L/PR:L/UI:R/S:U/C:N/I:L/A:N,0.5385,0.00306,0,info
CVE-2025-4335,8.8,CVSS:3.1/AV:N/AC:L/PR:L/UI:N/S:U/C:H/I:H/A:H,0.7179,0.00361,0,rce
CVE-2025-43384,4.3,CVSS:3.1/AV:N/AC:L/PR:N/UI:R/S:U/C:N/I:N/A:L,0.7179,0.00936,0,info
CVE-2025-43529,8.8,CVSS:3.1/AV:N/AC:L/PR:N/UI:R/S:U/C:H/I:H/A:H,0.7179,0.08763,1,rce
CVE-2025-43829,5.4,CVSS:3.1/AV:N/AC:L/PR:L/UI:R/S:C/C:L/I:L/A:N,0.5897,0.00222,0,info
CVE-2025-44897,9.8,CVSS:3.1/AV:N/AC:L/PR:N/UI:N/S:U/C:H/I:H/A:H,1.0,0.00531,0,rce
CVE-2025-4504,9.8,CVSS:3.1/AV:N/AC:L/PR:N/UI:N/S:U/C:H/I:H/A:H,1.0,0.00507,0,rce
CVE-2025-45095,7.3,CVSS:3.1/AV:N/AC:L/PR:N/UI:N/S:U/C:L/I:L/A:L,1.0,0.00295,0,info
CVE-2025-4608,6.4,CVSS:3.1/AV:N/AC:L/PR:L/UI:N/S:C/C:L/I:L/A:N,0.7949,0.00418,0,info
CVE-2025-4611,6.4,CVSS:3.1/AV:N/AC:L/PR:L/UI:N/S:C/C:L/I:L/A:N,0.7949,0.00512,0,info
CVE-2025-46183,8.2,CVSS:3.1/AV:N/AC:L/PR:N/UI:N/S:U/C:L/I:H/A:N,1.0,0.00345,0,rce
CVE-2025-46225,5.4,CVSS:3.1/AV:N/AC:L/PR:L/UI:R/S:C/C:L/I:L/A:N,0.5897,0.00271,0,info
CVE-2025-46245,8.8,CVSS:3.1/AV:N/AC:L/PR:N/UI:R/S:U/C:H/I:H/A:H,0.7179,0.00172,0,rce
CVE-2025-46712,3.7,CVSS:3.1/AV:N/AC:H/PR:N/UI:N/S:U/C:N/I:L/A:N,0.5641,0.0052,0,info
CVE-2025-46920,4.6,CVSS:3.1/AV:N/AC:L/PR:L/UI:R/S:U/C:L/I:L/A:N,0.5385,0.0032,0,info
CVE-2025-47041,5.4,CVSS:3.1/AV:N/AC:L/PR:L/UI:R/S:C/C:L/I:L/A:N,0.5897,0.00355,0,info
CVE-2025-47106,5.5,CVSS:3.1/AV:L/AC:L/PR:N/UI:R/S:U/C:H/I:N/A:N,0.4615,0.00303,0,local
CVE-2025-47133,7.8,CVSS:3.1/AV:L/AC:L/PR:N/UI:R/S:U/C:H/I:H/A:H,0.4615,0.0017,0,local
CVE-2025-47320,7.8,CVSS:3.1/AV:L/AC:L/PR:L/UI:N/S:U/C:H/I:H/A:H,0.4615,0.00081,0,local
CVE-2025-47359,7.8,CVSS:3.1/AV:L/AC:L/PR:L/UI:N/S:U/C:H/I:H/A:H,0.4615,0.00097,0,local
CVE-2025-47625,4.8,CVSS:3.1/AV:N/AC:L/PR:H/UI:R/S:C/C:L/I:L/A:N,0.4359,0.00265,0,info
CVE-2025-47827,4.6,CVSS:3.1/AV:P/AC:L/PR:N/UI:N/S:U/C:N/I:N/A:H,0.2308,0.04927,1,local
CVE-2025-48076,5.4,CVSS:3.1/AV:N/AC:L/PR:L/UI:R/S:C/C:L/I:L/A:N,0.5897,0.00167,0,info
CVE-2025-48133,9.8,CVSS:3.1/AV:N/AC:L/PR:N/UI:N/S:U/C:H/I:H/A:H,1.0,0.0031,0,rce
CVE-2025-4821,7.5,CVSS:3.1/AV:N/AC:L/PR:N/UI:N/S:U/C:N/I:N/A:H,1.0,0.00936,0,info
CVE-2025-48342,5.4,CVSS:3.1/AV:N/AC:L/PR:N/UI:R/S:U/C:N/I:L/A:L,0.7179,0.0014,0,info
CVE-2025-48381,4.3,CVSS:3.1/AV:N/AC:L/PR:L/UI:N/S:U/C:L/I:N/A:N,0.7179,0.00279,0,info
CVE-2025-48595,8.4,CVSS:3.1/AV:L/AC:L/PR:N/UI:N/S:U/C:H/I:H/A:H,0.641,0.01714,1,local
CVE-2025-48906,8.8,CVSS:3.1/AV:A/AC:L/PR:N/UI:N/S:U/C:H/I:H/A:H,0.7179,0.00207,0,rce
CVE-2025-48910,5.5,CVSS:3.1/AV:A/AC:L/PR:L/UI:N/S:U/C:L/I:L/A:L,0.5385,0.00159,0,info
CVE-2025-49067,6.5,CVSS:3.1/AV:N/AC:L/PR:L/UI:R/S:C/C:L/I:L/A:L,0.5897,0.00204,0,info
CVE-2025-4913,9.8,CVSS:3.1/AV:N/AC:L/PR:N/UI:N/S:U/C:H/I:H/A:H,1.0,0.00584,0,rce
CVE-2025-4932,9.8,CVSS:3.1/AV:N/AC:L/PR:N/UI:N/S:U/C:H/I:H/A:H,1.0,0.00514,0,rce
CVE-2025-49322,5.9,CVSS:3.1/AV:N/AC:L/PR:H/UI:R/S:C/C:L/I:L/A:L,0.4359,0.00264,0,info
CVE-2025-49352,4.3,CVSS:3.1/AV:N/AC:L/PR:L/UI:N/S:U/C:N/I:L/A:N,0.7179,0.00249,0,info
CVE-2025-49587,8.0,CVSS:3.1/AV:N/AC:L/PR:L/UI:R/S:U/C:H/I:H/A:H,0.5385,0.00428,0,rce
CVE-2025-49591,9.1,CVSS:3.1/AV:N/AC:L/PR:N/UI:N/S:U/C:H/I:H/A:N,1.0,0.00518,0,rce
CVE-2025-49706,6.5,CVSS:3.1/AV:N/AC:L/PR:N/UI:N/S:U/C:L/I:L/A:N,1.0,0.99063,1,info
CVE-2025-49726,7.8,CVSS:3.1/AV:L/AC:L/PR:L/UI:N/S:U/C:H/I:H/A:H,0.4615,0.00333,0,local
CVE-2025-49883,8.1,CVSS:3.1/AV:N/AC:H/PR:N/UI:N/S:U/C:H/I:H/A:H,0.5641,0.00668,0,rce
CVE-2025-49920,5.4,CVSS:3.1/AV:N/AC:L/PR:L/UI:N/S:U/C:N/I:L/A:L,0.7179,0.00281,0,info
CVE-2025-4998,6.5,CVSS:3.1/AV:N/AC:L/PR:L/UI:N/S:U/C:N/I:N/A:H,0.7179,0.00541,0,info
CVE-2025-50464,6.5,CVSS:3.1/AV:N/AC:L/PR:N/UI:N/S:U/C:L/I:L/A:N,1.0,0.00492,0,info
CVE-2025-5052,9.8,CVSS:3.1/AV:N/AC:L/PR:N/UI:N/S:U/C:H/I:H/A:H,1.0,0.00698,0,rce
CVE-2025-50817,5.4,CVSS:3.1/AV:N/AC:L/PR:N/UI:R/S:U/C:L/I:L/A:N,0.7179,0.0029,0,info
CVE-2025-52451,8.5,CVSS:3.1/AV:A/AC:L/PR:N/UI:R/S:C/C:H/I:H/A:N,0.5385,0.00208,0,rce
CVE-2025-52622,5.4,CVSS:3.1/AV:N/AC:L/PR:N/UI:R/S:U/C:L/I:L/A:N,0.7179,0.00181,0,info
CVE-2025-52687,2.4,CVSS:3.1/AV:N/AC:L/PR:H/UI:R/S:U/C:N/I:L/A:N,0.2308,0.00229,0,info
CVE-2025-52715,7.5,CVSS:3.1/AV:N/AC:H/PR:L/UI:N/S:U/C:H/I:H/A:H,0.4103,0.00563,0,rce
CVE-2025-52751,7.1,CVSS:3.1/AV:N/AC:L/PR:N/UI:R/S:C/C:L/I:L/A:L,0.7179,0.0025,0,info
CVE-2025-52835,9.6,CVSS:3.1/AV:N/AC:L/PR:N/UI:R/S:C/C:H/I:H/A:H,0.7179,0.00205,0,rce
CVE-2025-53106,8.8,CVSS:3.1/AV:N/AC:L/PR:L/UI:N/S:U/C:H/I:H/A:H,0.7179,0.00585,0,rce
CVE-2025-53184,7.5,CVSS:3.1/AV:N/AC:L/PR:N/UI:N/S:U/C:N/I:N/A:H,1.0,0.00175,0,info
CVE-2025-53254,4.3,CVSS:3.1/AV:N/AC:L/PR:N/UI:R/S:U/C:N/I:L/A:N,0.7179,0.00153,0,info
CVE-2025-53397,6.1,CVSS:3.1/AV:N/AC:L/PR:N/UI:R/S:C/C:L/I:L/A:N,0.7179,0.00203,0,info
CVE-2025-53442,8.1,CVSS:3.1/AV:N/AC:H/PR:N/UI:N/S:U/C:H/I:H/A:H,0.5641,0.00535,0,rce
CVE-2025-53447,8.1,CVSS:3.1/AV:N/AC:H/PR:N/UI:N/S:U/C:H/I:H/A:H,0.5641,0.00535,0,rce
CVE-2025-53518,9.8,CVSS:3.1/AV:N/AC:L/PR:N/UI:N/S:U/C:H/I:H/A:H,1.0,0.00857,0,rce
CVE-2025-53539,7.5,CVSS:3.1/AV:N/AC:L/PR:N/UI:N/S:U/C:N/I:N/A:H,1.0,0.00422,0,info
CVE-2025-53654,6.5,CVSS:3.1/AV:N/AC:L/PR:L/UI:N/S:U/C:H/I:N/A:N,0.7179,0.00362,0,info
CVE-2025-53721,7.0,CVSS:3.1/AV:L/AC:H/PR:L/UI:N/S:U/C:H/I:H/A:H,0.2564,0.00357,0,local
CVE-2025-54217,7.8,CVSS:3.1/AV:L/AC:L/PR:N/UI:R/S:U/C:H/I:H/A:H,0.4615,0.003,0,local
CVE-2025-54236,9.1,CVSS:3.1/AV:N/AC:L/PR:N/UI:N/S:U/C:H/I:H/A:N,1.0,0.94532,1,rce
CVE-2025-54253,10.0,CVSS:3.1/AV:N/AC:L/PR:N/UI:N/S:C/C:H/I:H/A:H,1.0,0.87989,1,rce
CVE-2025-54269,5.5,CVSS:3.1/AV:L/AC:L/PR:N/UI:R/S:U/C:H/I:N/A:N,0.4615,0.00217,0,local
CVE-2025-54645,5.5,CVSS:3.1/AV:L/AC:L/PR:L/UI:N/S:U/C:N/I:N/A:H,0.4615,0.00085,0,local
CVE-2025-54721,7.1,CVSS:3.1/AV:N/AC:L/PR:N/UI:R/S:C/C:L/I:L/A:L,0.7179,0.00219,0,info
CVE-2025-54726,9.3,CVSS:3.1/AV:N/AC:L/PR:N/UI:N/S:C/C:H/I:N/A:L,1.0,0.01514,0,info
CVE-2025-54812,5.4,CVSS:3.1/AV:N/AC:L/PR:L/UI:R/S:C/C:L/I:L/A:N,0.5897,0.01189,0,info
CVE-2025-54915,6.7,CVSS:3.1/AV:L/AC:L/PR:H/UI:N/S:U/C:H/I:H/A:H,0.2051,0.00482,0,local
CVE-2025-55004,4.3,CVSS:3.1/AV:N/AC:L/PR:N/UI:R/S:U/C:L/I:N/A:N,0.7179,0.00545,0,info
CVE-2025-55273,4.3,CVSS:3.1/AV:N/AC:L/PR:N/UI:R/S:U/C:N/I:L/A:N,0.7179,0.00231,0,info
CVE-2025-5538,6.4,CVSS:3.1/AV:N/AC:L/PR:L/UI:N/S:C/C:L/I:L/A:N,0.7949,0.00218,0,info
CVE-2025-55454,8.8,CVSS:3.1/AV:N/AC:L/PR:L/UI:N/S:U/C:H/I:H/A:H,0.7179,0.00669,0,rce
CVE-2025-55552,7.5,CVSS:3.1/AV:N/AC:L/PR:N/UI:N/S:U/C:N/I:N/A:H,1.0,0.00418,0,info
CVE-2025-55603,7.5,CVSS:3.1/AV:N/AC:L/PR:N/UI:N/S:U/C:N/I:N/A:H,1.0,0.00412,0,info
CVE-2025-5611,8.8,CVSS:3.1/AV:N/AC:L/PR:L/UI:N/S:U/C:H/I:H/A:H,0.7179,0.00451,0,rce
CVE-2025-5649,6.5,CVSS:3.1/AV:N/AC:L/PR:N/UI:N/S:U/C:L/I:L/A:N,1.0,0.00589,0,info
CVE-2025-56807,6.1,CVSS:3.1/AV:N/AC:L/PR:N/UI:R/S:C/C:L/I:L/A:N,0.7179,0.00228,0,info
CVE-2025-57909,6.5,CVSS:3.1/AV:N/AC:L/PR:L/UI:N/S:U/C:H/I:N/A:N,0.7179,0.00452,0,info
CVE-2025-57929,5.9,CVSS:3.1/AV:N/AC:L/PR:H/UI:R/S:C/C:L/I:L/A:L,0.4359,0.0024,0,info
CVE-2025-58277,5.5,CVSS:3.1/AV:L/AC:L/PR:N/UI:R/S:U/C:H/I:N/A:N,0.4615,0.00093,0,local
CVE-2025-58316,5.5,CVSS:3.1/AV:L/AC:L/PR:L/UI:N/S:U/C:N/I:N/A:H,0.4615,0.00071,0,local
CVE-2025-58357,9.6,CVSS:3.1/AV:N/AC:L/PR:N/UI:R/S:C/C:H/I:H/A:H,0.7179,0.0064,0,rce
CVE-2025-58382,7.2,CVSS:3.1/AV:N/AC:L/PR:H/UI:N/S:U/C:H/I:H/A:H,0.3077,0.00598,0,rce
CVE-2025-58735,7.0,CVSS:3.1/AV:L/AC:H/PR:N/UI:R/S:U/C:H/I:H/A:H,0.2564,0.00478,0,local
CVE-2025-58783,4.3,CVSS:3.1/AV:N/AC:L/PR:L/UI:N/S:U/C:N/I:L/A:N,0.7179,0.00241,0,info
CVE-2025-58799,4.3,CVSS:3.1/AV:N/AC:L/PR:N/UI:R/S:U/C:N/I:L/A:N,0.7179,0.0014,0,info
CVE-2025-58960,5.9,CVSS:3.1/AV:N/AC:L/PR:H/UI:R/S:C/C:L/I:L/A:L,0.4359,0.00225,0,info
CVE-2025-58974,6.5,CVSS:3.1/AV:N/AC:L/PR:L/UI:R/S:C/C:L/I:L/A:L,0.5897,0.0021,0,info
CVE-2025-58995,8.1,CVSS:3.1/AV:N/AC:H/PR:N/UI:N/S:U/C:H/I:H/A:H,0.5641,0.00484,0,rce
CVE-2025-59050,7.8,CVSS:3.1/AV:L/AC:L/PR:L/UI:N/S:U/C:H/I:H/A:H,0.4615,0.00285,0,local
CVE-2025-59154,5.9,CVSS:3.1/AV:N/AC:H/PR:H/UI:N/S:U/C:H/I:H/A:N,0.1795,0.00234,0,rce
CVE-2025-59280,3.1,CVSS:3.1/AV:N/AC:H/PR:N/UI:R/S:U/C:N/I:L/A:N,0.4103,0.00458,0,info
CVE-2025-59468,9.1,CVSS:3.1/AV:N/AC:L/PR:H/UI:N/S:C/C:H/I:H/A:H,0.5897,0.01192,0,rce
CVE-2025-5981,6.5,CVSS:3.1/AV:N/AC:L/PR:L/UI:N/S:U/C:N/I:H/A:N,0.7179,0.00217,0,rce
CVE-2025-60013,4.6,CVSS:3.1/AV:L/AC:L/PR:H/UI:N/S:C/C:L/I:L/A:N,0.3846,0.0018,0,local
CVE-2025-60046,8.1,CVSS:3.1/AV:N/AC:H/PR:N/UI:N/S:U/C:H/I:H/A:H,0.5641,0.00499,0,rce
CVE-2025-60495,5.5,CVSS:3.1/AV:L/AC:L/PR:N/UI:R/S:U/C:N/I:N/A:H,0.4615,0.00133,0,local
CVE-2025-60691,8.8,CVSS:3.1/AV:A/AC:L/PR:N/UI:N/S:U/C:H/I:H/A:H,0.7179,0.00714,0,rce
CVE-2025-60710,7.8,CVSS:3.1/AV:L/AC:L/PR:L/UI:N/S:U/C:H/I:H/A:H,0.4615,0.04598,1,local
CVE-2025-61078,6.1,CVSS:3.1/AV:N/AC:L/PR:N/UI:R/S:C/C:L/I:L/A:N,0.7179,0.00265,0,info
CVE-2025-61310,6.1,CVSS:3.1/AV:N/AC:L/PR:N/UI:R/S:C/C:L/I:L/A:N,0.7179,0.00236,0,info
CVE-2025-61612,7.5,CVSS:3.1/AV:N/AC:L/PR:N/UI:N/S:U/C:N/I:N/A:H,1.0,0.00312,0,info
CVE-2025-61725,7.5,CVSS:3.1/AV:N/AC:L/PR:N/UI:N/S:U/C:N/I:N/A:H,1.0,0.00604,0,info
CVE-2025-61979,7.1,CVSS:3.1/AV:L/AC:L/PR:N/UI:R/S:U/C:H/I:N/A:H,0.4615,0.00268,0,local
CVE-2025-62221,7.8,CVSS:3.1/AV:L/AC:L/PR:L/UI:N/S:U/C:H/I:H/A:H,0.4615,0.02505,1,local
CVE-2025-62225,6.7,CVSS:3.0/AV:L/AC:L/PR:H/UI:N/S:U/C:H/I:H/A:H,0.2051,0.00155,0,local
CVE-2025-62236,5.3,CVSS:3.1/AV:N/AC:L/PR:N/UI:N/S:U/C:L/I:N/A:N,1.0,0.00332,0,info
CVE-2025-62289,4.9,CVSS:3.1/AV:N/AC:L/PR:H/UI:N/S:U/C:N/I:N/A:H,0.3077,0.00308,0,info
CVE-2025-62292,4.3,CVSS:3.1/AV:N/AC:L/PR:L/UI:N/S:U/C:L/I:N/A:N,0.7179,0.00224,0,info
CVE-2025-62569,7.0,CVSS:3.1/AV:L/AC:H/PR:L/UI:N/S:U/C:H/I:H/A:H,0.2564,0.0033,0,local
CVE-2025-62644,7.7,CVSS:3.1/AV:N/AC:L/PR:L/UI:N/S:C/C:H/I:N/A:N,0.7949,0.00458,0,info
CVE-2025-62649,5.8,CVSS:3.1/AV:N/AC:L/PR:N/UI:N/S:C/C:N/I:L/A:N,1.0,0.00513,0,info
CVE-2025-63003,7.5,CVSS:3.1/AV:N/AC:H/PR:L/UI:N/S:U/C:H/I:H/A:H,0.4103,0.00458,0,rce
CVE-2025-63211,6.1,CVSS:3.1/AV:N/AC:L/PR:N/UI:R/S:C/C:L/I:L/A:N,0.7179,0.00266,0,info
CVE-2025-63363,7.5,CVSS:3.1/AV:N/AC:L/PR:N/UI:N/S:U/C:N/I:N/A:H,1.0,0.00284,0,info
CVE-2025-6342,9.8,CVSS:3.1/AV:N/AC:L/PR:N/UI:N/S:U/C:H/I:H/A:H,1.0,0.00514,0,rce
CVE-2025-63432,4.6,CVSS:3.1/AV:N/AC:L/PR:L/UI:R/S:U/C:L/I:L/A:N,0.5385,0.00169,0,info
CVE-2025-63579,7.5,CVSS:3.1/AV:N/AC:L/PR:N/UI:N/S:U/C:H/I:N/A:N,1.0,0.0027,0,info
CVE-2025-63785,6.1,CVSS:3.1/AV:N/AC:L/PR:N/UI:R/S:C/C:L/I:L/A:N,0.7179,0.00266,0,info
CVE-2025-63895,7.5,CVSS:3.1/AV:N/AC:L/PR:N/UI:N/S:U/C:N/I:N/A:H,1.0,0.00312,0,info
CVE-2025-6392,4.4,CVSS:3.1/AV:L/AC:L/PR:H/UI:N/S:U/C:H/I:N/A:N,0.2051,0.00136,0,local
CVE-2025-64133,5.4,CVSS:3.1/AV:N/AC:L/PR:N/UI:R/S:U/C:N/I:L/A:L,0.7179,0.00241,0,info
CVE-2025-64163,9.8,CVSS:3.1/AV:N/AC:L/PR:N/UI:N/S:U/C:H/I:H/A:H,1.0,0.01078,0,rce
CVE-2025-6418,9.8,CVSS:3.1/AV:N/AC:L/PR:N/UI:N/S:U/C:H/I:H/A:H,1.0,0.00481,0,rce
CVE-2025-64328,7.2,CVSS:3.1/AV:N/AC:L/PR:H/UI:N/S:U/C:H/I:H/A:H,0.3077,0.84618,1,rce
CVE-2025-64446,9.8,CVSS:3.1/AV:N/AC:L/PR:N/UI:N/S:U/C:H/I:H/A:H,1.0,0.91838,1,rce
CVE-2025-64574,5.4,CVSS:3.1/AV:N/AC:L/PR:L/UI:R/S:C/C:L/I:L/A:N,0.5897,0.00203,0,info
CVE-2025-64597,5.4,CVSS:3.1/AV:N/AC:L/PR:L/UI:R/S:C/C:L/I:L/A:N,0.5897,0.0025,0,info
CVE-2025-64676,7.2,CVSS:3.1/AV:N/AC:L/PR:H/UI:N/S:U/C:H/I:H/A:H,0.3077,0.01011,0,rce
CVE-2025-64830,5.4,CVSS:3.1/AV:N/AC:L/PR:L/UI:R/S:C/C:L/I:L/A:N,0.5897,0.00277,0,info
CVE-2025-6554,8.1,CVSS:3.1/AV:N/AC:L/PR:N/UI:R/S:U/C:H/I:H/A:N,0.7179,0.12564,1,rce
CVE-2025-66096,4.3,CVSS:3.1/AV:N/AC:L/PR:L/UI:N/S:U/C:N/I:L/A:N,0.7179,0.00181,0,info
CVE-2025-66256,9.8,CVSS:3.1/AV:N/AC:L/PR:N/UI:N/S:U/C:H/I:H/A:H,1.0,0.00437,0,rce
CVE-2025-66448,8.8,CVSS:3.1/AV:N/AC:L/PR:N/UI:R/S:U/C:H/I:H/A:H,0.7179,0.0066,0,rce
CVE-2025-6692,6.4,CVSS:3.1/AV:N/AC:L/PR:L/UI:N/S:C/C:L/I:L/A:N,0.7949,0.00186,0,info
CVE-2025-67259,6.5,CVSS:3.1/AV:N/AC:L/PR:L/UI:N/S:U/C:H/I:N/A:N,0.7179,0.00212,0,info
CVE-2025-67587,4.7,CVSS:3.1/AV:N/AC:L/PR:N/UI:R/S:C/C:L/I:N/A:N,0.7179,0.00202,0,info
CVE-2025-67704,6.1,CVSS:3.1/AV:N/AC:L/PR:N/UI:R/S:C/C:L/I:L/A:N,0.7179,0.00243,0,info
CVE-2025-67725,7.5,CVSS:3.1/AV:N/AC:L/PR:N/UI:N/S:U/C:N/I:N/A:H,1.0,0.00559,0,info
CVE-2025-67990,7.1,CVSS:3.1/AV:N/AC:L/PR:N/UI:R/S:C/C:L/I:L/A:L,0.7179,0.00193,0,info
CVE-2025-68433,7.3,CVSS:3.1/AV:L/AC:L/PR:L/UI:R/S:U/C:H/I:H/A:H,0.3333,0.00284,0,local
CVE-2025-68458,3.7,CVSS:3.1/AV:N/AC:H/PR:L/UI:R/S:U/C:L/I:L/A:N,0.3077,0.00212,0,info
CVE-2025-68595,5.3,CVSS:3.1/AV:N/AC:L/PR:N/UI:N/S:U/C:L/I:N/A:N,1.0,0.0027,0,info
CVE-2025-68701,7.5,CVSS:3.1/AV:N/AC:L/PR:N/UI:N/S:U/C:H/I:N/A:N,1.0,0.00237,0,info
CVE-2025-68705,9.8,CVSS:3.1/AV:N/AC:L/PR:N/UI:N/S:U/C:H/I:H/A:H,1.0,0.07367,0,rce
CVE-2025-68957,4.7,CVSS:3.1/AV:L/AC:H/PR:L/UI:N/S:U/C:N/I:N/A:H,0.2564,0.00112,0,local
CVE-2025-69101,9.8,CVSS:3.1/AV:N/AC:L/PR:N/UI:N/S:U/C:H/I:H/A:H,1.0,0.00621,0,rce
CVE-2025-69346,4.3,CVSS:3.1/AV:N/AC:L/PR:L/UI:N/S:U/C:N/I:L/A:N,0.7179,0.00177,0,info
CVE-2025-69647,6.2,CVSS:3.1/AV:L/AC:L/PR:N/UI:N/S:U/C:N/I:N/A:H,0.641,0.00152,0,local
CVE-2025-70792,6.1,CVSS:3.1/AV:N/AC:L/PR:N/UI:R/S:C/C:L/I:L/A:N,0.7179,0.00287,0,info
CVE-2025-71082,7.8,CVSS:3.1/AV:L/AC:L/PR:L/UI:N/S:U/C:H/I:H/A:H,0.4615,0.00141,0,local
CVE-2025-71135,5.5,CVSS:3.1/AV:L/AC:L/PR:L/UI:N/S:U/C:N/I:N/A:H,0.4615,0.00172,0,local
CVE-2025-7119,9.8,CVSS:3.1/AV:N/AC:L/PR:N/UI:N/S:U/C:H/I:H/A:H,1.0,0.00415,0,rce
CVE-2025-71259,7.1,CVSS:3.1/AV:N/AC:L/PR:L/UI:N/S:U/C:L/I:N/A:H,0.7179,0.12916,0,info
CVE-2025-71270,5.5,CVSS:3.1/AV:L/AC:L/PR:L/UI:N/S:U/C:N/I:N/A:H,0.4615,0.00121,0,local
CVE-2025-71271,5.5,CVSS:3.1/AV:L/AC:L/PR:L/UI:N/S:U/C:N/I:N/A:H,0.4615,0.00126,0,local
CVE-2025-71280,5.5,CVSS:3.1/AV:L/AC:L/PR:L/UI:N/S:U/C:H/I:N/A:N,0.4615,0.00116,0,local
CVE-2025-7142,5.4,CVSS:3.1/AV:N/AC:L/PR:L/UI:R/S:C/C:L/I:L/A:N,0.5897,0.00292,0,info
CVE-2025-7624,9.8,CVSS:3.1/AV:N/AC:L/PR:N/UI:N/S:U/C:H/I:H/A:H,1.0,0.08491,0,rce
CVE-2025-7645,8.1,CVSS:3.1/AV:N/AC:L/PR:N/UI:R/S:U/C:N/I:H/A:H,0.7179,0.00783,0,rce
CVE-2025-7686,6.1,CVSS:3.1/AV:N/AC:L/PR:N/UI:R/S:C/C:L/I:L/A:N,0.7179,0.00136,0,info
CVE-2025-7956,5.3,CVSS:3.1/AV:N/AC:L/PR:N/UI:N/S:U/C:L/I:N/A:N,1.0,0.00304,0,info
CVE-2025-8299,8.8,CVSS:3.0/AV:L/AC:L/PR:L/UI:N/S:C/C:H/I:H/A:H,0.5128,0.00152,0,local
CVE-2025-8301,7.8,CVSS:3.0/AV:L/AC:L/PR:L/UI:N/S:U/C:H/I:H/A:H,0.4615,0.00152,0,local
CVE-2025-8370,6.1,CVSS:3.1/AV:N/AC:L/PR:N/UI:R/S:C/C:L/I:L/A:N,0.7179,0.00491,0,info
CVE-2025-8468,9.8,CVSS:3.1/AV:N/AC:L/PR:N/UI:N/S:U/C:H/I:H/A:H,1.0,0.00436,0,rce
CVE-2025-8755,5.3,CVSS:3.1/AV:N/AC:L/PR:N/UI:N/S:U/C:L/I:N/A:N,1.0,0.0053,0,info
CVE-2025-8769,9.8,CVSS:3.1/AV:N/AC:L/PR:N/UI:N/S:U/C:H/I:H/A:H,1.0,0.01019,0,rce
CVE-2025-8829,8.8,CVSS:3.1/AV:N/AC:L/PR:L/UI:N/S:U/C:H/I:H/A:H,0.7179,0.06814,0,rce
CVE-2025-8948,9.8,CVSS:3.1/AV:N/AC:L/PR:N/UI:N/S:U/C:H/I:H/A:H,1.0,0.00417,0,rce
CVE-2025-9077,6.4,CVSS:3.1/AV:N/AC:L/PR:L/UI:N/S:C/C:L/I:L/A:N,0.7949,0.00304,0,info
CVE-2025-9198,6.5,CVSS:3.1/AV:N/AC:L/PR:L/UI:N/S:U/C:H/I:N/A:N,0.7179,0.00342,0,info
CVE-2025-9308,5.5,CVSS:3.1/AV:L/AC:L/PR:L/UI:N/S:U/C:N/I:N/A:H,0.4615,0.00207,0,local
CVE-2025-9377,7.2,CVSS:3.1/AV:N/AC:L/PR:H/UI:N/S:U/C:H/I:H/A:H,0.3077,0.33524,1,rce
CVE-2025-9482,8.8,CVSS:3.1/AV:N/AC:L/PR:L/UI:N/S:U/C:H/I:H/A:H,0.7179,0.08536,0,rce
CVE-2025-9579,8.8,CVSS:3.1/AV:N/AC:L/PR:L/UI:N/S:U/C:H/I:H/A:H,0.7179,0.0692,0,rce
CVE-2025-9583,8.8,CVSS:3.1/AV:N/AC:L/PR:L/UI:N/S:U/C:H/I:H/A:H,0.7179,0.05075,0,rce
CVE-2025-9609,8.8,CVSS:3.1/AV:N/AC:L/PR:L/UI:N/S:U/C:H/I:H/A:H,0.7179,0.00387,0,rce
CVE-2025-9626,4.3,CVSS:3.1/AV:N/AC:L/PR:N/UI:R/S:U/C:N/I:L/A:N,0.7179,0.00167,0,info
CVE-2025-9841,8.8,CVSS:3.1/AV:N/AC:L/PR:L/UI:N/S:U/C:H/I:H/A:H,0.7179,0.00332,0,rce
CVE-2025-9851,6.4,CVSS:3.1/AV:N/AC:L/PR:L/UI:N/S:C/C:L/I:L/A:N,0.7949,0.00193,0,info
CVE-2025-9930,9.8,CVSS:3.1/AV:N/AC:L/PR:N/UI:N/S:U/C:H/I:H/A:H,1.0,0.0044,0,rce
CVE-2026-0244,8.1,CVSS:3.1/AV:N/AC:H/PR:N/UI:N/S:U/C:H/I:H/A:H,0.5641,0.00217,0,rce
CVE-2026-0257,9.1,CVSS:3.1/AV:N/AC:L/PR:N/UI:N/S:U/C:H/I:H/A:N,1.0,0.96382,1,rce
CVE-2026-0290,5.5,CVSS:3.1/AV:L/AC:L/PR:L/UI:N/S:U/C:H/I:N/A:N,0.4615,0.00127,0,local
CVE-2026-0792,9.8,CVSS:3.1/AV:N/AC:L/PR:N/UI:N/S:U/C:H/I:H/A:H,1.0,0.00718,0,rce
CVE-2026-0815,4.4,CVSS:3.1/AV:N/AC:H/PR:H/UI:N/S:C/C:L/I:L/A:N,0.3333,0.00255,0,info
CVE-2026-0838,8.8,CVSS:3.1/AV:N/AC:L/PR:L/UI:N/S:U/C:H/I:H/A:H,0.7179,0.03873,0,rce
CVE-2026-10092,7.2,CVSS:3.1/AV:N/AC:L/PR:N/UI:N/S:C/C:L/I:L/A:N,1.0,0.00405,0,info
CVE-2026-10156,4.3,CVSS:3.1/AV:N/AC:L/PR:L/UI:N/S:U/C:N/I:N/A:L,0.7179,0.00277,0,info
CVE-2026-10219,7.3,CVSS:3.1/AV:N/AC:L/PR:N/UI:N/S:U/C:L/I:L/A:L,1.0,0.01336,0,info
CVE-2026-10301,4.3,CVSS:3.1/AV:N/AC:L/PR:N/UI:R/S:U/C:N/I:L/A:N,0.7179,0.00273,0,info
CVE-2026-10520,10.0,CVSS:3.1/AV:N/AC:L/PR:N/UI:N/S:C/C:H/I:H/A:H,1.0,0.99915,1,rce
CVE-2026-1053,4.4,CVSS:3.1/AV:N/AC:H/PR:H/UI:N/S:C/C:L/I:L/A:N,0.3333,0.00288,0,info
CVE-2026-10620,7.3,CVSS:3.1/AV:N/AC:L/PR:N/UI:N/S:U/C:L/I:L/A:L,1.0,0.00272,0,info
CVE-2026-1065,7.2,CVSS:3.1/AV:N/AC:L/PR:N/UI:N/S:C/C:L/I:L/A:N,1.0,0.00359,0,info
CVE-2026-10886,9.6,CVSS:3.1/AV:N/AC:L/PR:N/UI:R/S:C/C:H/I:H/A:H,0.7179,0.06163,0,rce
CVE-2026-10957,8.8,CVSS:3.1/AV:N/AC:L/PR:N/UI:R/S:U/C:H/I:H/A:H,0.7179,0.00361,0,rce
CVE-2026-11093,6.5,CVSS:3.1/AV:N/AC:L/PR:N/UI:R/S:U/C:H/I:N/A:N,0.7179,0.00229,0,info
CVE-2026-11106,6.5,CVSS:3.1/AV:N/AC:L/PR:N/UI:R/S:U/C:H/I:N/A:N,0.7179,0.00187,0,info
CVE-2026-11199,5.9,CVSS:3.1/AV:N/AC:H/PR:N/UI:N/S:U/C:H/I:N/A:N,0.5641,0.00189,0,info
CVE-2026-11321,6.4,CVSS:3.1/AV:N/AC:H/PR:H/UI:R/S:U/C:H/I:H/A:H,0.1282,0.00423,0,rce
CVE-2026-11375,8.8,CVSS:3.1/AV:N/AC:L/PR:L/UI:N/S:U/C:H/I:H/A:H,0.7179,0.00346,0,rce
CVE-2026-11546,9.8,CVSS:3.1/AV:N/AC:L/PR:N/UI:N/S:U/C:H/I:H/A:H,1.0,0.00399,0,rce
CVE-2026-11645,8.8,CVSS:3.1/AV:N/AC:L/PR:N/UI:R/S:U/C:H/I:H/A:H,0.7179,0.0219,1,rce
CVE-2026-12143,7.5,CVSS:3.1/AV:N/AC:L/PR:N/UI:N/S:U/C:N/I:H/A:N,1.0,0.00669,0,rce
CVE-2026-13199,4.0,CVSS:3.1/AV:L/AC:L/PR:N/UI:N/S:U/C:L/I:N/A:N,0.641,0.00164,0,local
CVE-2026-1323,8.8,CVSS:3.1/AV:N/AC:L/PR:L/UI:N/S:U/C:H/I:H/A:H,0.7179,0.00215,0,rce
CVE-2026-13233,3.3,CVSS:3.1/AV:N/AC:H/PR:H/UI:N/S:U/C:L/I:L/A:N,0.1795,0.00208,0,info
CVE-2026-13342,5.3,CVSS:3.1/AV:N/AC:L/PR:N/UI:N/S:U/C:N/I:L/A:N,1.0,0.00347,0,info
CVE-2026-13770,6.4,CVSS:3.1/AV:N/AC:L/PR:L/UI:N/S:C/C:L/I:L/A:N,0.7949,0.00201,0,info
CVE-2026-13775,9.8,CVSS:3.1/AV:N/AC:L/PR:N/UI:N/S:U/C:H/I:H/A:H,1.0,0.00319,0,rce
CVE-2026-13903,8.8,CVSS:3.1/AV:N/AC:L/PR:N/UI:R/S:U/C:H/I:H/A:H,0.7179,0.00345,0,rce
CVE-2026-13914,5.5,CVSS:3.1/AV:L/AC:L/PR:N/UI:R/S:U/C:H/I:N/A:N,0.4615,0.00118,0,local
CVE-2026-13927,7.8,CVSS:3.1/AV:L/AC:L/PR:N/UI:R/S:U/C:H/I:H/A:H,0.4615,0.00129,0,local
CVE-2026-14020,4.3,CVSS:3.1/AV:N/AC:L/PR:N/UI:R/S:U/C:N/I:L/A:N,0.7179,0.00245,0,info
CVE-2026-14035,6.5,CVSS:3.1/AV:N/AC:L/PR:N/UI:R/S:U/C:H/I:N/A:N,0.7179,0.00283,0,info
CVE-2026-14225,2.7,CVSS:3.1/AV:N/AC:L/PR:H/UI:N/S:U/C:L/I:N/A:N,0.3077,0.00316,0,info
CVE-2026-1457,8.8,CVSS:3.1/AV:N/AC:L/PR:L/UI:N/S:U/C:H/I:H/A:H,0.7179,0.06971,0,rce
CVE-2026-14685,3.3,CVSS:3.1/AV:L/AC:L/PR:L/UI:N/S:U/C:N/I:L/A:N,0.4615,0.00159,0,local
CVE-2026-1475,7.5,CVSS:3.1/AV:N/AC:L/PR:N/UI:N/S:U/C:H/I:N/A:N,1.0,0.00372,0,info
CVE-2026-1481,7.5,CVSS:3.1/AV:N/AC:L/PR:N/UI:N/S:U/C:H/I:N/A:N,1.0,0.00372,0,info
CVE-2026-14812,10.0,CVSS:3.1/AV:N/AC:L/PR:N/UI:N/S:C/C:H/I:H/A:H,1.0,0.00831,0,rce
CVE-2026-14902,6.1,CVSS:3.1/AV:N/AC:L/PR:N/UI:R/S:C/C:L/I:L/A:N,0.7179,0.00706,0,info
CVE-2026-15012,5.3,CVSS:3.1/AV:N/AC:L/PR:N/UI:N/S:U/C:N/I:L/A:N,1.0,0.00551,0,info
CVE-2026-15088,5.7,CVSS:3.1/AV:N/AC:H/PR:H/UI:R/S:U/C:H/I:H/A:N,0.1282,0.00188,0,rce
CVE-2026-15116,8.8,CVSS:3.1/AV:N/AC:L/PR:N/UI:R/S:U/C:H/I:H/A:H,0.7179,0.00413,0,rce
CVE-2026-15150,5.3,CVSS:3.1/AV:N/AC:L/PR:N/UI:N/S:U/C:N/I:L/A:N,1.0,0.00163,0,info
CVE-2026-15245,5.4,CVSS:3.1/AV:N/AC:L/PR:L/UI:R/S:C/C:L/I:L/A:N,0.5897,0.00226,0,info
CVE-2026-15410,7.2,CVSS:3.1/AV:N/AC:L/PR:H/UI:N/S:U/C:H/I:H/A:H,0.3077,0.11791,1,rce
CVE-2026-15429,8.8,CVSS:3.1/AV:N/AC:L/PR:L/UI:N/S:U/C:H/I:H/A:H,0.7179,0.01389,0,rce
CVE-2026-15551,5.5,CVSS:3.1/AV:L/AC:H/PR:L/UI:R/S:U/C:L/I:L/A:H,0.2051,0.0011,0,local
CVE-2026-1564,4.8,CVSS:3.1/AV:N/AC:L/PR:H/UI:R/S:C/C:L/I:L/A:N,0.4359,0.00187,0,info
CVE-2026-1602,6.5,CVSS:3.1/AV:N/AC:L/PR:L/UI:N/S:U/C:H/I:N/A:N,0.7179,0.00711,0,info
CVE-2026-16044,5.4,CVSS:3.1/AV:N/AC:L/PR:L/UI:N/S:U/C:N/I:L/A:L,0.7179,0.00287,0,info
CVE-2026-16232,9.8,CVSS:3.1/AV:N/AC:L/PR:N/UI:N/S:U/C:H/I:H/A:H,1.0,0.77972,1,rce
CVE-2026-16257,8.2,CVSS:3.1/AV:N/AC:L/PR:N/UI:N/S:U/C:L/I:H/A:N,1.0,0.0036,0,rce
CVE-2026-1636,6.7,CVSS:3.1/AV:L/AC:H/PR:L/UI:R/S:U/C:H/I:H/A:H,0.2051,0.00125,0,local
CVE-2026-16581,5.3,CVSS:3.1/AV:N/AC:L/PR:N/UI:N/S:U/C:L/I:N/A:N,1.0,0.00381,0,info
CVE-2026-16629,5.3,CVSS:3.1/AV:L/AC:L/PR:L/UI:N/S:U/C:L/I:L/A:L,0.4615,0.01083,0,local
CVE-2026-16859,5.3,CVSS:3.1/AV:N/AC:L/PR:N/UI:N/S:U/C:L/I:N/A:N,1.0,0.00402,0,info
CVE-2026-16898,7.8,CVSS:3.1/AV:L/AC:L/PR:L/UI:N/S:U/C:H/I:H/A:H,0.4615,0.00153,0,local
CVE-2026-16957,2.7,CVSS:3.1/AV:N/AC:L/PR:H/UI:N/S:U/C:L/I:N/A:N,0.3077,0.00299,0,info
CVE-2026-16959,6.8,CVSS:3.1/AV:N/AC:L/PR:H/UI:N/S:C/C:H/I:N/A:N,0.5897,0.00391,0,info
CVE-2026-1731,9.8,CVSS:3.1/AV:N/AC:L/PR:N/UI:N/S:U/C:H/I:H/A:H,1.0,0.90963,1,rce
CVE-2026-17753,4.3,CVSS:3.1/AV:N/AC:L/PR:N/UI:R/S:U/C:L/I:N/A:N,0.7179,0.00213,0,info
CVE-2026-17943,4.3,CVSS:3.1/AV:N/AC:L/PR:N/UI:R/S:U/C:N/I:L/A:N,0.7179,0.00252,0,info
CVE-2026-18016,4.3,CVSS:3.1/AV:N/AC:L/PR:N/UI:R/S:U/C:N/I:L/A:N,0.7179,0.00196,0,info
CVE-2026-18408,8.8,CVSS:3.1/AV:N/AC:L/PR:N/UI:R/S:U/C:H/I:H/A:H,0.7179,0.00355,0,rce
CVE-2026-19294,6.5,CVSS:3.1/AV:N/AC:L/PR:L/UI:N/S:U/C:H/I:N/A:N,0.7179,0.0024,0,info
CVE-2026-1950,9.8,CVSS:3.1/AV:N/AC:L/PR:N/UI:N/S:U/C:H/I:H/A:H,1.0,0.00307,0,rce
CVE-2026-19626,9.9,CVSS:3.1/AV:N/AC:L/PR:L/UI:N/S:C/C:H/I:H/A:H,0.7949,0.01851,0,rce
CVE-2026-20045,9.8,CVSS:3.1/AV:N/AC:L/PR:N/UI:N/S:U/C:H/I:H/A:H,1.0,0.04541,1,rce
CVE-2026-20088,4.8,CVSS:3.1/AV:N/AC:L/PR:H/UI:R/S:C/C:L/I:L/A:N,0.4359,0.00223,0,info
CVE-2026-20095,6.5,CVSS:3.1/AV:N/AC:L/PR:H/UI:N/S:U/C:H/I:H/A:N,0.3077,0.00929,0,rce
CVE-2026-2012,9.8,CVSS:3.1/AV:N/AC:L/PR:N/UI:N/S:U/C:H/I:H/A:H,1.0,0.00346,0,rce
CVE-2026-20131,10.0,CVSS:3.1/AV:N/AC:L/PR:N/UI:N/S:C/C:H/I:H/A:H,1.0,0.42665,1,rce
CVE-2026-20269,8.6,CVSS:3.1/AV:N/AC:L/PR:N/UI:N/S:C/C:N/I:N/A:H,1.0,0.00467,0,info
CVE-2026-20272,9.8,CVSS:3.1/AV:N/AC:L/PR:N/UI:N/S:U/C:H/I:H/A:H,1.0,0.00573,0,rce
CVE-2026-20289,6.5,CVSS:3.1/AV:N/AC:L/PR:L/UI:N/S:U/C:H/I:N/A:N,0.7179,0.00331,0,info
CVE-2026-20606,7.1,CVSS:3.1/AV:L/AC:L/PR:N/UI:R/S:U/C:H/I:H/A:N,0.4615,0.00141,0,local
CVE-2026-20744,9.8,CVSS:3.1/AV:N/AC:L/PR:N/UI:N/S:U/C:H/I:H/A:H,1.0,0.00758,0,rce
CVE-2026-20803,7.2,CVSS:3.1/AV:N/AC:L/PR:H/UI:N/S:U/C:H/I:H/A:H,0.3077,0.01267,0,rce
CVE-2026-20805,5.5,CVSS:3.1/AV:L/AC:L/PR:L/UI:N/S:U/C:H/I:N/A:N,0.4615,0.07203,1,local
CVE-2026-21278,5.5,CVSS:3.1/AV:L/AC:L/PR:N/UI:R/S:U/C:H/I:N/A:N,0.4615,0.00222,0,local
CVE-2026-21373,7.8,CVSS:3.1/AV:L/AC:L/PR:L/UI:N/S:U/C:H/I:H/A:H,0.4615,0.00077,0,local
CVE-2026-21383,7.1,CVSS:3.1/AV:L/AC:L/PR:L/UI:N/S:U/C:H/I:H/A:N,0.4615,0.00101,0,local
CVE-2026-21638,8.8,CVSS:3.1/AV:A/AC:L/PR:N/UI:N/S:U/C:H/I:H/A:H,0.7179,0.00414,0,rce
CVE-2026-21692,8.8,CVSS:3.1/AV:N/AC:L/PR:N/UI:R/S:U/C:H/I:H/A:H,0.7179,0.0036,0,rce
CVE-2026-21826,6.1,CVSS:3.1/AV:N/AC:L/PR:N/UI:R/S:C/C:L/I:L/A:N,0.7179,0.00144,0,info
CVE-2026-21908,7.1,CVSS:3.1/AV:A/AC:H/PR:L/UI:N/S:U/C:H/I:H/A:H,0.3077,0.00315,0,rce
CVE-2026-21962,10.0,CVSS:3.1/AV:N/AC:L/PR:N/UI:N/S:C/C:H/I:H/A:N,1.0,0.70915,1,rce
CVE-2026-22236,9.8,CVSS:3.1/AV:N/AC:L/PR:N/UI:N/S:U/C:H/I:H/A:H,1.0,0.00534,0,rce
CVE-2026-22260,7.5,CVSS:3.1/AV:N/AC:L/PR:N/UI:N/S:U/C:N/I:N/A:H,1.0,0.00561,0,info
CVE-2026-22393,5.4,CVSS:3.1/AV:N/AC:L/PR:L/UI:N/S:U/C:N/I:L/A:L,0.7179,0.00266,0,info
CVE-2026-22584,9.8,CVSS:3.1/AV:N/AC:L/PR:N/UI:N/S:U/C:H/I:H/A:H,1.0,0.00426,0,rce
CVE-2026-22703,5.5,CVSS:3.1/AV:L/AC:L/PR:L/UI:N/S:U/C:N/I:H/A:N,0.4615,0.00108,0,local
CVE-2026-2271,5.5,CVSS:3.1/AV:L/AC:L/PR:N/UI:R/S:U/C:N/I:N/A:H,0.4615,0.00494,0,local
CVE-2026-22719,8.1,CVSS:3.1/AV:N/AC:H/PR:N/UI:N/S:U/C:H/I:H/A:H,0.5641,0.17713,1,rce
CVE-2026-22779,5.3,CVSS:3.1/AV:N/AC:L/PR:N/UI:N/S:U/C:N/I:L/A:N,1.0,0.00359,0,info
CVE-2026-22885,3.7,CVSS:3.1/AV:N/AC:H/PR:N/UI:N/S:U/C:L/I:N/A:N,0.5641,0.00382,0,info
CVE-2026-22982,5.5,CVSS:3.1/AV:L/AC:L/PR:L/UI:N/S:U/C:N/I:N/A:H,0.4615,0.00139,0,local
CVE-2026-23072,5.5,CVSS:3.1/AV:L/AC:L/PR:L/UI:N/S:U/C:N/I:N/A:H,0.4615,0.00128,0,local
CVE-2026-23284,5.5,CVSS:3.1/AV:L/AC:L/PR:L/UI:N/S:U/C:N/I:N/A:H,0.4615,0.00123,0,local
CVE-2026-23897,7.5,CVSS:3.1/AV:N/AC:L/PR:N/UI:N/S:U/C:N/I:N/A:H,1.0,0.00654,0,info
CVE-2026-23933,9.1,CVSS:3.1/AV:N/AC:L/PR:N/UI:N/S:U/C:H/I:H/A:N,1.0,0.0036,0,rce
CVE-2026-24198,5.6,CVSS:3.1/AV:L/AC:L/PR:H/UI:N/S:U/C:L/I:L/A:H,0.2051,0.00155,0,local
CVE-2026-24447,6.5,CVSS:3.0/AV:N/AC:L/PR:L/UI:R/S:C/C:L/I:L/A:L,0.5897,0.00229,0,info
CVE-2026-24571,4.3,CVSS:3.1/AV:N/AC:L/PR:L/UI:N/S:U/C:N/I:L/A:N,0.7179,0.00215,0,info
CVE-2026-24576,6.5,CVSS:3.1/AV:N/AC:L/PR:L/UI:R/S:C/C:L/I:L/A:L,0.5897,0.00229,0,info
CVE-2026-24626,5.9,CVSS:3.1/AV:N/AC:L/PR:H/UI:R/S:C/C:L/I:L/A:L,0.4359,0.00169,0,info
CVE-2026-24768,6.1,CVSS:3.1/AV:N/AC:L/PR:N/UI:R/S:C/C:L/I:L/A:N,0.7179,0.0031,0,info
CVE-2026-24776,4.3,CVSS:3.1/AV:N/AC:L/PR:L/UI:N/S:U/C:N/I:L/A:N,0.7179,0.00202,0,info
CVE-2026-25038,7.5,CVSS:3.1/AV:N/AC:L/PR:N/UI:N/S:U/C:H/I:N/A:N,1.0,0.00482,0,info
CVE-2026-25128,7.5,CVSS:3.1/AV:N/AC:L/PR:N/UI:N/S:U/C:N/I:N/A:H,1.0,0.00581,0,info
CVE-2026-25172,8.0,CVSS:3.1/AV:N/AC:L/PR:L/UI:R/S:U/C:H/I:H/A:H,0.5385,0.00904,0,rce
CVE-2026-25359,8.8,CVSS:3.1/AV:N/AC:L/PR:L/UI:N/S:U/C:H/I:H/A:H,0.7179,0.00344,0,rce
CVE-2026-25455,6.5,CVSS:3.1/AV:N/AC:L/PR:L/UI:N/S:U/C:H/I:N/A:N,0.7179,0.0034,0,info
CVE-2026-25643,9.1,CVSS:3.1/AV:N/AC:L/PR:H/UI:N/S:C/C:H/I:H/A:H,0.5897,0.03805,0,rce
CVE-2026-25660,9.8,CVSS:3.1/AV:N/AC:L/PR:N/UI:N/S:U/C:H/I:H/A:H,1.0,0.00611,0,rce
CVE-2026-2573,6.4,CVSS:3.1/AV:N/AC:L/PR:L/UI:N/S:C/C:L/I:L/A:N,0.7949,0.00261,0,info
CVE-2026-25856,8.8,CVSS:3.1/AV:N/AC:L/PR:L/UI:N/S:U/C:H/I:H/A:H,0.7179,0.0085,0,rce
CVE-2026-25957,6.5,CVSS:3.1/AV:N/AC:L/PR:L/UI:N/S:U/C:N/I:N/A:H,0.7179,0.00436,0,info
CVE-2026-26149,9.0,CVSS:3.1/AV:N/AC:L/PR:L/UI:R/S:C/C:H/I:H/A:H,0.5897,0.00768,0,rce
CVE-2026-26934,6.5,CVSS:3.1/AV:N/AC:L/PR:L/UI:N/S:U/C:N/I:N/A:H,0.7179,0.0049,0,info
CVE-2026-26987,6.1,CVSS:3.1/AV:N/AC:L/PR:N/UI:R/S:C/C:L/I:L/A:N,0.7179,0.00361,0,info
CVE-2026-2703,5.5,CVSS:3.1/AV:L/AC:L/PR:L/UI:N/S:U/C:N/I:N/A:H,0.4615,0.00195,0,local
CVE-2026-27070,7.1,CVSS:3.1/AV:N/AC:L/PR:N/UI:R/S:C/C:L/I:L/A:L,0.7179,0.00251,0,info
CVE-2026-27180,9.8,CVSS:3.1/AV:N/AC:L/PR:N/UI:N/S:U/C:H/I:H/A:H,1.0,0.01127,0,rce
CVE-2026-27293,7.8,CVSS:3.1/AV:L/AC:L/PR:N/UI:R/S:U/C:H/I:H/A:H,0.4615,0.00337,0,local
CVE-2026-27361,7.5,CVSS:3.1/AV:N/AC:L/PR:N/UI:N/S:U/C:H/I:N/A:N,1.0,0.00428,0,info
CVE-2026-27432,5.4,CVSS:3.1/AV:N/AC:L/PR:L/UI:N/S:U/C:N/I:L/A:L,0.7179,0.00314,0,info
CVE-2026-27555,8.8,CVSS:3.1/AV:N/AC:L/PR:L/UI:N/S:U/C:H/I:H/A:H,0.7179,0.00886,0,rce
CVE-2026-27687,5.8,CVSS:3.1/AV:N/AC:H/PR:H/UI:N/S:C/C:H/I:N/A:N,0.3333,0.00332,0,info
CVE-2026-27802,8.3,CVSS:3.1/AV:N/AC:L/PR:L/UI:N/S:U/C:H/I:H/A:L,0.7179,0.00374,0,rce
CVE-2026-27846,6.2,CVSS:3.1/AV:L/AC:L/PR:N/UI:N/S:U/C:H/I:N/A:N,0.641,0.00204,0,local
CVE-2026-27918,7.0,CVSS:3.1/AV:L/AC:H/PR:L/UI:N/S:U/C:H/I:H/A:H,0.2564,0.00214,0,local
CVE-2026-27932,7.5,CVSS:3.1/AV:N/AC:L/PR:N/UI:N/S:U/C:N/I:N/A:H,1.0,0.00334,0,info
CVE-2026-28026,8.1,CVSS:3.1/AV:N/AC:H/PR:N/UI:N/S:U/C:H/I:H/A:H,0.5641,0.00557,0,rce
CVE-2026-28122,7.1,CVSS:3.1/AV:N/AC:L/PR:N/UI:R/S:C/C:L/I:L/A:L,0.7179,0.00251,0,info
CVE-2026-28318,7.5,CVSS:3.1/AV:N/AC:L/PR:N/UI:N/S:U/C:N/I:N/A:H,1.0,0.01942,1,info
CVE-2026-28422,2.2,CVSS:3.1/AV:L/AC:H/PR:L/UI:R/S:U/C:N/I:L/A:N,0.2051,0.00135,0,local
CVE-2026-28461,7.5,CVSS:3.1/AV:N/AC:L/PR:N/UI:N/S:U/C:N/I:N/A:H,1.0,0.00615,0,info
CVE-2026-28503,6.5,CVSS:3.1/AV:N/AC:L/PR:H/UI:N/S:U/C:H/I:H/A:N,0.3077,0.00402,0,rce
CVE-2026-28544,4.7,CVSS:3.1/AV:L/AC:H/PR:L/UI:N/S:U/C:N/I:N/A:H,0.2564,0.00084,0,local
CVE-2026-28580,7.8,CVSS:3.1/AV:L/AC:L/PR:L/UI:N/S:U/C:H/I:H/A:H,0.4615,0.00096,0,local
CVE-2026-29054,7.5,CVSS:3.1/AV:N/AC:L/PR:N/UI:N/S:U/C:N/I:H/A:N,1.0,0.00616,0,rce
CVE-2026-29933,6.1,CVSS:3.1/AV:N/AC:L/PR:N/UI:R/S:C/C:L/I:L/A:N,0.7179,0.0025,0,info
CVE-2026-30307,9.8,CVSS:3.1/AV:N/AC:L/PR:N/UI:N/S:U/C:H/I:H/A:H,1.0,0.02158,0,rce
CVE-2026-30707,8.1,CVSS:3.1/AV:N/AC:L/PR:L/UI:N/S:U/C:H/I:H/A:N,0.7179,0.00435,0,rce
CVE-2026-30854,5.3,CVSS:3.1/AV:N/AC:L/PR:N/UI:N/S:U/C:L/I:N/A:N,1.0,0.00333,0,info
CVE-2026-30900,7.8,CVSS:3.1/AV:L/AC:L/PR:L/UI:N/S:U/C:H/I:H/A:H,0.4615,0.00162,0,local
CVE-2026-30913,4.6,CVSS:3.1/AV:N/AC:L/PR:L/UI:R/S:U/C:L/I:L/A:N,0.5385,0.00289,0,info
CVE-2026-30915,4.3,CVSS:3.1/AV:N/AC:L/PR:L/UI:N/S:U/C:N/I:L/A:N,0.7179,0.00338,0,info
CVE-2026-30919,5.4,CVSS:3.1/AV:N/AC:L/PR:L/UI:R/S:C/C:L/I:L/A:N,0.5897,0.00282,0,info
CVE-2026-31067,6.8,CVSS:3.1/AV:A/AC:L/PR:H/UI:N/S:U/C:H/I:H/A:H,0.2308,0.00578,0,rce
CVE-2026-31168,6.5,CVSS:3.1/AV:N/AC:L/PR:N/UI:N/S:U/C:L/I:L/A:N,1.0,0.00666,0,info
CVE-2026-31192,6.5,CVSS:3.1/AV:N/AC:L/PR:N/UI:N/S:U/C:L/I:L/A:N,1.0,0.00388,0,info
CVE-2026-31351,4.8,CVSS:3.1/AV:N/AC:L/PR:H/UI:R/S:C/C:L/I:L/A:N,0.4359,0.00249,0,info
CVE-2026-31353,5.4,CVSS:3.1/AV:N/AC:L/PR:L/UI:R/S:C/C:L/I:L/A:N,0.5897,0.00232,0,info
CVE-2026-31451,5.5,CVSS:3.1/AV:L/AC:L/PR:L/UI:N/S:U/C:N/I:N/A:H,0.4615,0.00162,0,local
CVE-2026-31975,9.8,CVSS:3.1/AV:N/AC:L/PR:N/UI:N/S:U/C:H/I:H/A:H,1.0,0.04299,0,rce
CVE-2026-31986,9.1,CVSS:3.1/AV:N/AC:L/PR:N/UI:N/S:U/C:H/I:H/A:N,1.0,0.00559,0,rce
CVE-2026-32204,7.8,CVSS:3.1/AV:L/AC:L/PR:L/UI:N/S:U/C:H/I:H/A:H,0.4615,0.00356,0,local
CVE-2026-32260,9.8,CVSS:3.1/AV:N/AC:L/PR:N/UI:N/S:U/C:H/I:H/A:H,1.0,0.01957,0,rce
CVE-2026-32401,7.2,CVSS:3.1/AV:N/AC:L/PR:H/UI:N/S:U/C:H/I:H/A:H,0.3077,0.00567,0,rce
CVE-2026-32460,6.5,CVSS:3.1/AV:N/AC:L/PR:L/UI:R/S:C/C:L/I:L/A:L,0.5897,0.00224,0,info
CVE-2026-32521,6.5,CVSS:3.1/AV:N/AC:L/PR:L/UI:R/S:C/C:L/I:L/A:L,0.5897,0.00224,0,info
CVE-2026-32614,7.5,CVSS:3.1/AV:N/AC:L/PR:N/UI:N/S:U/C:N/I:H/A:N,1.0,0.0023,0,rce
CVE-2026-32662,5.3,CVSS:3.1/AV:N/AC:L/PR:N/UI:N/S:U/C:L/I:N/A:N,1.0,0.00441,0,info
CVE-2026-32709,6.8,CVSS:3.1/AV:A/AC:H/PR:N/UI:N/S:U/C:H/I:H/A:N,0.4103,0.0032,0,rce
CVE-2026-32865,9.8,CVSS:3.1/AV:N/AC:L/PR:N/UI:N/S:U/C:H/I:H/A:H,1.0,0.00517,0,rce
CVE-2026-3288,8.8,CVSS:3.1/AV:N/AC:L/PR:L/UI:N/S:U/C:H/I:H/A:H,0.7179,0.00713,0,rce
CVE-2026-33136,6.1,CVSS:3.1/AV:N/AC:L/PR:N/UI:R/S:C/C:L/I:L/A:N,0.7179,0.00306,0,info
CVE-2026-33453,10.0,CVSS:3.1/AV:N/AC:L/PR:N/UI:N/S:C/C:H/I:H/A:H,1.0,0.07164,0,rce
CVE-2026-33742,5.4,CVSS:3.1/AV:N/AC:L/PR:L/UI:R/S:C/C:L/I:L/A:N,0.5897,0.00248,0,info
CVE-2026-33854,9.8,CVSS:3.1/AV:N/AC:L/PR:N/UI:N/S:U/C:H/I:H/A:H,1.0,0.00409,0,rce
CVE-2026-33912,5.4,CVSS:3.1/AV:N/AC:L/PR:L/UI:R/S:C/C:L/I:L/A:N,0.5897,0.00305,0,info
CVE-2026-3411,9.8,CVSS:3.1/AV:N/AC:L/PR:N/UI:N/S:U/C:H/I:H/A:H,1.0,0.00572,0,rce
CVE-2026-34230,7.5,CVSS:3.1/AV:N/AC:L/PR:N/UI:N/S:U/C:N/I:N/A:H,1.0,0.00481,0,info
CVE-2026-34313,6.5,CVSS:3.1/AV:N/AC:L/PR:L/UI:N/S:U/C:H/I:N/A:N,0.7179,0.00393,0,info
CVE-2026-34319,5.0,CVSS:3.1/AV:L/AC:L/PR:L/UI:R/S:U/C:N/I:N/A:H,0.3333,0.00142,0,local
CVE-2026-34414,7.1,CVSS:3.1/AV:N/AC:L/PR:L/UI:N/S:U/C:L/I:H/A:N,0.7179,0.03628,0,rce
CVE-2026-34662,5.5,CVSS:3.1/AV:L/AC:L/PR:N/UI:R/S:U/C:N/I:N/A:H,0.4615,0.00234,0,local
CVE-2026-34677,6.2,CVSS:3.1/AV:L/AC:L/PR:N/UI:N/S:U/C:N/I:N/A:H,0.641,0.00259,0,local
CVE-2026-34720,4.3,CVSS:3.1/AV:N/AC:L/PR:L/UI:N/S:U/C:L/I:N/A:N,0.7179,0.00142,0,info
CVE-2026-34858,4.1,CVSS:3.1/AV:L/AC:H/PR:H/UI:N/S:U/C:N/I:N/A:H,0.1282,0.00092,0,local
CVE-2026-34883,5.3,CVSS:3.1/AV:L/AC:L/PR:L/UI:N/S:U/C:L/I:L/A:L,0.4615,0.00153,0,local
CVE-2026-34909,10.0,CVSS:3.1/AV:N/AC:L/PR:N/UI:N/S:C/C:H/I:H/A:H,1.0,0.01793,1,rce
CVE-2026-34915,6.1,CVSS:3.0/AV:N/AC:L/PR:N/UI:R/S:C/C:L/I:L/A:N,0.7179,0.0026,0,info
CVE-2026-34947,5.3,CVSS:3.1/AV:N/AC:L/PR:N/UI:N/S:U/C:L/I:N/A:N,1.0,0.00353,0,info
CVE-2026-34951,6.1,CVSS:3.1/AV:N/AC:L/PR:N/UI:R/S:C/C:L/I:L/A:N,0.7179,0.00253,0,info
CVE-2026-35363,5.6,CVSS:3.1/AV:L/AC:L/PR:L/UI:R/S:U/C:N/I:H/A:L,0.3333,0.00171,0,local
CVE-2026-35369,5.5,CVSS:3.1/AV:L/AC:L/PR:L/UI:N/S:U/C:N/I:N/A:H,0.4615,0.00151,0,local
CVE-2026-35420,7.8,CVSS:3.1/AV:L/AC:L/PR:L/UI:N/S:U/C:H/I:H/A:H,0.4615,0.00333,0,local
CVE-2026-35591,7.8,CVSS:3.1/AV:L/AC:L/PR:L/UI:N/S:U/C:H/I:H/A:H,0.4615,0.00179,0,local
CVE-2026-35625,7.8,CVSS:3.1/AV:L/AC:L/PR:L/UI:N/S:U/C:H/I:H/A:H,0.4615,0.00264,0,local
CVE-2026-35902,6.2,CVSS:3.1/AV:L/AC:L/PR:N/UI:N/S:U/C:N/I:N/A:H,0.641,0.00197,0,local
CVE-2026-36610,5.9,CVSS:3.1/AV:N/AC:H/PR:N/UI:N/S:U/C:H/I:N/A:N,0.5641,0.00189,0,info
CVE-2026-36758,4.3,CVSS:3.1/AV:N/AC:L/PR:L/UI:N/S:U/C:L/I:N/A:N,0.7179,0.00281,0,info
CVE-2026-36837,7.5,CVSS:3.1/AV:N/AC:L/PR:N/UI:N/S:U/C:N/I:N/A:H,1.0,0.00458,0,info
CVE-2026-36947,2.7,CVSS:3.1/AV:N/AC:L/PR:H/UI:N/S:U/C:L/I:N/A:N,0.3077,0.00324,0,info
CVE-2026-3750,7.2,CVSS:3.1/AV:N/AC:L/PR:H/UI:N/S:U/C:H/I:H/A:H,0.3077,0.00573,0,rce
CVE-2026-3850,6.4,CVSS:3.1/AV:N/AC:L/PR:L/UI:N/S:C/C:L/I:L/A:N,0.7949,0.00261,0,info
CVE-2026-38719,6.2,CVSS:3.1/AV:L/AC:L/PR:N/UI:N/S:U/C:N/I:N/A:H,0.641,0.0016,0,local
CVE-2026-39307,8.1,CVSS:3.1/AV:N/AC:L/PR:N/UI:R/S:U/C:N/I:H/A:H,0.7179,0.00462,0,rce
CVE-2026-39312,7.5,CVSS:3.1/AV:N/AC:L/PR:N/UI:N/S:U/C:N/I:N/A:H,1.0,0.00695,0,info
CVE-2026-39334,8.8,CVSS:3.1/AV:N/AC:L/PR:L/UI:N/S:U/C:H/I:H/A:H,0.7179,0.00435,0,rce
CVE-2026-39355,8.8,CVSS:3.1/AV:N/AC:L/PR:L/UI:N/S:U/C:H/I:H/A:H,0.7179,0.00441,0,rce
CVE-2026-39548,7.1,CVSS:3.1/AV:N/AC:L/PR:N/UI:R/S:C/C:L/I:L/A:L,0.7179,0.00251,0,info
CVE-2026-39835,5.3,CVSS:3.1/AV:N/AC:L/PR:N/UI:N/S:U/C:N/I:N/A:L,1.0,0.00662,0,info
CVE-2026-39878,9.3,CVSS:3.1/AV:N/AC:L/PR:N/UI:R/S:C/C:H/I:H/A:N,0.7179,0.00435,0,rce
CVE-2026-39932,9.1,CVSS:3.1/AV:N/AC:L/PR:H/UI:N/S:C/C:H/I:H/A:H,0.5897,0.02002,0,rce
CVE-2026-40026,7.1,CVSS:3.1/AV:L/AC:L/PR:N/UI:R/S:U/C:H/I:N/A:H,0.4615,0.00181,0,local
CVE-2026-40410,7.0,CVSS:3.1/AV:L/AC:H/PR:L/UI:N/S:U/C:H/I:H/A:H,0.2564,0.00264,0,local
CVE-2026-40864,4.3,CVSS:3.1/AV:N/AC:L/PR:N/UI:R/S:U/C:N/I:L/A:N,0.7179,0.00179,0,info
CVE-2026-40887,9.1,CVSS:3.1/AV:N/AC:L/PR:N/UI:N/S:U/C:H/I:N/A:H,1.0,0.02202,0,info
CVE-2026-41084,7.5,CVSS:3.1/AV:N/AC:L/PR:N/UI:N/S:U/C:N/I:H/A:N,1.0,0.00763,0,rce
CVE-2026-41132,7.4,CVSS:3.1/AV:N/AC:H/PR:N/UI:N/S:U/C:H/I:H/A:N,0.5641,0.00213,0,rce
CVE-2026-41238,6.9,CVSS:3.1/AV:N/AC:H/PR:N/UI:R/S:C/C:H/I:L/A:N,0.4103,0.00346,0,info
CVE-2026-4133,4.3,CVSS:3.1/AV:N/AC:L/PR:N/UI:R/S:U/C:N/I:L/A:N,0.7179,0.0019,0,info
CVE-2026-41505,8.7,CVSS:3.1/AV:N/AC:H/PR:N/UI:N/S:C/C:N/I:H/A:H,0.5641,0.00423,0,rce
CVE-2026-41664,6.6,CVSS:3.1/AV:L/AC:L/PR:N/UI:R/S:U/C:L/I:L/A:H,0.4615,0.00143,0,local
CVE-2026-41728,7.5,CVSS:3.1/AV:N/AC:L/PR:N/UI:N/S:U/C:N/I:H/A:N,1.0,0.00346,0,rce
CVE-2026-4183,9.8,CVSS:3.1/AV:N/AC:L/PR:N/UI:N/S:U/C:H/I:H/A:H,1.0,0.01878,0,rce
CVE-2026-41986,2.4,CVSS:3.1/AV:P/AC:L/PR:N/UI:N/S:U/C:N/I:N/A:L,0.2308,0.00157,0,local
CVE-2026-41988,2.5,CVSS:3.1/AV:L/AC:H/PR:L/UI:N/S:U/C:N/I:L/A:N,0.2564,0.0013,0,local
CVE-2026-42018,7.5,CVSS:3.1/AV:N/AC:L/PR:N/UI:N/S:U/C:H/I:N/A:N,1.0,0.09805,1,info
CVE-2026-42198,7.5,CVSS:3.1/AV:N/AC:L/PR:N/UI:N/S:U/C:N/I:N/A:H,1.0,0.04117,0,info
CVE-2026-42216,9.1,CVSS:3.1/AV:N/AC:L/PR:N/UI:N/S:U/C:H/I:N/A:H,1.0,0.00712,0,info
CVE-2026-42257,9.8,CVSS:3.1/AV:N/AC:L/PR:N/UI:N/S:U/C:H/I:H/A:H,1.0,0.00519,0,rce
CVE-2026-42386,9.3,CVSS:3.1/AV:N/AC:L/PR:N/UI:N/S:C/C:H/I:N/A:L,1.0,0.004,0,info
CVE-2026-42472,9.8,CVSS:3.1/AV:N/AC:L/PR:N/UI:N/S:U/C:H/I:H/A:H,1.0,0.00701,0,rce
CVE-2026-42510,7.2,CVSS:3.1/AV:N/AC:L/PR:H/UI:N/S:U/C:H/I:H/A:H,0.3077,0.00741,0,rce
CVE-2026-4252,9.8,CVSS:3.1/AV:N/AC:L/PR:N/UI:N/S:U/C:H/I:H/A:H,1.0,0.01983,0,rce
CVE-2026-42729,7.1,CVSS:3.1/AV:N/AC:L/PR:N/UI:R/S:C/C:L/I:L/A:L,0.7179,0.00251,0,info
CVE-2026-42751,6.5,CVSS:3.1/AV:N/AC:L/PR:L/UI:R/S:C/C:L/I:L/A:L,0.5897,0.00224,0,info
CVE-2026-42929,8.3,CVSS:3.1/AV:A/AC:L/PR:N/UI:N/S:U/C:H/I:H/A:L,0.7179,0.00343,0,rce
CVE-2026-42945,8.1,CVSS:3.1/AV:N/AC:H/PR:N/UI:N/S:U/C:H/I:H/A:H,0.5641,0.03396,0,rce
CVE-2026-43015,7.8,CVSS:3.1/AV:L/AC:L/PR:L/UI:N/S:U/C:H/I:H/A:H,0.4615,0.00171,0,local
CVE-2026-43174,5.5,CVSS:3.1/AV:L/AC:L/PR:L/UI:N/S:U/C:N/I:N/A:H,0.4615,0.00143,0,local
CVE-2026-43180,7.8,CVSS:3.1/AV:L/AC:L/PR:L/UI:N/S:U/C:H/I:H/A:H,0.4615,0.00176,0,local
CVE-2026-43394,5.5,CVSS:3.1/AV:L/AC:L/PR:L/UI:N/S:U/C:N/I:N/A:H,0.4615,0.00162,0,local
CVE-2026-43446,5.5,CVSS:3.1/AV:L/AC:L/PR:L/UI:N/S:U/C:N/I:N/A:H,0.4615,0.00119,0,local
CVE-2026-43657,3.3,CVSS:3.1/AV:L/AC:L/PR:L/UI:N/S:U/C:L/I:N/A:N,0.4615,0.00136,0,local
CVE-2026-43739,5.5,CVSS:3.1/AV:L/AC:L/PR:N/UI:R/S:U/C:N/I:N/A:H,0.4615,0.0016,0,local
CVE-2026-43979,5.0,CVSS:3.1/AV:N/AC:L/PR:L/UI:N/S:C/C:L/I:N/A:N,0.7949,0.00359,0,info
CVE-2026-44171,7.8,CVSS:3.1/AV:L/AC:L/PR:N/UI:R/S:U/C:H/I:H/A:H,0.4615,0.00173,0,local
CVE-2026-44312,5.8,CVSS:3.1/AV:N/AC:L/PR:N/UI:N/S:C/C:N/I:L/A:N,1.0,0.00241,0,info
CVE-2026-44322,7.5,CVSS:3.1/AV:N/AC:L/PR:N/UI:N/S:U/C:N/I:N/A:H,1.0,0.00655,0,info
CVE-2026-44631,9.8,CVSS:3.1/AV:N/AC:L/PR:N/UI:N/S:U/C:H/I:H/A:H,1.0,0.00746,0,rce
CVE-2026-44884,6.5,CVSS:3.1/AV:N/AC:L/PR:L/UI:N/S:U/C:H/I:N/A:N,0.7179,0.00377,0,info
CVE-2026-45028,6.1,CVSS:3.1/AV:N/AC:L/PR:N/UI:R/S:C/C:L/I:L/A:N,0.7179,0.00198,0,info
CVE-2026-45187,6.5,CVSS:3.1/AV:N/AC:L/PR:N/UI:N/S:U/C:L/I:L/A:N,1.0,0.00649,0,info
CVE-2026-45247,9.8,CVSS:3.1/AV:N/AC:L/PR:N/UI:N/S:U/C:H/I:H/A:H,1.0,0.02085,1,rce
CVE-2026-45324,3.3,CVSS:3.1/AV:P/AC:H/PR:L/UI:R/S:C/C:N/I:L/A:L,0.0769,0.00135,0,local
CVE-2026-45357,7.5,CVSS:3.1/AV:N/AC:L/PR:N/UI:N/S:U/C:N/I:N/A:H,1.0,0.00655,0,info
CVE-2026-4542,5.4,CVSS:3.1/AV:N/AC:L/PR:L/UI:N/S:U/C:N/I:L/A:L,0.7179,0.00442,0,info
CVE-2026-45463,8.4,CVSS:3.1/AV:L/AC:L/PR:N/UI:N/S:U/C:H/I:H/A:H,0.641,0.00364,0,local
CVE-2026-4547,4.3,CVSS:3.1/AV:N/AC:L/PR:L/UI:N/S:U/C:N/I:L/A:N,0.7179,0.00355,0,info
CVE-2026-45565,8.1,CVSS:3.1/AV:N/AC:L/PR:L/UI:N/S:U/C:H/I:H/A:N,0.7179,0.00468,0,rce
CVE-2026-45664,5.3,CVSS:3.1/AV:N/AC:L/PR:N/UI:N/S:U/C:N/I:N/A:L,1.0,0.0063,0,info
CVE-2026-45732,8.1,CVSS:3.1/AV:N/AC:L/PR:L/UI:N/S:U/C:H/I:H/A:N,0.7179,0.0035,0,rce
CVE-2026-45927,4.7,CVSS:3.1/AV:L/AC:H/PR:L/UI:N/S:U/C:N/I:N/A:H,0.2564,0.00109,0,local
CVE-2026-4593,6.3,CVSS:3.1/AV:N/AC:L/PR:L/UI:N/S:U/C:L/I:L/A:L,0.7179,0.00316,0,info
CVE-2026-45973,5.5,CVSS:3.1/AV:L/AC:L/PR:L/UI:N/S:U/C:N/I:N/A:H,0.4615,0.00162,0,local
CVE-2026-4601,9.1,CVSS:3.1/AV:N/AC:L/PR:N/UI:N/S:U/C:H/I:H/A:N,1.0,0.00466,0,rce
CVE-2026-46026,5.5,CVSS:3.1/AV:L/AC:L/PR:L/UI:N/S:U/C:N/I:N/A:H,0.4615,0.00162,0,local
CVE-2026-46106,5.5,CVSS:3.1/AV:L/AC:L/PR:L/UI:N/S:U/C:N/I:N/A:H,0.4615,0.00162,0,local
CVE-2026-46417,6.1,CVSS:3.1/AV:N/AC:L/PR:N/UI:R/S:C/C:L/I:L/A:N,0.7179,0.00361,0,info
CVE-2026-46602,7.5,CVSS:3.1/AV:N/AC:L/PR:N/UI:N/S:U/C:N/I:N/A:H,1.0,0.00609,0,info
CVE-2026-4670,9.8,CVSS:3.1/AV:N/AC:L/PR:N/UI:N/S:U/C:H/I:H/A:H,1.0,0.00611,0,rce
CVE-2026-46859,9.8,CVSS:3.1/AV:N/AC:L/PR:N/UI:N/S:U/C:H/I:H/A:H,1.0,0.00508,0,rce
CVE-2026-47101,8.8,CVSS:3.1/AV:N/AC:L/PR:L/UI:N/S:U/C:H/I:H/A:H,0.7179,0.01331,0,rce
CVE-2026-47478,7.5,CVSS:3.1/AV:N/AC:L/PR:N/UI:N/S:U/C:N/I:N/A:H,1.0,0.00527,0,info
CVE-2026-47688,8.2,CVSS:3.1/AV:N/AC:L/PR:N/UI:N/S:U/C:N/I:H/A:L,1.0,0.00267,0,rce
CVE-2026-47762,5.4,CVSS:3.1/AV:N/AC:L/PR:L/UI:R/S:C/C:L/I:L/A:N,0.5897,0.00416,0,info
CVE-2026-47871,8.8,CVSS:3.1/AV:N/AC:L/PR:L/UI:N/S:U/C:H/I:H/A:H,0.7179,0.00959,0,rce
CVE-2026-48024,9.1,CVSS:3.1/AV:N/AC:L/PR:H/UI:N/S:C/C:H/I:H/A:H,0.5897,0.00781,0,rce
CVE-2026-48151,7.5,CVSS:3.1/AV:N/AC:L/PR:N/UI:N/S:U/C:N/I:H/A:N,1.0,0.00377,0,rce
CVE-2026-48187,5.7,CVSS:3.1/AV:N/AC:L/PR:L/UI:R/S:U/C:N/I:N/A:H,0.5385,0.00358,0,info
CVE-2026-4822,7.0,CVSS:3.1/AV:L/AC:H/PR:L/UI:N/S:U/C:H/I:H/A:H,0.2564,0.00157,0,local
CVE-2026-48284,9.6,CVSS:3.1/AV:A/AC:L/PR:N/UI:N/S:C/C:H/I:H/A:H,0.7179,0.00492,0,rce
CVE-2026-48437,5.5,CVSS:3.1/AV:L/AC:L/PR:N/UI:R/S:U/C:N/I:H/A:N,0.4615,0.00154,0,local
CVE-2026-48449,9.8,CVSS:3.1/AV:N/AC:L/PR:N/UI:N/S:U/C:H/I:H/A:H,1.0,0.01166,0,rce
CVE-2026-48581,7.8,CVSS:3.1/AV:L/AC:L/PR:L/UI:N/S:U/C:H/I:H/A:H,0.4615,0.00298,0,local
CVE-2026-48725,8.1,CVSS:3.1/AV:N/AC:L/PR:N/UI:R/S:U/C:H/I:H/A:N,0.7179,0.00378,0,rce
CVE-2026-48965,6.5,CVSS:3.1/AV:N/AC:L/PR:N/UI:N/S:U/C:N/I:L/A:L,1.0,0.00351,0,info
CVE-2026-49080,9.3,CVSS:3.1/AV:N/AC:L/PR:N/UI:N/S:C/C:H/I:N/A:L,1.0,0.004,0,info
CVE-2026-4916,2.7,CVSS:3.1/AV:N/AC:L/PR:H/UI:N/S:U/C:N/I:L/A:N,0.3077,0.00439,0,info
CVE-2026-49176,7.8,CVSS:3.1/AV:L/AC:L/PR:L/UI:N/S:U/C:H/I:H/A:H,0.4615,0.00328,0,local
CVE-2026-49342,5.3,CVSS:3.1/AV:N/AC:L/PR:N/UI:N/S:U/C:L/I:N/A:N,1.0,0.00403,0,info
CVE-2026-49373,8.8,CVSS:3.1/AV:N/AC:L/PR:L/UI:N/S:U/C:H/I:H/A:H,0.7179,0.00599,0,rce
CVE-2026-49498,8.8,CVSS:3.1/AV:N/AC:L/PR:L/UI:N/S:U/C:H/I:H/A:H,0.7179,0.00471,0,rce
CVE-2026-49919,7.8,CVSS:3.1/AV:L/AC:L/PR:L/UI:N/S:U/C:H/I:H/A:H,0.4615,0.00122,0,local
CVE-2026-49932,7.8,CVSS:3.1/AV:L/AC:L/PR:L/UI:N/S:U/C:H/I:H/A:H,0.4615,0.00096,0,local
CVE-2026-50014,7.3,CVSS:3.1/AV:N/AC:L/PR:L/UI:R/S:U/C:H/I:H/A:N,0.5385,0.00318,0,rce
CVE-2026-50229,6.1,CVSS:3.1/AV:N/AC:L/PR:N/UI:R/S:C/C:L/I:L/A:N,0.7179,0.04091,0,info
CVE-2026-50423,7.8,CVSS:3.1/AV:L/AC:L/PR:L/UI:N/S:U/C:H/I:H/A:H,0.4615,0.00298,0,local
CVE-2026-5074,6.5,CVSS:3.1/AV:N/AC:L/PR:L/UI:N/S:U/C:H/I:N/A:N,0.7179,0.00379,0,info
CVE-2026-50751,9.3,CVSS:3.1/AV:N/AC:L/PR:N/UI:N/S:C/C:H/I:L/A:N,1.0,0.06301,1,info
CVE-2026-5108,4.4,CVSS:3.1/AV:N/AC:H/PR:H/UI:N/S:C/C:L/I:L/A:N,0.3333,0.00311,0,info
CVE-2026-5142,6.5,CVSS:3.1/AV:N/AC:L/PR:L/UI:N/S:U/C:H/I:N/A:N,0.7179,0.00445,0,info
CVE-2026-51613,4.3,CVSS:3.1/AV:A/AC:L/PR:N/UI:N/S:U/C:L/I:N/A:N,0.7179,0.00291,0,info
CVE-2026-5194,9.1,CVSS:3.1/AV:N/AC:L/PR:N/UI:N/S:U/C:H/I:H/A:N,1.0,0.00274,0,rce
CVE-2026-52296,2.9,CVSS:3.1/AV:L/AC:H/PR:N/UI:N/S:U/C:N/I:N/A:L,0.359,0.00155,0,local
CVE-2026-52692,7.5,CVSS:3.1/AV:N/AC:L/PR:N/UI:N/S:U/C:H/I:N/A:N,1.0,0.00416,0,info
CVE-2026-52707,8.1,CVSS:3.1/AV:N/AC:H/PR:N/UI:N/S:U/C:H/I:H/A:H,0.5641,0.00525,0,rce
CVE-2026-52909,7.8,CVSS:3.1/AV:L/AC:L/PR:L/UI:N/S:U/C:H/I:H/A:H,0.4615,0.0012,0,local
CVE-2026-52911,8.8,CVSS:3.1/AV:N/AC:L/PR:L/UI:N/S:U/C:H/I:H/A:H,0.7179,0.00663,0,rce
CVE-2026-53070,7.5,CVSS:3.1/AV:N/AC:L/PR:N/UI:N/S:U/C:N/I:N/A:H,1.0,0.0063,0,info
CVE-2026-53147,8.1,CVSS:3.1/AV:A/AC:L/PR:N/UI:N/S:U/C:H/I:N/A:H,0.7179,0.00268,0,info
CVE-2026-53267,7.8,CVSS:3.1/AV:L/AC:L/PR:L/UI:N/S:U/C:H/I:H/A:H,0.4615,0.0012,0,local
CVE-2026-53362,7.8,CVSS:3.1/AV:L/AC:L/PR:L/UI:N/S:U/C:H/I:H/A:H,0.4615,0.00709,1,local
CVE-2026-53595,9.4,CVSS:3.1/AV:N/AC:L/PR:N/UI:N/S:U/C:H/I:H/A:L,1.0,0.01945,0,rce
CVE-2026-53904,7.1,CVSS:3.1/AV:N/AC:L/PR:L/UI:N/S:U/C:L/I:N/A:H,0.7179,0.00341,0,info
CVE-2026-5430,10.0,CVSS:3.1/AV:N/AC:L/PR:N/UI:N/S:C/C:H/I:H/A:H,1.0,0.0058,1,rce
CVE-2026-54609,8.6,CVSS:3.1/AV:N/AC:L/PR:N/UI:N/S:C/C:N/I:N/A:H,1.0,0.0046,0,info
CVE-2026-54632,7.5,CVSS:3.1/AV:N/AC:L/PR:N/UI:N/S:U/C:N/I:N/A:H,1.0,0.00718,0,info
CVE-2026-55390,7.5,CVSS:3.1/AV:N/AC:L/PR:N/UI:N/S:U/C:H/I:N/A:N,1.0,0.0053,0,info
CVE-2026-55638,8.6,CVSS:3.1/AV:N/AC:L/PR:N/UI:N/S:U/C:L/I:L/A:H,1.0,0.00611,0,info
CVE-2026-55727,7.5,CVSS:3.1/AV:N/AC:L/PR:N/UI:N/S:U/C:H/I:N/A:N,1.0,0.005,0,info
CVE-2026-55747,6.8,CVSS:3.1/AV:N/AC:H/PR:N/UI:R/S:U/C:H/I:H/A:N,0.4103,0.00349,0,rce
CVE-2026-55825,3.1,CVSS:3.1/AV:N/AC:H/PR:L/UI:N/S:U/C:L/I:N/A:N,0.4103,0.00296,0,info
CVE-2026-55830,8.3,CVSS:3.1/AV:N/AC:L/PR:H/UI:R/S:C/C:H/I:H/A:L,0.4359,0.00401,0,rce
CVE-2026-5589,6.3,CVSS:3.1/AV:N/AC:L/PR:L/UI:N/S:U/C:L/I:L/A:L,0.7179,0.00362,0,info
CVE-2026-55891,0.0,CVSS:3.1/AV:N/AC:L/PR:N/UI:N/S:U/C:N/I:N/A:N,1.0,0.00539,0,info
CVE-2026-56099,5.3,CVSS:3.1/AV:N/AC:L/PR:N/UI:N/S:U/C:L/I:N/A:N,1.0,0.005,0,info
CVE-2026-56301,5.5,CVSS:3.1/AV:L/AC:L/PR:L/UI:N/S:U/C:H/I:N/A:N,0.4615,0.00149,0,local
CVE-2026-56323,7.5,CVSS:3.1/AV:N/AC:L/PR:N/UI:N/S:U/C:H/I:N/A:N,1.0,0.00638,0,info
CVE-2026-56341,7.5,CVSS:3.1/AV:N/AC:L/PR:N/UI:N/S:U/C:H/I:N/A:N,1.0,0.00459,0,info
CVE-2026-56352,6.4,CVSS:3.1/AV:N/AC:L/PR:L/UI:N/S:C/C:L/I:L/A:N,0.7949,0.00328,0,info
CVE-2026-56657,6.2,CVSS:3.1/AV:L/AC:L/PR:N/UI:N/S:U/C:N/I:N/A:H,0.641,0.00174,0,local
CVE-2026-57760,5.3,CVSS:3.1/AV:N/AC:L/PR:N/UI:N/S:U/C:N/I:L/A:N,1.0,0.00294,0,info
CVE-2026-58063,5.3,CVSS:3.1/AV:N/AC:L/PR:N/UI:N/S:U/C:N/I:N/A:L,1.0,0.00423,0,info
CVE-2026-58149,5.3,CVSS:3.1/AV:N/AC:L/PR:N/UI:N/S:U/C:L/I:N/A:N,1.0,0.00345,0,info
CVE-2026-58179,9.8,CVSS:3.1/AV:N/AC:L/PR:N/UI:N/S:U/C:H/I:H/A:H,1.0,0.00595,0,rce
CVE-2026-58251,6.5,CVSS:3.1/AV:N/AC:L/PR:L/UI:N/S:U/C:H/I:N/A:N,0.7179,0.00463,0,info
CVE-2026-58370,8.1,CVSS:3.1/AV:N/AC:H/PR:N/UI:N/S:U/C:H/I:H/A:H,0.5641,0.00719,0,rce
CVE-2026-58631,7.8,CVSS:3.1/AV:L/AC:L/PR:L/UI:N/S:U/C:H/I:H/A:H,0.4615,0.00298,0,local
CVE-2026-58653,4.3,CVSS:3.1/AV:N/AC:L/PR:L/UI:N/S:U/C:N/I:L/A:N,0.7179,0.00264,0,info
CVE-2026-58822,9.8,CVSS:3.1/AV:N/AC:L/PR:N/UI:N/S:U/C:H/I:H/A:H,1.0,0.00382,0,rce
CVE-2026-59543,9.9,CVSS:3.1/AV:N/AC:L/PR:L/UI:N/S:C/C:H/I:H/A:H,0.7949,0.00789,0,rce
CVE-2026-59950,8.1,CVSS:3.1/AV:N/AC:L/PR:N/UI:R/S:U/C:H/I:H/A:N,0.7179,0.00231,0,rce
CVE-2026-6028,9.8,CVSS:3.1/AV:N/AC:L/PR:N/UI:N/S:U/C:H/I:H/A:H,1.0,0.03253,0,rce
CVE-2026-60377,9.9,CVSS:3.1/AV:N/AC:L/PR:L/UI:N/S:C/C:H/I:H/A:L,0.7949,0.00387,0,rce
CVE-2026-60421,8.2,CVSS:3.1/AV:N/AC:H/PR:L/UI:N/S:C/C:H/I:H/A:N,0.4615,0.00289,0,rce
CVE-2026-60531,9.9,CVSS:3.1/AV:N/AC:L/PR:L/UI:N/S:C/C:H/I:H/A:H,0.7949,0.00432,0,rce
CVE-2026-60670,8.1,CVSS:3.1/AV:N/AC:H/PR:N/UI:N/S:U/C:H/I:H/A:H,0.5641,0.00392,0,rce
CVE-2026-60915,7.4,CVSS:3.1/AV:N/AC:H/PR:N/UI:N/S:U/C:H/I:H/A:N,0.5641,0.0034,0,rce
CVE-2026-60990,9.9,CVSS:3.1/AV:N/AC:L/PR:L/UI:N/S:C/C:H/I:H/A:H,0.7949,0.00432,0,rce
CVE-2026-61184,9.1,CVSS:3.1/AV:N/AC:L/PR:N/UI:N/S:U/C:H/I:H/A:N,1.0,0.00425,0,rce
CVE-2026-6149,7.3,CVSS:3.1/AV:N/AC:L/PR:N/UI:N/S:U/C:L/I:L/A:L,1.0,0.00411,0,info
CVE-2026-61594,9.1,CVSS:3.1/AV:N/AC:L/PR:N/UI:N/S:U/C:H/I:H/A:N,1.0,0.00485,0,rce
CVE-2026-61685,7.5,CVSS:3.1/AV:N/AC:L/PR:N/UI:N/S:U/C:H/I:N/A:N,1.0,0.00535,0,info
CVE-2026-62534,8.8,CVSS:3.1/AV:N/AC:L/PR:L/UI:N/S:U/C:H/I:H/A:H,0.7179,0.00432,0,rce
CVE-2026-62776,7.8,CVSS:3.1/AV:L/AC:L/PR:L/UI:N/S:U/C:H/I:H/A:H,0.4615,0.0037,0,local
CVE-2026-63358,7.3,CVSS:3.1/AV:L/AC:L/PR:L/UI:N/S:U/C:H/I:H/A:L,0.4615,0.00169,0,local
CVE-2026-63855,7.8,CVSS:3.1/AV:L/AC:L/PR:L/UI:N/S:U/C:H/I:H/A:H,0.4615,0.00175,0,local
CVE-2026-64165,5.5,CVSS:3.1/AV:L/AC:L/PR:L/UI:N/S:U/C:N/I:N/A:H,0.4615,0.00162,0,local
CVE-2026-64198,7.3,CVSS:3.1/AV:L/AC:L/PR:L/UI:R/S:U/C:H/I:H/A:H,0.3333,0.00158,0,local
CVE-2026-64582,7.8,CVSS:3.1/AV:L/AC:L/PR:L/UI:N/S:U/C:H/I:H/A:H,0.4615,0.0013,0,local
CVE-2026-64806,8.4,CVSS:3.1/AV:L/AC:L/PR:N/UI:N/S:U/C:H/I:H/A:H,0.641,0.00192,0,local
CVE-2026-65377,5.5,CVSS:3.1/AV:L/AC:L/PR:L/UI:N/S:U/C:N/I:N/A:H,0.4615,0.00158,0,local
CVE-2026-65540,7.1,CVSS:3.1/AV:N/AC:L/PR:N/UI:R/S:C/C:L/I:L/A:L,0.7179,0.00128,0,info
CVE-2026-65779,7.0,CVSS:3.1/AV:L/AC:H/PR:L/UI:N/S:U/C:H/I:H/A:H,0.2564,0.00264,0,local
CVE-2026-66032,8.8,CVSS:3.1/AV:N/AC:L/PR:N/UI:R/S:U/C:H/I:H/A:H,0.7179,0.00448,0,rce
CVE-2026-66384,5.3,CVSS:3.1/AV:N/AC:H/PR:L/UI:N/S:U/C:N/I:H/A:N,0.4103,0.00665,1,rce
CVE-2026-66475,5.9,CVSS:3.1/AV:N/AC:L/PR:H/UI:R/S:C/C:L/I:L/A:L,0.4359,0.0024,0,info
CVE-2026-66688,6.5,CVSS:3.1/AV:N/AC:L/PR:L/UI:R/S:C/C:L/I:L/A:L,0.5897,0.00224,0,info
CVE-2026-66902,9.8,CVSS:3.1/AV:N/AC:L/PR:N/UI:N/S:U/C:H/I:H/A:H,1.0,0.00702,0,rce
CVE-2026-67192,8.1,CVSS:3.1/AV:N/AC:H/PR:N/UI:N/S:U/C:H/I:H/A:H,0.5641,0.01025,0,rce
CVE-2026-67277,8.2,CVSS:3.1/AV:N/AC:L/PR:N/UI:N/S:U/C:L/I:N/A:H,1.0,0.0156,1,info
CVE-2026-67678,9.8,CVSS:3.1/AV:N/AC:L/PR:N/UI:N/S:U/C:H/I:H/A:H,1.0,0.00857,0,rce
CVE-2026-68387,7.8,CVSS:3.1/AV:L/AC:L/PR:L/UI:N/S:U/C:H/I:H/A:H,0.4615,0.00173,0,local
CVE-2026-68390,8.8,CVSS:3.1/AV:A/AC:L/PR:N/UI:N/S:U/C:H/I:H/A:H,0.7179,0.0034,0,rce
CVE-2026-68842,5.5,CVSS:3.1/AV:L/AC:L/PR:L/UI:N/S:U/C:H/I:N/A:N,0.4615,0.00479,0,local
CVE-2026-68900,7.6,CVSS:3.1/AV:N/AC:L/PR:L/UI:R/S:C/C:H/I:L/A:N,0.5897,0.0035,0,info
CVE-2026-69427,8.0,CVSS:3.1/AV:N/AC:L/PR:L/UI:R/S:U/C:H/I:H/A:H,0.5385,0.00768,0,rce
CVE-2026-6947,7.5,CVSS:3.1/AV:N/AC:L/PR:N/UI:N/S:U/C:N/I:H/A:N,1.0,0.00542,0,rce
CVE-2026-70145,5.5,CVSS:3.1/AV:L/AC:L/PR:L/UI:N/S:U/C:H/I:N/A:N,0.4615,0.00404,0,local
CVE-2026-70314,5.5,CVSS:3.1/AV:L/AC:L/PR:N/UI:R/S:U/C:H/I:N/A:N,0.4615,0.00541,0,local
CVE-2026-70446,4.3,CVSS:3.1/AV:N/AC:L/PR:L/UI:N/S:U/C:L/I:N/A:N,0.7179,0.0027,0,info
CVE-2026-70455,7.5,CVSS:3.1/AV:N/AC:L/PR:N/UI:N/S:U/C:N/I:N/A:H,1.0,0.00783,0,info
CVE-2026-70609,5.7,CVSS:3.1/AV:N/AC:H/PR:H/UI:R/S:U/C:H/I:H/A:N,0.1282,0.0055,0,rce
CVE-2026-70612,5.4,CVSS:3.1/AV:N/AC:H/PR:N/UI:N/S:C/C:L/I:L/A:N,0.5641,0.00443,0,info
CVE-2026-70626,6.2,CVSS:3.1/AV:L/AC:L/PR:N/UI:N/S:U/C:H/I:N/A:N,0.641,0.002,0,local
CVE-2026-70748,9.8,CVSS:3.1/AV:N/AC:L/PR:N/UI:N/S:U/C:H/I:H/A:H,1.0,0.00483,0,rce
CVE-2026-70782,8.1,CVSS:3.1/AV:N/AC:L/PR:L/UI:N/S:U/C:H/I:H/A:N,0.7179,0.00362,0,rce
CVE-2026-70823,7.4,CVSS:3.1/AV:N/AC:H/PR:N/UI:N/S:U/C:H/I:H/A:N,0.5641,0.0034,0,rce
CVE-2026-70895,6.5,CVSS:3.1/AV:L/AC:L/PR:L/UI:N/S:C/C:H/I:N/A:N,0.5128,0.00154,0,local
CVE-2026-71024,8.2,CVSS:3.1/AV:N/AC:L/PR:N/UI:N/S:U/C:H/I:N/A:L,1.0,0.00443,0,info
CVE-2026-71099,7.2,CVSS:3.1/AV:N/AC:L/PR:H/UI:N/S:U/C:H/I:H/A:H,0.3077,0.00486,0,rce
CVE-2026-71642,4.0,CVSS:3.1/AV:L/AC:L/PR:N/UI:N/S:U/C:N/I:N/A:L,0.641,0.00175,0,local
CVE-2026-71923,7.2,CVSS:3.1/AV:N/AC:L/PR:H/UI:N/S:U/C:H/I:H/A:H,0.3077,0.02265,0,rce
CVE-2026-71951,9.8,CVSS:3.1/AV:N/AC:L/PR:N/UI:N/S:U/C:H/I:H/A:H,1.0,0.03168,0,rce
CVE-2026-71965,8.8,CVSS:3.1/AV:N/AC:L/PR:L/UI:N/S:U/C:H/I:H/A:H,0.7179,0.00473,0,rce
CVE-2026-72175,7.1,CVSS:3.1/AV:L/AC:L/PR:L/UI:N/S:U/C:H/I:H/A:N,0.4615,0.00171,0,local
CVE-2026-72570,5.4,CVSS:3.1/AV:N/AC:L/PR:L/UI:R/S:C/C:L/I:L/A:N,0.5897,0.00235,0,info
CVE-2026-72649,8.8,CVSS:3.1/AV:N/AC:L/PR:L/UI:N/S:U/C:H/I:H/A:H,0.7179,0.00918,0,rce
CVE-2026-72689,7.5,CVSS:3.1/AV:N/AC:L/PR:N/UI:N/S:U/C:H/I:N/A:N,1.0,0.00526,0,info
CVE-2026-72691,7.5,CVSS:3.1/AV:N/AC:L/PR:N/UI:N/S:U/C:H/I:N/A:N,1.0,0.00647,0,info
CVE-2026-72914,7.5,CVSS:3.1/AV:N/AC:L/PR:N/UI:N/S:U/C:N/I:N/A:H,1.0,0.00827,0,info
CVE-2026-72939,6.5,CVSS:3.1/AV:N/AC:L/PR:L/UI:N/S:U/C:N/I:N/A:H,0.7179,0.01138,0,info
CVE-2026-73489,4.3,CVSS:3.1/AV:N/AC:L/PR:L/UI:N/S:U/C:N/I:N/A:L,0.7179,0.00451,0,info
CVE-2026-73655,7.4,CVSS:3.1/AV:N/AC:H/PR:N/UI:N/S:U/C:H/I:H/A:N,0.5641,0.00471,0,rce
CVE-2026-73827,5.4,CVSS:3.0/AV:N/AC:L/PR:L/UI:R/S:C/C:L/I:L/A:N,0.5897,0.00236,0,info
CVE-2026-73895,5.3,CVSS:3.1/AV:N/AC:L/PR:N/UI:N/S:U/C:L/I:N/A:N,1.0,0.00319,0,info
CVE-2026-73959,8.8,CVSS:3.1/AV:N/AC:L/PR:L/UI:N/S:U/C:H/I:H/A:H,0.7179,0.00432,0,rce
CVE-2026-74268,9.8,CVSS:3.1/AV:N/AC:L/PR:N/UI:N/S:U/C:H/I:H/A:H,1.0,0.00755,0,rce
CVE-2026-74365,7.3,CVSS:3.1/AV:L/AC:L/PR:L/UI:N/S:U/C:H/I:H/A:L,0.4615,0.0018,0,local
CVE-2026-74584,7.1,CVSS:3.1/AV:L/AC:L/PR:N/UI:N/S:C/C:H/I:N/A:N,0.641,0.00182,0,local
CVE-2026-74625,7.5,CVSS:3.1/AV:N/AC:L/PR:N/UI:N/S:U/C:N/I:N/A:H,1.0,0.00716,0,info
CVE-2026-74663,7.8,CVSS:3.1/AV:L/AC:L/PR:L/UI:N/S:U/C:H/I:H/A:H,0.4615,0.00176,0,local
CVE-2026-74704,8.2,CVSS:3.1/AV:N/AC:L/PR:N/UI:N/S:U/C:L/I:N/A:H,1.0,0.00633,0,info
CVE-2026-7488,7.5,CVSS:3.1/AV:N/AC:L/PR:N/UI:N/S:U/C:H/I:N/A:N,1.0,0.00416,0,info
CVE-2026-7489,8.8,CVSS:3.1/AV:N/AC:L/PR:L/UI:N/S:U/C:H/I:H/A:H,0.7179,0.0055,0,rce
CVE-2026-74941,8.8,CVSS:3.1/AV:N/AC:L/PR:N/UI:R/S:U/C:H/I:H/A:H,0.7179,0.00483,0,rce
CVE-2026-74955,8.8,CVSS:3.1/AV:N/AC:L/PR:N/UI:R/S:U/C:H/I:H/A:H,0.7179,0.00415,0,rce
CVE-2026-75037,7.0,CVSS:3.1/AV:L/AC:H/PR:L/UI:N/S:U/C:H/I:H/A:H,0.2564,0.00159,0,local
CVE-2026-75784,10.0,CVSS:3.1/AV:N/AC:L/PR:N/UI:N/S:C/C:H/I:H/A:H,1.0,0.01096,0,rce
CVE-2026-75854,9.8,CVSS:3.1/AV:N/AC:L/PR:N/UI:N/S:U/C:H/I:H/A:H,1.0,0.00887,0,rce
CVE-2026-75927,7.2,CVSS:3.1/AV:N/AC:L/PR:H/UI:N/S:U/C:H/I:H/A:H,0.3077,0.00639,0,rce
CVE-2026-76057,4.3,CVSS:3.1/AV:N/AC:L/PR:L/UI:N/S:U/C:L/I:N/A:N,0.7179,0.00442,0,info
CVE-2026-76063,6.4,CVSS:3.1/AV:N/AC:L/PR:L/UI:N/S:C/C:L/I:L/A:N,0.7949,0.00349,0,info
CVE-2026-76190,8.6,CVSS:3.1/AV:N/AC:L/PR:N/UI:N/S:C/C:N/I:H/A:N,1.0,0.00828,0,rce
CVE-2026-76556,6.8,CVSS:3.1/AV:N/AC:L/PR:H/UI:N/S:C/C:H/I:N/A:N,0.5897,0.00391,0,info
CVE-2026-77076,6.5,CVSS:3.1/AV:N/AC:L/PR:L/UI:N/S:U/C:H/I:N/A:N,0.7179,0.00492,0,info
CVE-2026-7725,6.3,CVSS:3.1/AV:N/AC:L/PR:L/UI:N/S:U/C:L/I:L/A:L,0.7179,0.00423,0,info
CVE-2026-77898,7.5,CVSS:3.1/AV:N/AC:H/PR:N/UI:R/S:U/C:H/I:H/A:H,0.4103,0.00608,0,rce
CVE-2026-78112,6.3,CVSS:3.1/AV:N/AC:L/PR:L/UI:N/S:U/C:L/I:L/A:L,0.7179,0.00333,0,info
CVE-2026-78148,5.3,CVSS:3.1/AV:N/AC:L/PR:N/UI:N/S:U/C:N/I:N/A:L,1.0,0.00724,0,info
CVE-2026-78224,8.2,CVSS:3.1/AV:N/AC:L/PR:N/UI:N/S:U/C:H/I:N/A:L,1.0,0.00437,0,info
CVE-2026-78263,7.1,CVSS:3.1/AV:N/AC:L/PR:N/UI:R/S:C/C:L/I:L/A:L,0.7179,0.00251,0,info
CVE-2026-7916,8.3,CVSS:3.1/AV:N/AC:H/PR:N/UI:R/S:C/C:H/I:H/A:H,0.4103,0.003,0,rce
CVE-2026-79738,7.5,CVSS:3.1/AV:N/AC:L/PR:N/UI:N/S:U/C:H/I:N/A:N,1.0,0.00406,0,info
CVE-2026-80151,9.1,CVSS:3.1/AV:N/AC:L/PR:H/UI:N/S:C/C:H/I:H/A:H,0.5897,0.02678,0,rce
CVE-2026-80630,9.8,CVSS:3.1/AV:N/AC:L/PR:N/UI:N/S:U/C:H/I:H/A:H,1.0,0.00755,0,rce
CVE-2026-81094,9.1,CVSS:3.1/AV:N/AC:L/PR:N/UI:N/S:U/C:H/I:H/A:N,1.0,0.00609,0,rce
CVE-2026-81578,9.8,CVSS:3.1/AV:N/AC:L/PR:N/UI:N/S:U/C:H/I:H/A:H,1.0,0.04481,1,rce
CVE-2026-81823,5.3,CVSS:3.1/AV:N/AC:L/PR:N/UI:N/S:U/C:L/I:N/A:N,1.0,0.00384,0,info
CVE-2026-81878,5.5,CVSS:3.1/AV:L/AC:L/PR:N/UI:R/S:U/C:N/I:N/A:H,0.4615,0.00207,0,local
CVE-2026-81952,8.8,CVSS:3.1/AV:N/AC:L/PR:N/UI:R/S:U/C:H/I:H/A:H,0.7179,0.00819,0,rce
CVE-2026-82005,7.8,CVSS:3.1/AV:L/AC:L/PR:N/UI:R/S:U/C:H/I:H/A:H,0.4615,0.00256,0,local
CVE-2026-82078,9.1,CVSS:3.1/AV:N/AC:L/PR:H/UI:N/S:C/C:H/I:H/A:H,0.5897,0.03843,1,rce
CVE-2026-82224,7.1,CVSS:3.1/AV:N/AC:L/PR:N/UI:R/S:C/C:L/I:L/A:L,0.7179,0.00251,0,info
CVE-2026-82329,9.8,CVSS:3.1/AV:N/AC:L/PR:N/UI:N/S:U/C:H/I:H/A:H,1.0,0.14121,1,rce
CVE-2026-8238,5.3,CVSS:3.1/AV:N/AC:L/PR:N/UI:N/S:U/C:L/I:N/A:N,1.0,0.00336,0,info
CVE-2026-82598,7.3,CVSS:3.1/AV:N/AC:L/PR:N/UI:N/S:U/C:L/I:L/A:L,1.0,0.00516,0,info
CVE-2026-82631,2.2,CVSS:3.1/AV:N/AC:H/PR:H/UI:N/S:U/C:N/I:N/A:L,0.1795,0.00553,0,info
CVE-2026-82656,2.6,CVSS:3.1/AV:N/AC:H/PR:L/UI:R/S:U/C:N/I:L/A:N,0.3077,0.00437,0,info
CVE-2026-82850,4.3,CVSS:3.1/AV:N/AC:L/PR:L/UI:N/S:U/C:L/I:N/A:N,0.7179,0.00176,0,info
CVE-2026-82856,9.8,CVSS:3.1/AV:N/AC:L/PR:N/UI:N/S:U/C:H/I:H/A:H,1.0,0.00512,0,rce
CVE-2026-83040,9.6,CVSS:3.1/AV:N/AC:L/PR:N/UI:R/S:C/C:H/I:H/A:H,0.7179,0.00416,0,rce
CVE-2026-83317,7.8,CVSS:3.1/AV:L/AC:L/PR:L/UI:N/S:U/C:H/I:H/A:H,0.4615,0.00144,0,local
CVE-2026-83439,8.1,CVSS:3.1/AV:N/AC:L/PR:L/UI:N/S:U/C:H/I:H/A:N,0.7179,0.0035,0,rce
CVE-2026-83532,6.8,CVSS:3.1/AV:N/AC:L/PR:H/UI:R/S:U/C:H/I:H/A:H,0.2308,0.00431,0,rce
CVE-2026-84073,9.1,CVSS:3.1/AV:N/AC:L/PR:L/UI:N/S:C/C:H/I:L/A:L,0.7949,0.00427,0,info
CVE-2026-84683,8.7,CVSS:3.1/AV:N/AC:L/PR:L/UI:R/S:C/C:H/I:H/A:N,0.5897,0.00256,0,rce
CVE-2026-84694,8.8,CVSS:3.1/AV:N/AC:L/PR:L/UI:N/S:U/C:H/I:H/A:H,0.7179,0.00845,0,rce
CVE-2026-8474,5.3,CVSS:3.1/AV:N/AC:L/PR:N/UI:N/S:U/C:N/I:L/A:N,1.0,0.00305,0,info
CVE-2026-84781,6.5,CVSS:3.1/AV:N/AC:L/PR:L/UI:R/S:C/C:L/I:L/A:L,0.5897,0.00224,0,info
CVE-2026-84808,4.3,CVSS:3.1/AV:N/AC:L/PR:L/UI:N/S:U/C:L/I:N/A:N,0.7179,0.00305,0,info
CVE-2026-85147,7.5,CVSS:3.1/AV:N/AC:L/PR:N/UI:N/S:U/C:H/I:N/A:N,1.0,0.00329,0,info
CVE-2026-85157,5.3,CVSS:3.1/AV:N/AC:L/PR:N/UI:N/S:U/C:L/I:N/A:N,1.0,0.00343,0,info
CVE-2026-8541,5.3,CVSS:3.1/AV:N/AC:H/PR:N/UI:R/S:U/C:H/I:N/A:N,0.4103,0.00264,0,info
CVE-2026-8561,5.4,CVSS:3.1/AV:N/AC:L/PR:N/UI:R/S:U/C:L/I:N/A:L,0.7179,0.00236,0,info
CVE-2026-8564,4.2,CVSS:3.1/AV:N/AC:H/PR:N/UI:R/S:U/C:L/I:N/A:L,0.4103,0.00209,0,info
CVE-2026-86277,7.3,CVSS:3.1/AV:N/AC:L/PR:N/UI:N/S:U/C:L/I:L/A:L,1.0,0.0052,0,info
CVE-2026-8649,9.8,CVSS:3.1/AV:N/AC:L/PR:N/UI:N/S:U/C:H/I:H/A:H,1.0,0.00463,0,rce
CVE-2026-86713,7.1,CVSS:3.1/AV:A/AC:L/PR:N/UI:N/S:U/C:N/I:L/A:H,0.7179,0.00384,0,info
CVE-2026-86938,7.3,CVSS:3.1/AV:L/AC:L/PR:L/UI:R/S:U/C:H/I:H/A:H,0.3333,0.001,0,local
CVE-2026-87026,3.8,CVSS:3.1/AV:N/AC:L/PR:H/UI:N/S:U/C:L/I:L/A:N,0.3077,0.00255,0,info
CVE-2026-87035,4.3,CVSS:3.1/AV:N/AC:L/PR:L/UI:N/S:U/C:L/I:N/A:N,0.7179,0.00301,0,info
CVE-2026-87155,8.8,CVSS:3.1/AV:N/AC:L/PR:L/UI:N/S:U/C:H/I:H/A:H,0.7179,0.00432,0,rce
CVE-2026-87200,8.2,CVSS:3.1/AV:N/AC:L/PR:N/UI:N/S:U/C:N/I:H/A:L,1.0,0.004,0,rce
CVE-2026-87230,10.0,CVSS:3.1/AV:N/AC:L/PR:N/UI:N/S:C/C:H/I:H/A:N,1.0,0.00425,0,rce
CVE-2026-87491,8.8,CVSS:3.1/AV:N/AC:L/PR:N/UI:R/S:U/C:H/I:H/A:H,0.7179,0.03142,1,rce
CVE-2026-8752,5.3,CVSS:3.1/AV:N/AC:L/PR:N/UI:N/S:U/C:N/I:L/A:N,1.0,0.00543,0,info
CVE-2026-87523,5.3,CVSS:3.1/AV:N/AC:H/PR:N/UI:R/S:U/C:H/I:N/A:N,0.4103,0.00237,0,info
CVE-2026-87602,4.7,CVSS:3.1/AV:N/AC:L/PR:N/UI:R/S:C/C:L/I:N/A:N,0.7179,0.00259,0,info
CVE-2026-87641,4.2,CVSS:3.1/AV:N/AC:H/PR:N/UI:R/S:U/C:L/I:L/A:N,0.4103,0.00184,0,info
CVE-2026-88862,8.8,CVSS:3.1/AV:N/AC:L/PR:L/UI:N/S:U/C:H/I:H/A:H,0.7179,0.00442,0,rce
CVE-2026-89493,8.8,CVSS:3.1/AV:N/AC:L/PR:L/UI:N/S:U/C:H/I:H/A:H,0.7179,0.00678,0,rce
CVE-2026-89624,7.8,CVSS:3.1/AV:L/AC:L/PR:L/UI:N/S:U/C:H/I:H/A:H,0.4615,0.0017,0,local
CVE-2026-89754,7.8,CVSS:3.1/AV:L/AC:L/PR:L/UI:N/S:U/C:H/I:H/A:H,0.4615,0.00173,0,local
CVE-2026-89959,8.8,CVSS:3.1/AV:L/AC:L/PR:L/UI:N/S:C/C:H/I:H/A:H,0.5128,0.00176,0,local
CVE-2026-90237,7.8,CVSS:3.1/AV:L/AC:L/PR:L/UI:N/S:U/C:H/I:H/A:H,0.4615,0.00165,0,local
CVE-2026-90559,7.5,CVSS:3.1/AV:N/AC:L/PR:N/UI:N/S:U/C:N/I:N/A:H,1.0,0.0063,0,info
CVE-2026-90566,7.3,CVSS:3.1/AV:N/AC:L/PR:N/UI:N/S:U/C:L/I:L/A:L,1.0,0.00472,0,info
CVE-2026-90701,7.3,CVSS:3.1/AV:N/AC:L/PR:N/UI:N/S:U/C:L/I:L/A:L,1.0,0.00431,0,info
CVE-2026-90930,6.8,CVSS:3.1/AV:N/AC:H/PR:L/UI:N/S:U/C:H/I:H/A:N,0.4103,0.005,0,rce
CVE-2026-91737,8.8,CVSS:3.1/AV:N/AC:L/PR:N/UI:R/S:U/C:H/I:H/A:H,0.7179,0.00339,0,rce
CVE-2026-92014,8.8,CVSS:3.1/AV:N/AC:L/PR:N/UI:R/S:U/C:H/I:H/A:H,0.7179,0.00255,0,rce
CVE-2026-92701,9.1,CVSS:3.1/AV:N/AC:L/PR:N/UI:N/S:U/C:H/I:H/A:N,1.0,0.00266,0,rce
CVE-2026-92760,6.5,CVSS:3.1/AV:N/AC:L/PR:L/UI:N/S:U/C:H/I:N/A:N,0.7179,0.00415,0,info
CVE-2026-9383,7.3,CVSS:3.1/AV:N/AC:L/PR:N/UI:N/S:U/C:L/I:L/A:L,1.0,0.00411,0,info
CVE-2026-9387,9.8,CVSS:3.1/AV:N/AC:L/PR:N/UI:N/S:U/C:H/I:H/A:H,1.0,0.03253,0,rce
CVE-2026-9586,9.8,CVSS:3.1/AV:N/AC:L/PR:N/UI:N/S:U/C:H/I:H/A:H,1.0,0.18979,1,rce
CVE-2026-96772,5.3,CVSS:3.1/AV:N/AC:L/PR:N/UI:N/S:U/C:L/I:N/A:N,1.0,0.00292,0,info
CVE-2026-9702,7.5,CVSS:3.1/AV:N/AC:L/PR:N/UI:N/S:U/C:N/I:H/A:N,1.0,0.00358,0,rce
CVE-2026-97058,5.3,CVSS:3.1/AV:N/AC:L/PR:N/UI:N/S:U/C:N/I:N/A:L,1.0,0.00366,0,info
CVE-2026-97721,2.7,CVSS:3.1/AV:N/AC:L/PR:H/UI:N/S:U/C:L/I:N/A:N,0.3077,0.00236,0,info
CVE-2026-9895,8.3,CVSS:3.1/AV:N/AC:H/PR:N/UI:R/S:C/C:H/I:H/A:H,0.4103,0.00304,0,rce
CVE-2026-9933,7.5,CVSS:3.1/AV:N/AC:H/PR:N/UI:R/S:U/C:H/I:H/A:H,0.4103,0.00304,0,rce
CVE-2026-9944,3.1,CVSS:3.1/AV:N/AC:H/PR:N/UI:R/S:U/C:L/I:N/A:N,0.4103,0.00234,0,info
